2018/08/06 00:00:00   -3.529  -2.609  1015.76   3.193   2.513 0.999 1.516e-09    0.00  320.93
2018/08/06 03:00:00   -2.787  -3.914  1015.18   3.705   2.816 0.995 1.046e-09    0.00  318.88
2018/08/06 06:00:00   -5.083  -4.339  1015.25   4.046   2.969 0.746 3.548e-09   19.44  320.66
2018/08/06 09:00:00   -5.262  -4.373  1015.56   4.305   3.219 0.794 3.726e-10  209.02  296.75
2018/08/06 12:00:00   -4.155  -4.207  1015.52   4.877   3.940 0.160 5.261e-10  451.76  300.94
2018/08/06 15:00:00   -2.995  -6.422  1015.45   4.600   3.657 0.938 1.272e-10  592.28  271.25
2018/08/06 18:00:00   -3.524  -6.954  1015.37   4.479   3.370 0.972 3.197e-10  394.33  282.48
2018/08/06 21:00:00   -3.129  -8.103  1015.31   4.327   3.227 0.977 1.166e-10   83.00  305.64
2018/08/07 00:00:00   -3.860  -8.709  1015.43   4.275   3.304 1.000 2.801e-10    0.00  320.59
2018/08/07 03:00:00   -1.992  -8.617  1014.76   4.372   3.426 0.994 3.914e-10    0.00  325.01
2018/08/07 06:00:00   -1.735  -9.076  1014.66   4.532   3.308 0.980 1.636e-10   17.00  311.03
2018/08/07 09:00:00   -2.277  -7.895  1015.01   4.502   3.249 0.968 2.327e-10  150.21  308.92
2018/08/07 12:00:00   -2.434  -7.347  1014.44   4.068   3.422 0.997 4.241e-11  391.57  307.64
2018/08/07 15:00:00   -1.123  -6.492  1013.64   3.657   3.080 0.994 3.304e-10  493.97  313.71
2018/08/07 18:00:00   -0.776  -3.859  1013.05   3.427   3.122 0.962 1.436e-10  299.71  301.66
2018/08/07 21:00:00    1.925  -1.632  1012.29   3.031   2.880 1.000 1.051e-10   84.89  312.99
2018/08/08 00:00:00    5.263  -0.764  1011.32   2.634   2.522 1.000 2.225e-10    0.00  313.31
2018/08/08 03:00:00    6.262  -1.201  1009.82   3.452   2.751 0.840 7.813e-11    0.00  302.34
2018/08/08 06:00:00    6.709  -1.911  1008.42   3.655   2.728 0.854 3.001e-11   27.35  281.90
2018/08/08 09:00:00    5.387  -0.928  1008.12   3.781   2.635 0.555 1.059e-10  259.28  271.70
2018/08/08 12:00:00    4.578  -0.440  1007.12   3.805   2.609 0.645 5.829e-11  506.06  282.02
2018/08/08 15:00:00    4.780  -0.169  1006.12   3.716   2.882 0.958 8.830e-11  564.47  264.30
2018/08/08 18:00:00    3.729  -0.295  1005.38   2.645   2.514 1.000 4.068e-11  366.01  294.04
2018/08/08 21:00:00    2.670  -0.037  1005.48   1.917   1.831 1.000 9.643e-10   67.16  312.19
2018/08/09 00:00:00    2.499   1.720  1005.35   1.414   1.334 1.000 1.015e-09    0.00  309.00
2018/08/09 03:00:00    2.335   1.883  1005.81   1.122   1.053 1.000 9.615e-10    0.00  318.44
2018/08/09 06:00:00    2.898   2.891  1005.42   1.143   1.055 1.000 4.614e-10   13.78  309.87
2018/08/09 09:00:00    3.479   3.217  1006.47   1.402   1.228 1.000 1.077e-09  123.37  313.69
2018/08/09 12:00:00    4.273   3.540  1006.74   2.456   1.782 1.000 3.279e-10  290.12  318.67
2018/08/09 15:00:00    5.656   3.906  1007.26   3.064   2.228 1.000 4.971e-10  402.10  308.36
2018/08/09 18:00:00    5.215   3.517  1007.21   3.909   2.690 1.000 5.388e-10  219.93  322.89
2018/08/09 21:00:00    4.861   3.878  1007.86   4.616   3.531 0.997 7.312e-10   49.95  324.16
2018/08/10 00:00:00    2.331   3.565  1008.58   4.849   3.638 1.000 1.417e-09    0.00  323.96
2018/08/10 03:00:00    1.554   3.997  1008.75   4.993   3.810 0.986 1.037e-09    0.00  329.02
2018/08/10 06:00:00    1.251   3.702  1009.64   4.864   3.890 0.975 1.989e-09   12.96  321.78
2018/08/10 09:00:00    0.831   2.806  1010.63   4.810   4.013 0.993 1.438e-09  134.33  328.79
2018/08/10 12:00:00   -1.773   2.169  1011.35   5.543   4.870 0.988 6.883e-10  312.83  333.02
2018/08/10 15:00:00   -2.199   2.524  1011.76   5.742   5.099 0.996 3.269e-10  332.59  327.43
2018/08/10 18:00:00   -2.142   1.995  1011.88   5.646   5.018 0.994 1.233e-10  253.48  320.11
2018/08/10 21:00:00   -2.853   0.945  1012.55   5.486   4.759 1.000 5.241e-10   74.28  324.24
2018/08/11 00:00:00   -2.981   0.861  1012.53   5.275   4.853 0.997 3.845e-11    0.00  309.23
2018/08/11 03:00:00   -3.382   1.033  1012.35   5.238   4.814 0.965 2.828e-11    0.00  290.90
2018/08/11 06:00:00   -3.117   0.248  1012.68   5.215   4.712 0.892 0.000e+00   18.00  280.58
2018/08/11 09:00:00   -4.435  -0.123  1013.53   5.485   4.803 0.862 0.000e+00  252.51  276.10
2018/08/11 12:00:00   -5.078   0.043  1014.25   5.242   4.636 0.933 0.000e+00  477.54  285.45
2018/08/11 15:00:00   -4.007  -0.191  1015.10   5.347   4.755 0.961 0.000e+00  513.53  283.20
2018/08/11 18:00:00   -4.453  -1.825  1015.39   5.133   4.622 0.982 5.432e-11  333.74  286.93
2018/08/11 21:00:00   -4.252  -1.831  1015.42   4.913   4.385 0.924 6.574e-11   82.30  304.22
2018/08/12 00:00:00   -4.224  -2.163  1015.22   4.631   3.951 0.988 1.545e-10    0.00  297.75
2018/08/12 03:00:00   -3.368  -2.430  1014.61   4.558   3.960 0.973 3.187e-10    0.00  293.22
2018/08/12 06:00:00   -4.035  -1.905  1013.31   4.511   3.911 0.991 3.820e-10   15.36  297.29
2018/08/12 09:00:00   -3.671  -1.158  1013.28   4.617   4.011 0.684 4.234e-10  215.85  298.85
2018/08/12 12:00:00   -3.468  -1.384  1012.94   5.215   4.813 0.640 9.053e-11  463.29  285.58
2018/08/12 15:00:00   -2.995  -1.367  1012.29   5.295   4.884 0.986 1.166e-10  520.45  282.94
2018/08/12 18:00:00   -2.329  -0.544  1011.90   5.241   4.847 1.000 0.000e+00  355.40  284.44
2018/08/12 21:00:00   -0.980  -0.209  1011.05   4.976   4.639 1.000 1.668e-09   57.57  329.44
2018/08/13 00:00:00   -1.887  -0.571  1011.11   4.056   3.973 1.000 3.214e-09    0.00  331.02
2018/08/13 03:00:00   -1.172   1.358  1010.32   3.869   3.783 1.000 1.224e-09    0.00  326.83
2018/08/13 06:00:00    0.593   0.807  1009.79   3.718   3.578 1.000 1.045e-09    7.91  325.99
2018/08/13 09:00:00   -0.361   0.201  1009.72   3.647   3.416 1.000 1.143e-10  112.09  329.76
2018/08/13 12:00:00   -1.981   0.547  1009.29   4.593   4.035 0.998 4.167e-10  294.03  329.08
2018/08/13 15:00:00   -2.106  -0.117  1008.54   4.982   4.204 1.000 2.101e-10  359.32  327.25
2018/08/13 18:00:00   -2.849  -0.769  1007.33   4.795   4.164 1.000 2.771e-10  213.19  326.47
2018/08/13 21:00:00   -3.959  -0.479  1006.82   4.530   4.003 1.000 1.898e-09   46.77  328.29
2018/08/14 00:00:00   -5.005  -1.134  1005.90   4.767   4.268 1.000 1.071e-09    0.00  325.81
2018/08/14 03:00:00   -6.105  -2.316  1004.39   4.756   4.101 1.000 1.673e-09    0.00  331.94
2018/08/14 06:00:00   -6.449  -3.415  1003.38   4.460   3.545 1.000 2.105e-09    6.11  329.14
2018/08/14 09:00:00   -6.744  -4.933  1002.60   4.663   3.591 0.997 1.331e-09  111.97  329.26
2018/08/14 12:00:00   -6.663  -6.282  1001.33   5.324   4.452 0.996 5.412e-10  342.84  320.92
2018/08/14 15:00:00   -6.624  -6.820  1000.15   5.940   5.178 0.642 8.074e-10  398.93  295.82
2018/08/14 18:00:00   -8.267  -6.098   999.12   6.502   5.620 0.769 2.431e-11  379.25  272.70
2018/08/14 21:00:00   -9.038  -5.197   999.20   6.745   5.574 0.490 4.499e-10   78.52  293.92
2018/08/15 00:00:00   -8.723  -5.961   999.41   6.424   5.476 1.000 3.176e-09    0.00  331.95
2018/08/15 03:00:00   -7.987  -6.611   998.93   6.216   5.381 1.000 3.784e-09    0.00  338.47
2018/08/15 06:00:00   -6.162  -8.079   998.38   6.002   5.208 1.000 1.600e-10    4.73  328.50
2018/08/15 09:00:00   -5.304  -9.444   998.28   6.023   4.984 0.998 1.004e-09   67.61  337.80
2018/08/15 12:00:00   -4.394 -10.200   997.85   5.606   4.878 1.000 1.815e-08  104.94  337.88
2018/08/15 15:00:00   -3.822 -13.155   996.52   5.810   4.738 1.000 3.937e-08   86.19  338.73
2018/08/15 18:00:00   -7.535 -12.278   995.86   6.042   4.944 1.000 7.057e-08   55.09  341.05
2018/08/15 21:00:00   -7.568 -11.576   997.68   6.141   5.019 1.000 4.065e-09   13.05  342.11
2018/08/16 00:00:00   -7.624 -11.109   999.14   6.189   4.885 1.000 6.509e-09    0.00  340.98
2018/08/16 03:00:00   -6.286 -11.517  1000.04   5.965   4.552 1.000 2.024e-08    0.00  337.39
2018/08/16 06:00:00   -6.025 -11.363  1001.35   5.967   4.445 1.000 4.314e-08    1.83  339.42
2018/08/16 09:00:00   -5.803  -9.880  1002.90   5.948   4.377 0.997 1.155e-08   40.70  332.55
2018/08/16 12:00:00   -4.849  -9.251  1002.99   5.601   3.916 0.711 1.627e-10  490.30  275.93
2018/08/16 15:00:00   -5.052  -8.053  1003.63   5.476   3.783 0.905 1.602e-10  421.09  310.68
2018/08/16 18:00:00   -3.883  -6.801  1003.04   5.403   3.691 0.708 1.059e-10  286.69  295.61
2018/08/16 21:00:00   -3.677  -6.249  1002.75   5.204   3.686 0.592 1.261e-09   70.63  299.22
2018/08/17 00:00:00   -3.759  -5.471  1001.85   4.416   3.716 0.492 1.523e-10    0.00  264.72
2018/08/17 03:00:00   -2.707  -5.396  1000.92   4.546   3.499 0.893 1.228e-10    0.00  281.47
2018/08/17 06:00:00   -2.534  -4.756  1000.41   4.844   3.254 0.648 8.423e-12    8.73  265.93
2018/08/17 09:00:00   -1.429  -4.340   999.87   4.891   3.404 0.100 0.000e+00  223.41  271.54
2018/08/17 12:00:00   -2.063  -5.514   999.29   5.124   3.791 0.133 0.000e+00  506.19  253.21
2018/08/17 15:00:00   -1.705  -5.939   998.62   5.340   3.000 0.096 0.000e+00  543.05  265.73
2018/08/17 18:00:00   -0.189  -5.417   999.03   5.344   2.829 0.580 0.000e+00  354.28  263.88
2018/08/17 21:00:00    2.061  -4.932   999.89   4.992   3.349 0.881 0.000e+00   64.43  281.05
2018/08/18 00:00:00    2.698  -4.074  1000.59   5.025   3.417 0.395 0.000e+00    0.00  270.49
2018/08/18 03:00:00    3.302  -2.134  1001.26   4.647   3.631 0.288 0.000e+00    0.00  258.18
2018/08/18 06:00:00    3.594  -0.679  1002.27   4.633   3.666 0.585 0.000e+00    8.07  253.65
2018/08/18 09:00:00    4.532   0.217  1003.30   4.877   3.589 0.204 0.000e+00  246.38  257.73
2018/08/18 12:00:00    4.940   0.286  1004.05   4.914   3.714 0.242 0.000e+00  500.17  255.92
2018/08/18 15:00:00    4.663   0.414  1005.35   5.154   3.826 0.050 0.000e+00  553.43  257.78
2018/08/18 18:00:00    4.982   2.126  1006.56   5.261   4.017 0.262 0.000e+00  372.82  257.95
2018/08/18 21:00:00    4.662   2.497  1007.41   5.246   4.163 0.800 2.959e-10   64.63  289.30
2018/08/19 00:00:00    4.571   1.040  1008.42   4.828   4.300 0.952 1.945e-09    0.00  325.79
2018/08/19 03:00:00    3.606   0.901  1009.24   4.700   4.311 1.000 1.705e-09    0.00  320.20
2018/08/19 06:00:00    3.873   1.471  1009.24   4.463   4.261 1.000 1.027e-09    3.56  315.82
2018/08/19 09:00:00    4.200   1.149  1010.22   4.483   4.243 1.000 1.344e-09  134.19  320.14
2018/08/19 12:00:00    3.689   0.630  1010.84   5.019   4.472 1.000 4.628e-10  261.36  317.87
2018/08/19 15:00:00    2.743   1.012  1011.32   5.304   4.591 0.997 4.862e-11  390.51  306.30
2018/08/19 18:00:00    0.205   2.366  1010.47   5.385   4.639 0.992 0.000e+00  297.67  280.29
2018/08/19 21:00:00   -0.390   4.572  1010.72   5.813   5.019 0.999 4.318e-11   28.93  330.19
2018/08/20 00:00:00   -0.787   5.144  1010.22   5.772   4.791 0.970 1.186e-09    0.00  328.56
2018/08/20 03:00:00    0.979   5.447  1009.15   5.897   4.854 1.000 1.138e-08    0.00  323.47
2018/08/20 06:00:00    2.796   4.568  1008.91   5.511   4.965 1.000 2.539e-09    2.60  314.97
2018/08/20 09:00:00    1.950   4.385  1009.51   5.427   5.080 1.000 7.663e-09   31.30  343.12
2018/08/20 12:00:00    0.676   4.492  1009.54   5.849   5.408 0.999 3.533e-09  156.62  336.57
2018/08/20 15:00:00    0.206   4.239  1009.34   5.977   5.430 1.000 3.166e-09  165.23  334.00
2018/08/20 18:00:00   -0.621   3.588  1008.54   5.976   5.409 1.000 1.089e-08   98.10  336.88
2018/08/20 21:00:00   -1.716   3.404  1008.36   6.074   5.370 1.000 2.497e-08   19.25  336.36
2018/08/21 00:00:00   -2.367   2.717  1008.18   5.921   5.240 0.999 2.851e-08    0.00  338.93
2018/08/21 03:00:00   -2.634   0.835  1007.18   5.641   5.114 0.999 2.252e-08    0.00  338.19
2018/08/21 06:00:00   -2.583   0.068  1006.83   5.576   5.143 1.000 1.599e-08    1.39  333.80
2018/08/21 09:00:00   -2.000  -0.174  1006.93   5.545   5.142 0.976 7.662e-09  106.08  328.60
2018/08/21 12:00:00   -1.159   0.159  1006.79   5.964   5.504 0.902 2.690e-09  258.33  313.71
2018/08/21 15:00:00   -1.933  -1.936  1006.25   5.945   5.483 0.522 9.266e-10  350.60  311.57
2018/08/21 18:00:00   -3.136  -1.752  1005.67   5.860   5.442 0.803 3.582e-10  236.79  317.44
2018/08/21 21:00:00   -3.650  -3.250  1005.99   5.730   5.402 0.999 4.684e-09   32.80  322.23
2018/08/22 00:00:00   -4.840  -3.990  1005.83   5.625   5.099 0.564 2.521e-09    0.00  333.32
2018/08/22 03:00:00   -4.570  -4.847  1005.43   5.387   4.811 1.000 2.457e-09    0.00  331.25
2018/08/22 06:00:00   -3.950  -5.647  1004.89   5.168   4.572 1.000 4.990e-09    0.93  330.76
2018/08/22 09:00:00   -3.833  -6.416  1004.46   5.083   4.398 1.000 1.041e-09   75.69  334.07
2018/08/22 12:00:00   -3.154  -6.525  1004.83   5.362   4.814 1.000 5.642e-09  153.65  337.27
2018/08/22 15:00:00   -2.845  -6.287  1004.24   5.324   4.716 0.995 2.183e-08  111.69  339.63
2018/08/22 18:00:00   -2.377  -5.561  1004.40   5.286   4.617 0.993 1.287e-08   74.89  335.68
2018/08/22 21:00:00   -1.742  -5.273  1004.56   5.100   4.421 0.993 3.060e-10   20.69  334.98
2018/08/23 00:00:00   -1.141  -4.839  1004.81   5.120   4.356 0.989 2.242e-10    0.00  328.78
2018/08/23 03:00:00   -0.470  -4.771  1005.27   4.978   4.119 0.980 6.992e-10    0.00  315.59
2018/08/23 06:00:00   -0.040  -4.890  1005.61   5.001   4.012 0.977 4.812e-10    0.86  310.12
2018/08/23 09:00:00   -1.008  -5.047  1006.96   5.111   4.093 0.990 1.053e-08   99.84  317.64
2018/08/23 12:00:00   -1.736  -3.613  1008.10   5.243   4.557 0.998 5.229e-09  186.57  328.27
2018/08/23 15:00:00   -1.883  -4.081  1009.17   5.330   4.671 0.993 2.612e-09  239.71  320.49
2018/08/23 18:00:00   -3.689  -2.622  1010.38   5.236   4.401 0.989 3.488e-10  178.67  315.15
2018/08/23 21:00:00   -3.389  -2.194  1011.72   4.921   3.811 0.859 5.484e-10   33.76  302.66
2018/08/24 00:00:00   -3.277  -3.533  1012.87   4.373   2.439 0.904 8.699e-10    0.00  319.38
2018/08/24 03:00:00   -2.547  -3.694  1013.34   4.011   1.670 0.975 9.490e-10    0.00  315.07
2018/08/24 06:00:00   -3.335  -3.807  1014.15   4.439   1.799 0.958 1.025e-08    0.72  313.87
2018/08/24 09:00:00   -2.909  -2.938  1014.66   4.617   2.384 0.936 9.700e-09   93.74  305.28
2018/08/24 12:00:00   -2.157  -2.478  1015.21   4.724   3.325 0.988 1.508e-08  345.35  291.51
2018/08/24 15:00:00   -1.614  -2.846  1015.35   4.671   3.367 0.996 1.792e-08  246.39  292.03
2018/08/24 18:00:00   -1.689  -2.758  1015.07   4.600   3.210 0.734 2.600e-09  190.39  293.74
2018/08/24 21:00:00   -1.591  -2.687  1015.67   4.542   3.123 0.902 2.180e-10   48.68  272.01
2018/08/25 00:00:00   -0.420  -3.217  1015.50   4.661   3.398 0.456 1.625e-10    0.00  303.95
2018/08/25 03:00:00    1.185  -3.524  1015.25   4.599   3.341 0.577 0.000e+00    0.00  298.64
2018/08/25 06:00:00    0.207  -3.153  1014.39   4.502   3.247 0.367 1.598e-10    0.41  315.46
2018/08/25 09:00:00    0.735  -3.367  1014.35   4.394   3.294 0.622 0.000e+00  163.22  276.68
2018/08/25 12:00:00    0.763  -2.720  1013.96   4.595   2.909 0.987 1.523e-10  377.62  299.79
2018/08/25 15:00:00    0.520  -2.365  1012.64   4.640   2.807 0.818 0.000e+00  469.55  269.44
2018/08/25 18:00:00   -0.037  -1.411  1011.47   4.565   2.737 0.692 0.000e+00  302.54  263.95
2018/08/25 21:00:00    0.203  -1.177  1010.73   4.375   2.710 0.802 7.584e-10   36.87  299.21
2018/08/26 00:00:00   -0.319  -0.537  1009.55   3.285   0.527 0.828 5.236e-10    0.00  280.81
2018/08/26 03:00:00    0.441   0.671  1007.81   3.168   0.352 0.922 6.625e-10    0.00  290.62
2018/08/26 06:00:00    1.392   0.908  1006.56   3.218  -0.136 0.918 5.891e-10    0.19  303.36
2018/08/26 09:00:00    0.946   1.217  1006.25   3.336  -0.462 0.938 2.349e-10  129.90  297.41
2018/08/26 12:00:00    0.761   1.259  1005.83   3.806   0.059 0.920 1.633e-09  271.38  296.57
2018/08/26 15:00:00   -0.225   1.401  1005.63   4.030   0.677 0.934 4.318e-11  354.80  291.18
2018/08/26 18:00:00   -2.700   0.837  1005.41   4.322   1.403 0.998 9.576e-11  244.22  276.11
2018/08/26 21:00:00   -4.518   0.912  1005.85   4.560   1.985 1.000 2.292e-10   25.75  304.22
2018/08/27 00:00:00   -6.063   0.100  1006.28   4.720   2.093 1.000 1.140e-09    0.00  300.87
2018/08/27 03:00:00   -6.038  -0.941  1006.33   4.787   2.109 1.000 1.837e-09    0.00  306.69
2018/08/27 06:00:00   -7.378  -2.204  1006.53   4.800   1.638 1.000 3.645e-10    0.08  301.56
2018/08/27 09:00:00   -7.557  -3.026  1007.18   4.773   1.470 1.000 6.441e-10  113.56  300.37
2018/08/27 12:00:00   -8.072  -3.959  1007.16   4.878   1.450 1.000 1.248e-10  299.22  303.30
2018/08/27 15:00:00   -8.073  -4.556  1006.65   4.778   1.379 1.000 0.000e+00  360.08  292.59
2018/08/27 18:00:00   -8.435  -4.991  1005.95   4.784   1.233 0.999 0.000e+00  234.90  276.96
2018/08/27 21:00:00   -8.659  -5.068  1005.11   4.988   1.264 0.998 9.276e-11   22.31  307.94
2018/08/28 00:00:00   -7.602  -6.343  1004.64   4.810   0.921 0.990 7.936e-12    0.00  307.03
2018/08/28 03:00:00   -7.795  -7.191  1003.45   4.813   0.997 0.999 1.987e-10    0.00  292.74
2018/08/28 06:00:00   -7.965  -8.094  1002.76   4.923   1.722 0.980 6.429e-10    0.00  310.75
2018/08/28 09:00:00   -7.573  -9.688  1002.58   4.999   2.265 0.966 3.971e-10  119.29  300.35
2018/08/28 12:00:00   -7.118  -9.221  1002.93   4.835   2.268 0.815 3.294e-10  211.48  295.79
2018/08/28 15:00:00   -5.576  -7.985  1002.77   4.974   2.694 0.387 5.015e-10  238.09  313.59
2018/08/28 18:00:00   -3.231  -8.231  1003.12   4.910   2.555 0.024 0.000e+00  235.25  281.60
2018/08/28 21:00:00   -1.613  -7.973  1003.85   4.704   1.658 0.485 0.000e+00   40.68  242.26
2018/08/29 00:00:00   -0.862  -6.306  1004.59   5.047   0.629 0.406 0.000e+00    0.00  241.12
2018/08/29 03:00:00    2.252  -4.912  1005.15   5.100   0.927 0.003 0.000e+00    0.00  236.51
2018/08/29 06:00:00    4.220  -2.804  1005.81   4.961   1.069 0.067 0.000e+00    0.00  235.18
2018/08/29 09:00:00    5.309  -1.482  1006.82   4.871   0.813 0.021 0.000e+00  202.58  235.57
2018/08/29 12:00:00    5.456  -0.858  1008.10   5.004   1.548 0.142 0.000e+00  463.22  236.31
2018/08/29 15:00:00    5.527   1.461  1008.85   4.993   2.461 0.638 0.000e+00  506.84  240.12
2018/08/29 18:00:00    6.608   3.327  1009.01   5.097   3.287 0.922 4.415e-11  290.77  255.32
2018/08/29 21:00:00    5.838   3.722  1009.61   5.336   3.399 0.760 3.599e-10   21.78  292.99
2018/08/30 00:00:00    6.180   3.788  1009.87   5.426   3.075 0.742 5.908e-10    0.00  305.71
2018/08/30 03:00:00    4.975   5.349  1009.58   5.512   2.744 0.613 1.414e-11    0.00  283.81
2018/08/30 06:00:00    3.045   5.385  1009.36   5.386   2.787 1.000 0.000e+00    0.00  275.59
2018/08/30 09:00:00   -0.406   4.999  1008.58   5.430   2.797 0.769 0.000e+00  170.66  257.90
2018/08/30 12:00:00   -2.592   4.487  1007.81   5.696   2.916 1.000 5.782e-10  230.26  304.14
2018/08/30 15:00:00   -3.579   4.362  1006.63   5.809   3.382 1.000 5.451e-08  122.09  327.85
2018/08/30 18:00:00   -8.497   4.023  1003.44   6.261   4.172 1.000 9.041e-08   33.58  334.23
2018/08/30 21:00:00   -8.299   6.349  1001.09   6.779   4.872 1.000 1.794e-07    2.02  337.53
2018/08/31 00:00:00   -8.941   5.774   999.06   6.966   5.035 1.000 6.209e-08    0.00  337.36
2018/08/31 03:00:00   -9.385   6.510   996.07   7.321   5.098 1.000 3.699e-08    0.00  338.60
2018/08/31 06:00:00   -8.901   6.696   993.85   7.371   5.417 0.998 2.333e-08    0.00  331.68
2018/08/31 09:00:00   -5.772   5.794   992.79   6.974   5.393 1.000 2.592e-08   49.45  339.84
2018/08/31 12:00:00   -4.355   3.028   991.59   6.139   5.225 0.989 4.330e-09  158.82  333.89
2018/08/31 15:00:00   -3.213   1.880   989.81   5.629   4.999 0.996 1.530e-08  179.22  333.45
2018/08/31 18:00:00    0.244   0.745   988.94   5.545   5.003 0.755 2.285e-08   81.68  328.10
2018/08/31 21:00:00   -0.620  -0.742   988.91   5.916   5.355 0.485 2.660e-09   19.75  301.44
2018/09/01 00:00:00   -2.439  -1.582   988.88   5.146   4.756 0.941 5.213e-09    0.00  311.46
2018/09/01 03:00:00   -0.779   0.160   988.09   4.871   4.396 0.809 6.442e-09    0.00  308.32
2018/09/01 06:00:00   -2.001  -3.360   989.02   4.704   3.886 0.974 7.698e-09    0.00  314.88
2018/09/01 09:00:00   -5.204  -5.548   990.59   4.427   3.378 0.977 4.780e-09   66.30  328.68
2018/09/01 12:00:00   -9.193  -7.422   992.90   4.257   3.294 0.999 1.483e-08  104.68  331.03
2018/09/01 15:00:00  -10.544  -7.266   994.48   3.678   2.176 0.999 3.613e-08  124.88  324.14
2018/09/01 18:00:00  -10.866  -7.299   996.31   3.505   1.959 1.000 6.395e-08   47.14  324.70
2018/09/01 21:00:00  -10.303  -6.241   997.88   3.309   1.912 1.000 7.723e-08    3.37  325.73
2018/09/02 00:00:00   -9.354  -4.872   999.39   3.615   2.236 0.999 8.484e-08    0.00  322.57
2018/09/02 03:00:00   -7.382  -4.199  1000.04   3.940   2.206 0.999 3.136e-08    0.00  324.21
2018/09/02 06:00:00   -6.709  -4.310  1001.34   4.054   2.052 0.954 6.179e-09    0.00  312.76
2018/09/02 09:00:00   -6.003  -4.204  1002.65   4.219   1.867 0.528 2.880e-10  107.88  292.21
2018/09/02 12:00:00   -6.010  -4.557  1003.82   4.513   1.661 0.877 1.078e-09  312.30  290.11
2018/09/02 15:00:00   -4.365  -4.164  1004.54   4.466   1.334 0.741 1.493e-10  373.37  290.88
2018/09/02 18:00:00   -2.636  -4.262  1005.29   4.545   1.162 0.896 2.495e-10  185.77  285.16
2018/09/02 21:00:00   -1.740  -2.666  1006.74   4.611   1.427 0.841 3.968e-12   13.69  285.27
2018/09/03 00:00:00    1.009  -1.049  1008.55   4.466   0.923 0.635 8.830e-11    0.00  278.72
2018/09/03 03:00:00    1.717   0.392  1009.27   4.408   1.414 0.759 5.877e-11    0.00  282.46
2018/09/03 06:00:00    2.008   2.935  1010.28   4.398   0.557 0.941 0.000e+00    0.00  291.08
2018/09/03 09:00:00    0.687   2.880  1010.96   4.511   0.671 0.835 2.207e-11  102.68  295.38
2018/09/03 12:00:00   -1.599   2.791  1011.42   4.312   2.337 0.695 7.068e-11  283.57  295.60
2018/09/03 15:00:00   -1.540   2.895  1010.84   4.700   3.120 0.899 2.590e-09  252.88  304.41
2018/09/03 18:00:00   -1.786   2.994  1010.64   5.093   3.798 0.801 3.208e-09   88.23  321.38
2018/09/03 21:00:00   -0.417   3.047  1010.32   5.255   4.268 0.344 2.671e-10   13.46  293.81
2018/09/04 00:00:00   -1.041   1.413  1010.54   4.659   4.132 0.711 3.974e-10    0.00  287.20
2018/09/04 03:00:00   -3.004  -0.532  1009.31   4.695   4.194 0.994 1.698e-09    0.00  318.10
2018/09/04 06:00:00   -4.156  -0.866  1008.04   4.923   4.228 0.992 2.608e-09    0.00  317.81
2018/09/04 09:00:00   -4.167  -1.385  1007.24   5.130   4.253 0.756 1.055e-09   93.78  312.75
2018/09/04 12:00:00   -4.609  -3.126  1007.31   5.585   4.758 0.955 2.531e-10  231.21  316.58
2018/09/04 15:00:00   -4.632  -2.741  1007.45   5.585   4.941 0.981 1.201e-10  280.67  317.59
2018/09/04 18:00:00   -3.908  -3.042  1008.44   5.486   4.985 1.000 5.498e-09  127.27  325.39
2018/09/04 21:00:00   -4.154  -3.764  1010.67   5.387   4.977 0.999 6.640e-09    3.70  337.99
2018/09/05 00:00:00   -4.593  -4.228  1012.67   5.003   4.554 1.000 1.628e-09    0.00  336.87
2018/09/05 03:00:00   -4.829  -4.168  1014.88   5.126   4.262 0.999 5.970e-10    0.00  334.27
2018/09/05 06:00:00   -4.324  -4.833  1017.02   5.121   3.524 0.995 6.226e-11    0.00  330.80
2018/09/05 09:00:00   -4.612  -5.642  1019.63   4.983   2.106 0.991 7.640e-11   57.49  329.37
2018/09/05 12:00:00   -5.420  -5.259  1021.53   5.552   1.716 0.775 0.000e+00  230.03  306.43
2018/09/05 15:00:00   -4.772  -3.961  1023.05   5.270   0.262 0.304 0.000e+00  454.14  259.17
2018/09/05 18:00:00   -4.690  -2.757  1023.97   5.077   0.419 0.003 0.000e+00  274.15  238.78
2018/09/05 21:00:00   -4.775  -2.536  1024.78   4.879   0.639 0.184 0.000e+00   11.24  241.21
2018/09/06 00:00:00   -5.217  -2.368  1025.17   5.132   1.513 0.037 0.000e+00    0.00  240.27
2018/09/06 03:00:00   -4.921  -0.830  1024.59   5.018   1.852 0.986 0.000e+00    0.00  245.12
2018/09/06 06:00:00   -6.032  -0.377  1023.52   4.898   2.480 1.000 0.000e+00    0.00  263.18
2018/09/06 09:00:00   -5.735   1.577  1023.11   4.827   2.610 1.000 0.000e+00  121.94  263.09
2018/09/06 12:00:00   -6.275   1.234  1022.39   4.347   2.242 0.938 0.000e+00  333.30  256.34
2018/09/06 15:00:00   -5.669   2.355  1021.30   4.515   2.373 1.000 0.000e+00  383.62  255.52
2018/09/06 18:00:00   -4.825   1.436  1020.19   4.890   3.103 1.000 0.000e+00  172.63  283.21
2018/09/06 21:00:00   -5.168   1.072  1019.49   5.241   3.971 1.000 0.000e+00    5.67  293.60
2018/09/07 00:00:00   -5.394  -0.023  1018.50   5.268   4.252 1.000 0.000e+00    0.00  326.84
2018/09/07 03:00:00   -5.803  -1.148  1016.76   5.343   4.436 0.972 0.000e+00    0.00  314.73
2018/09/07 06:00:00   -6.191  -0.299  1015.98   5.357   4.615 0.980 0.000e+00    0.00  305.82
2018/09/07 09:00:00   -5.417  -0.175  1015.33   5.459   4.771 1.000 3.128e-09   35.65  329.15
2018/09/07 12:00:00   -5.139  -2.060  1014.90   5.639   4.964 0.983 0.000e+00  222.87  304.06
2018/09/07 15:00:00   -5.688  -2.702  1013.89   5.488   4.923 0.958 0.000e+00  375.76  274.47
2018/09/07 18:00:00   -5.535  -2.207  1012.98   5.343   4.917 1.000 0.000e+00  236.53  269.51
2018/09/07 21:00:00   -5.494  -3.679  1012.25   4.808   4.690 1.000 1.277e-09    3.78  319.82
2018/09/08 00:00:00   -6.170  -4.076  1011.27   4.405   4.281 1.000 1.724e-09    0.00  324.42
2018/09/08 03:00:00   -5.692  -4.465  1009.68   4.737   4.474 0.923 2.225e-10    0.00  323.15
2018/09/08 06:00:00   -4.651  -2.514  1008.81   5.105   4.595 0.698 6.070e-10    0.00  302.48
2018/09/08 09:00:00   -3.282  -3.078  1008.17   5.242   4.654 0.326 3.051e-11  122.96  290.38
2018/09/08 12:00:00   -3.985  -2.801  1007.83   5.226   4.554 0.706 0.000e+00  352.06  285.95
2018/09/08 15:00:00   -4.871  -2.135  1006.75   5.322   4.640 0.907 0.000e+00  371.91  289.21
2018/09/08 18:00:00   -5.235  -3.231  1005.64   5.386   4.883 0.993 6.275e-11  200.71  290.25
2018/09/08 21:00:00   -5.593  -3.665  1004.14   5.618   5.230 0.998 1.217e-09    2.14  329.18
2018/09/09 00:00:00   -5.964  -2.365  1003.59   5.754   5.485 0.999 6.595e-10    0.00  334.18
2018/09/09 03:00:00   -6.154  -4.002  1002.35   5.580   5.451 1.000 1.522e-09    0.00  332.19
2018/09/09 06:00:00   -6.824  -4.432  1001.79   5.508   5.408 1.000 5.693e-09    0.00  337.40
2018/09/09 09:00:00   -6.883  -2.852  1001.47   5.513   5.412 1.000 9.804e-09   30.53  341.07
2018/09/09 12:00:00   -7.049  -2.949  1002.28   5.418   5.246 1.000 7.636e-09  119.92  341.94
2018/09/09 15:00:00   -6.157  -3.263  1002.71   5.278   5.095 1.000 6.965e-09  107.32  342.51
2018/09/09 18:00:00   -5.780  -4.070  1002.78   5.082   4.934 1.000 2.081e-08   56.68  338.32
2018/09/09 21:00:00   -5.629  -5.043  1002.60   4.962   4.677 1.000 7.576e-09    0.53  338.92
2018/09/10 00:00:00   -5.797  -5.598  1002.48   4.946   4.409 1.000 3.727e-09    0.00  338.10
2018/09/10 03:00:00   -6.122  -6.231  1001.41   4.816   3.939 1.000 3.034e-09    0.00  335.91
2018/09/10 06:00:00   -5.798  -6.335  1000.86   4.640   3.302 1.000 1.198e-08    0.00  331.94
2018/09/10 09:00:00   -5.270  -7.312   999.85   4.615   2.977 1.000 1.522e-08   19.84  332.47
2018/09/10 12:00:00   -5.622  -7.253   998.93   4.781   3.147 1.000 3.785e-08   39.45  330.66
2018/09/10 15:00:00   -5.382  -7.442   998.13   4.755   2.947 1.000 7.061e-08   44.57  329.86
2018/09/10 18:00:00   -4.966  -7.537   996.96   4.754   2.976 1.000 6.933e-08   27.15  329.42
2018/09/10 21:00:00   -4.609  -9.135   996.26   4.802   3.099 1.000 4.765e-08    0.24  330.98
2018/09/11 00:00:00   -4.535  -6.597   995.31   4.975   4.037 1.000 4.439e-08    0.00  332.89
2018/09/11 03:00:00   -6.914  -6.294   994.59   4.938   4.206 1.000 1.475e-08    0.00  334.66
2018/09/11 06:00:00   -8.077  -6.770   995.51   4.776   3.589 1.000 2.993e-08    0.00  333.59
2018/09/11 09:00:00   -8.165  -6.789   995.89   4.710   2.914 1.000 8.364e-09   24.96  332.93
2018/09/11 12:00:00   -7.053  -6.186   996.20   4.672   2.618 1.000 1.705e-08   54.94  329.92
2018/09/11 15:00:00   -4.435  -5.956   996.73   4.711   2.538 1.000 1.583e-08  118.65  324.48
2018/09/11 18:00:00   -4.054  -7.984   997.00   5.152   3.009 1.000 3.283e-08   42.22  328.44
2018/09/11 21:00:00   -4.115  -6.829   998.12   4.991   2.526 0.997 1.850e-08    0.29  324.98
2018/09/12 00:00:00   -1.835  -7.402   999.02   4.850   2.063 0.999 1.901e-08    0.00  324.94
2018/09/12 03:00:00    1.946  -6.661   999.43   4.790   2.998 0.974 4.097e-08    0.00  318.06
2018/09/12 06:00:00   -2.315 -10.349   999.37   4.419   2.344 1.000 5.666e-08    0.00  327.36
2018/09/12 09:00:00   -6.235 -10.311  1000.11   4.560   2.591 1.000 3.748e-08   18.64  329.57
2018/09/12 12:00:00   -7.838  -9.648  1001.44   4.763   2.950 0.993 1.378e-08   55.94  327.74
2018/09/12 15:00:00   -7.827  -9.369  1003.24   4.637   3.171 1.000 7.883e-09   67.47  331.38
2018/09/12 18:00:00   -7.976  -9.982  1004.39   4.383   3.004 1.000 6.195e-09   24.17  330.51
2018/09/12 21:00:00   -7.884 -10.977  1006.26   4.164   2.920 1.000 4.404e-09    0.07  328.91
2018/09/13 00:00:00   -7.722  -8.925  1006.93   4.462   2.728 0.998 9.413e-09    0.00  328.72
2018/09/13 03:00:00   -7.482  -7.198  1007.37   4.515   2.669 0.998 8.280e-09    0.00  315.62
2018/09/13 06:00:00   -5.718  -6.002  1008.36   4.217   2.698 0.981 3.610e-09    0.00  307.46
2018/09/13 09:00:00   -4.479  -6.995  1009.61   3.892   2.112 1.000 1.428e-09   61.47  303.42
2018/09/13 12:00:00   -4.905  -5.617  1010.02   4.141   1.474 0.998 2.761e-10  160.17  307.78
2018/09/13 15:00:00   -3.868  -5.287  1010.24   4.051   0.515 0.942 1.071e-09  245.63  291.01
2018/09/13 18:00:00   -1.427  -6.123  1010.24   4.343   0.947 0.971 2.188e-09  105.84  298.32
2018/09/13 21:00:00   -0.493  -6.456  1010.76   4.342   1.659 0.999 5.328e-09    0.12  312.78
2018/09/14 00:00:00    0.031  -5.955  1010.79   4.535   2.496 0.967 5.929e-09    0.00  316.96
2018/09/14 03:00:00    1.961  -4.579  1010.31   4.561   2.757 0.839 7.175e-09    0.00  312.41
2018/09/14 06:00:00    3.089  -3.925  1010.17   4.621   3.408 0.545 1.858e-10    0.00  283.03
2018/09/14 09:00:00    0.547  -4.408  1010.75   3.359   0.649 0.429 2.207e-11   95.36  268.54
2018/09/14 12:00:00   -3.431  -3.570  1010.92   4.077   2.196 0.783 7.417e-11  331.79  262.86
2018/09/14 15:00:00   -2.862  -2.132  1010.83   3.698   0.945 0.605 2.828e-11  322.51  271.73
2018/09/14 18:00:00   -2.601  -1.573  1010.72   3.518   0.849 0.978 1.936e-09   89.55  309.81
2018/09/14 21:00:00   -3.577  -2.424  1011.07   3.179   0.709 1.000 1.342e-08    0.00  315.40
2018/09/15 00:00:00   -5.009  -3.074  1010.67   3.139   0.494 0.973 6.104e-09    0.00  315.13
2018/09/15 03:00:00   -5.123  -2.736  1010.25   2.787  -0.377 0.994 2.980e-09    0.00  305.04
2018/09/15 06:00:00   -6.268  -4.568  1009.78   2.525  -0.853 0.997 6.249e-10    0.00  313.12
2018/09/15 09:00:00   -6.863  -5.677  1009.37   2.414  -1.466 1.000 0.000e+00   47.73  305.28
2018/09/15 12:00:00   -7.988  -5.210  1008.46   3.081  -1.469 0.995 8.626e-10  163.43  307.89
2018/09/15 15:00:00   -9.084  -5.386  1007.16   3.661  -0.499 0.987 2.619e-09  148.20  306.23
2018/09/15 18:00:00  -10.044  -6.231  1006.24   3.908   0.618 0.999 1.700e-09   81.25  302.81
2018/09/15 21:00:00  -10.230  -7.774  1005.69   4.073   1.203 1.000 7.634e-09    0.00  321.48
2018/09/16 00:00:00  -10.715  -9.726  1004.51   3.971   1.097 0.963 1.779e-09    0.00  320.70
2018/09/16 03:00:00   -9.991 -12.490  1002.53   3.550   1.658 1.000 6.371e-09    0.00  319.40
2018/09/16 06:00:00   -8.766 -11.919  1001.50   3.602   2.239 0.995 1.432e-08    0.00  322.32
2018/09/16 09:00:00  -10.522 -12.449  1001.14   3.908   2.452 1.000 3.707e-09   27.77  322.51
2018/09/16 12:00:00   -8.669 -13.387  1000.82   3.883   2.978 1.000 2.382e-09  123.07  323.70
2018/09/16 15:00:00   -9.338 -15.608   999.93   3.700   2.594 1.000 1.379e-08   97.54  324.65
2018/09/16 18:00:00   -9.921 -16.481   999.90   3.324   1.811 1.000 5.801e-08   40.99  317.40
2018/09/16 21:00:00   -9.860 -16.645  1000.59   3.557   1.810 1.000 1.114e-08    0.00  319.82
2018/09/17 00:00:00   -9.880 -16.117  1001.07   3.326   1.498 1.000 1.125e-08    0.00  314.44
2018/09/17 03:00:00   -9.610 -16.175  1001.24   3.383   1.839 1.000 1.082e-08    0.00  315.47
2018/09/17 06:00:00   -9.134 -15.758  1002.54   3.929   2.140 1.000 7.376e-09    0.00  303.64
2018/09/17 09:00:00   -9.252 -14.784  1003.86   4.035   2.539 1.000 3.661e-09   30.53  310.40
2018/09/17 12:00:00  -10.814 -13.875  1004.63   3.555   2.232 1.000 7.149e-09  123.53  314.30
2018/09/17 15:00:00  -10.491 -13.176  1005.51   3.561   2.262 1.000 1.466e-09  170.38  306.88
2018/09/17 18:00:00   -9.438 -12.779  1006.10   3.539   2.292 1.000 1.157e-09   76.21  304.78
2018/09/17 21:00:00  -12.004 -13.578  1006.95   3.734   2.087 1.000 9.748e-10    0.00  305.53
2018/09/18 00:00:00  -10.079 -11.970  1007.10   3.818   2.599 0.998 3.354e-10    0.00  300.81
2018/09/18 03:00:00   -9.865 -11.233  1007.51   3.727   2.433 0.972 1.550e-10    0.00  300.49
2018/09/18 06:00:00  -10.038 -10.446  1007.61   3.639   2.210 0.944 2.392e-10    0.00  281.94
2018/09/18 09:00:00  -10.958 -10.825  1008.26   3.415   1.698 0.889 0.000e+00   82.58  248.59
2018/09/18 12:00:00   -9.741 -11.714  1008.55   3.302   0.902 0.734 8.423e-12  294.82  249.37
2018/09/18 15:00:00  -10.041 -11.566  1008.25   3.097   0.958 0.984 1.443e-10  226.02  296.80
2018/09/18 18:00:00  -10.123 -11.580  1008.50   2.670  -0.180 0.992 5.840e-10  105.35  285.00
2018/09/18 21:00:00   -9.873 -11.908  1009.39   2.437   0.175 0.997 2.609e-10    0.00  298.49
2018/09/19 00:00:00   -8.361 -11.920  1009.10   2.481   0.563 0.440 6.497e-11    0.00  277.72
2018/09/19 03:00:00   -8.100 -13.616  1008.52   2.124   0.324 0.998 9.347e-09    0.00  285.44
2018/09/19 06:00:00   -9.076 -12.469  1008.12   2.282   0.121 0.819 6.092e-09    0.00  308.19
2018/09/19 09:00:00   -9.929 -13.815  1008.47   2.586   0.173 0.961 6.337e-10   58.49  281.81
2018/09/19 12:00:00   -8.930 -14.037  1008.47   2.340   0.616 0.788 2.819e-09  202.54  289.08
2018/09/19 15:00:00   -8.687 -12.848  1009.21   1.737  -2.143 0.914 1.369e-10  271.21  267.00
2018/09/19 18:00:00   -9.080 -11.304  1009.44   1.164  -2.544 0.453 8.423e-12  141.49  257.94
2018/09/19 21:00:00   -8.369 -12.639  1009.58   1.044  -3.467 0.728 0.000e+00    0.00  238.85
2018/09/20 00:00:00   -7.238 -12.424  1009.09   1.231  -4.069 0.454 3.369e-11    0.00  258.49
2018/09/20 03:00:00   -5.607 -12.068  1008.73   1.447  -4.267 0.133 3.573e-10    0.00  261.61
2018/09/20 06:00:00   -4.836 -11.871  1009.15   1.547  -3.937 0.321 4.625e-10    0.00  281.99
2018/09/20 09:00:00   -2.457 -11.453  1009.75   1.531  -4.205 0.792 3.866e-10   50.19  272.55
2018/09/20 12:00:00   -2.051  -8.511  1010.39   1.840  -4.424 0.939 5.712e-10  207.63  275.74
2018/09/20 15:00:00   -3.794  -8.112  1011.50   1.795  -4.864 0.755 1.414e-11  281.22  267.41
2018/09/20 18:00:00   -3.742  -8.861  1011.43   2.064  -4.542 0.924 2.001e-10  114.04  265.18
2018/09/20 21:00:00   -3.861  -9.323  1012.04   2.214  -3.401 0.973 1.666e-10    0.00  272.33
2018/09/21 00:00:00   -4.789  -8.466  1012.74   1.823  -3.430 0.992 1.063e-09    0.00  279.94
2018/09/21 03:00:00   -4.162  -6.828  1013.31   1.659  -3.786 0.999 1.357e-09    0.00  277.09
2018/09/21 06:00:00   -3.559  -7.017  1013.92   1.419  -4.078 1.000 3.246e-09    0.00  286.78
2018/09/21 09:00:00   -2.674  -6.779  1014.91   1.541  -4.406 1.000 3.542e-09   37.67  291.63
2018/09/21 12:00:00   -3.867  -6.571  1015.45   1.739  -4.800 1.000 5.492e-10  183.99  287.92
2018/09/21 15:00:00   -3.521  -4.404  1016.19   1.655  -4.702 1.000 3.161e-10  205.69  275.68
2018/09/21 18:00:00   -3.156  -3.667  1016.36   1.530  -4.513 1.000 3.681e-10   97.19  279.40
2018/09/21 21:00:00   -1.753  -3.367  1017.06   1.514  -4.426 1.000 2.159e-11    0.00  274.51
2018/09/22 00:00:00   -1.217  -2.457  1017.07   1.712  -4.369 0.957 1.017e-11    0.00  267.45
2018/09/22 03:00:00    0.164  -0.736  1016.91   1.685  -3.346 0.463 1.334e-10    0.00  265.95
2018/09/22 06:00:00    1.957   1.012  1016.68   1.825  -2.153 0.293 1.051e-09    0.00  262.03
2018/09/22 09:00:00    3.040   1.923  1016.69   2.026  -1.424 0.292 2.027e-09   63.24  245.87
2018/09/22 12:00:00    3.305   2.568  1016.43   2.422  -2.003 0.546 6.846e-11  268.51  251.72
2018/09/22 15:00:00    2.600   3.301  1016.71   2.903  -2.352 0.271 1.017e-11  315.91  253.92
2018/09/22 18:00:00    2.232   4.640  1016.36   3.152  -2.242 0.921 3.257e-10  118.27  255.48
2018/09/22 21:00:00    1.630   5.149  1016.31   3.197  -1.320 0.915 2.515e-08    0.00  285.67
2018/09/23 00:00:00    0.227   5.031  1016.10   3.495  -1.555 0.936 1.479e-08    0.00  273.51
2018/09/23 03:00:00    1.277   5.357  1015.18   4.142  -0.114 0.705 3.639e-09    0.00  276.35
2018/09/23 06:00:00    1.853   5.208  1014.59   4.319   0.570 0.392 2.034e-11    0.00  254.25
2018/09/23 09:00:00    1.782   6.527  1014.50   4.373   0.931 0.712 0.000e+00   47.64  281.90
2018/09/23 12:00:00    1.419   7.238  1014.16   4.121   1.813 0.824 1.007e-08  201.52  277.47
2018/09/23 15:00:00    4.329   3.914  1013.49   3.946   2.607 0.303 5.294e-10  268.83  271.42
2018/09/23 18:00:00    4.891   2.023  1013.46   3.193   2.309 0.774 3.453e-10  114.26  280.59
2018/09/23 21:00:00    5.626   2.386  1013.43   2.569  -0.646 0.989 2.014e-10    0.00  288.95
2018/09/24 00:00:00    4.333   2.422  1013.16   1.997  -1.760 1.000 7.936e-12    0.00  283.25
2018/09/24 03:00:00    1.315   2.992  1010.96   2.224  -1.329 1.000 2.185e-10    0.00  278.64
2018/09/24 06:00:00   -5.495   1.949  1006.12   3.371   1.442 0.966 1.279e-08    0.00  297.83
2018/09/24 09:00:00   -8.070   3.372  1000.74   4.545   2.730 1.000 3.776e-08   12.63  322.70
2018/09/24 12:00:00   -7.827   4.408   995.55   4.583   3.082 1.000 1.295e-07   39.52  330.55
2018/09/24 15:00:00    5.194   6.467   992.59   4.672   3.294 0.980 1.227e-08  158.59  315.13
2018/09/24 18:00:00    7.268   5.130   992.54   4.316   2.753 0.958 1.306e-09   64.86  296.65
2018/09/24 21:00:00    7.486   6.122   994.15   4.005   2.420 0.972 2.818e-09    0.00  304.95
2018/09/25 00:00:00    7.903   6.667   995.64   3.001   1.831 0.789 4.958e-09    0.00  304.97
2018/09/25 03:00:00    7.156   5.906   995.77   2.750   1.544 0.752 5.974e-09    0.00  298.47
2018/09/25 06:00:00    4.796   4.514   994.90   2.554   1.267 0.510 3.693e-09    0.00  295.94
2018/09/25 09:00:00    0.213   0.430   994.01   2.373   0.962 0.573 1.587e-09   34.37  284.83
2018/09/25 12:00:00   -6.298  -2.025   992.99   2.592   1.174 0.737 1.096e-09  157.98  297.69
2018/09/25 15:00:00   -7.835  -4.611   992.86   2.381   1.157 0.974 2.363e-09  160.17  298.63
2018/09/25 18:00:00   -7.834  -7.239   993.36   1.890   0.413 0.992 3.774e-09   30.75  307.71
2018/09/25 21:00:00   -7.217  -7.799   995.30   1.527  -0.841 0.434 5.341e-10    0.00  255.21
2018/09/26 00:00:00   -4.770  -7.498   998.06   1.135  -2.486 0.873 4.212e-11    0.00  254.20
2018/09/26 03:00:00   -2.832  -5.292  1001.28   0.964  -3.609 0.696 0.000e+00    0.00  244.72
2018/09/26 06:00:00   -2.385  -4.636  1004.12   0.962  -4.314 0.753 0.000e+00    0.00  234.49
2018/09/26 09:00:00   -3.746  -3.122  1006.83   0.875  -4.475 0.673 2.096e-10   49.04  235.33
2018/09/26 12:00:00   -4.246  -0.185  1008.68   1.188  -4.112 0.670 2.159e-11  251.14  239.70
2018/09/26 15:00:00   -2.885   0.876  1009.85   1.261  -4.222 0.649 0.000e+00  293.93  234.13
2018/09/26 18:00:00   -2.824   1.654  1009.65   1.489  -3.634 0.450 0.000e+00  118.32  236.51
2018/09/26 21:00:00   -1.675   2.727  1010.17   1.935  -2.697 0.171 6.003e-11    0.00  247.42
2018/09/27 00:00:00   -2.189   2.557  1010.15   2.114  -1.938 0.685 1.449e-10    0.00  250.16
2018/09/27 03:00:00   -0.093   1.458  1010.13   2.408  -1.006 0.960 4.734e-09    0.00  267.79
2018/09/27 06:00:00    2.953  -0.612  1010.44   2.226  -0.705 0.395 3.359e-09    0.00  285.33
2018/09/27 09:00:00    2.534  -2.785  1011.75   2.200  -0.962 0.526 5.864e-10   39.55  240.55
2018/09/27 12:00:00    2.175  -2.512  1014.02   1.832  -1.916 0.374 4.445e-10  213.74  269.37
2018/09/27 15:00:00    4.526   0.142  1015.47   2.048  -3.091 0.611 2.217e-10  247.47  270.89
2018/09/27 18:00:00    6.098   4.007  1015.84   2.199  -4.037 0.507 0.000e+00  110.62  244.60
2018/09/27 21:00:00    6.530   4.648  1014.94   2.848  -1.487 1.000 0.000e+00    0.00  227.19
2018/09/28 00:00:00    6.590   7.005  1013.62   2.831  -1.631 1.000 0.000e+00    0.00  275.94
2018/09/28 03:00:00    0.339   5.730  1009.04   3.051   0.001 1.000 2.896e-08    0.00  303.37
2018/09/28 06:00:00   -4.637   9.964  1001.03   3.927   2.647 1.000 1.876e-07    0.00  324.10
2018/09/28 09:00:00    2.072  10.083   994.31   5.320   2.822 1.000 9.725e-08    3.62  329.20
2018/09/28 12:00:00    3.988   9.586   988.02   4.948   3.970 1.000 8.987e-08   27.44  335.63
2018/09/28 15:00:00    7.349   8.028   984.98   4.320   3.168 1.000 1.815e-08   67.40  334.89
2018/09/28 18:00:00    6.256   3.758   984.20   3.493   2.437 1.000 1.006e-08   29.46  322.34
2018/09/28 21:00:00   -2.427  -6.175   985.01   1.700   1.280 1.000 3.934e-08    0.00  324.41
2018/09/29 00:00:00   -8.979 -11.637   987.44   1.031  -1.211 0.998 2.895e-08    0.00  312.22
2018/09/29 03:00:00   -5.428 -11.276   990.67   1.293  -2.567 0.997 9.493e-09    0.00  304.00
2018/09/29 06:00:00   -3.228 -11.986   995.59   1.773  -3.447 0.997 4.109e-09    0.00  293.67
2018/09/29 09:00:00   -2.505 -11.746  1000.46   2.153  -4.064 0.993 1.765e-09   22.44  282.71
2018/09/29 12:00:00   -3.679  -9.811  1004.35   1.854  -4.405 0.919 0.000e+00  223.29  246.84
2018/09/29 15:00:00   -3.133  -7.454  1007.67   1.755  -6.106 0.540 0.000e+00  290.94  224.88
2018/09/29 18:00:00   -3.389  -3.300  1010.36   1.885  -5.703 0.111 7.745e-10   82.26  245.05
2018/09/29 21:00:00    1.109   2.203  1012.65   1.308  -2.945 0.900 2.855e-10    0.00  242.85
2018/09/30 00:00:00    6.392   3.979  1013.45   2.338  -3.151 0.899 4.402e-09    0.00  276.70
2018/09/30 03:00:00    8.027   1.872  1013.64   2.958  -0.352 0.496 7.936e-12    0.00  239.84
2018/09/30 06:00:00    4.505  -1.019  1015.38   2.679  -0.383 0.019 0.000e+00    0.00  230.41
2018/09/30 09:00:00    1.342  -1.975  1017.92   2.364  -0.629 0.005 0.000e+00   38.72  217.29
2018/09/30 12:00:00   -3.377  -0.984  1020.31   2.398  -2.136 0.000 0.000e+00  268.38  217.40
2018/09/30 15:00:00   -4.516   2.171  1020.77   2.500  -1.772 0.982 0.000e+00  300.08  219.62
2018/09/30 18:00:00   -2.843   5.155  1021.34   2.895  -1.410 1.000 0.000e+00   66.85  250.51
2018/09/30 21:00:00   -3.712   5.390  1019.90   3.190  -1.389 1.000 0.000e+00    0.00  267.89
2018/10/01 00:00:00   -5.388   5.559  1017.79   3.316  -1.507 1.000 0.000e+00    0.00  284.70
2018/10/01 03:00:00   -5.631   3.720  1014.59   3.334  -0.357 1.000 5.091e-09    0.00  298.82
2018/10/01 06:00:00   -7.162   4.082  1010.53   2.935   0.256 1.000 2.117e-08    0.00  298.70
2018/10/01 09:00:00   -9.097   3.341  1006.99   2.881   0.503 0.998 2.837e-08   11.53  302.12
2018/10/01 12:00:00   -9.061  -2.454  1003.78   2.348   0.129 1.000 2.530e-08   76.06  305.29
2018/10/01 15:00:00   -9.232  -4.490  1000.30   2.980   0.241 1.000 1.867e-08  107.80  306.58
2018/10/01 18:00:00   -7.537  -7.808   999.92   3.030   0.626 1.000 1.664e-08   33.99  307.50
2018/10/01 21:00:00   -6.236 -10.338  1001.46   2.358   1.157 1.000 1.162e-08    0.00  316.09
2018/10/02 00:00:00   -6.702 -10.543  1004.27   2.417   1.424 1.000 2.788e-08    0.00  318.85
2018/10/02 03:00:00   -7.784 -10.776  1006.50   2.168   0.794 1.000 4.417e-08    0.00  317.07
2018/10/02 06:00:00   -7.750 -10.097  1009.01   2.127   0.601 1.000 4.221e-08    0.00  313.29
2018/10/02 09:00:00   -6.467 -10.085  1011.28   2.126   0.156 1.000 1.550e-08   10.80  297.72
2018/10/02 12:00:00   -7.069  -9.943  1012.82   2.025  -0.030 1.000 2.106e-08   96.54  296.21
2018/10/02 15:00:00   -7.807 -10.307  1013.46   1.886   0.136 1.000 1.225e-08  119.00  299.93
2018/10/02 18:00:00   -6.937 -10.278  1014.29   1.564   0.014 1.000 1.700e-08   34.76  296.66
2018/10/02 21:00:00   -6.027 -10.756  1014.23   1.726  -0.351 1.000 1.514e-08    0.00  304.17
2018/10/03 00:00:00   -5.716 -11.016  1014.15   1.591   0.163 1.000 2.505e-08    0.00  313.44
2018/10/03 03:00:00   -4.727 -11.267  1012.97   2.073   0.818 1.000 2.537e-08    0.00  316.51
2018/10/03 06:00:00   -5.203  -4.357  1011.35   3.443   2.361 0.996 1.407e-08    0.00  320.11
2018/10/03 09:00:00   -7.201  -1.106  1011.23   3.574   2.275 0.831 1.212e-09   11.27  305.57
2018/10/03 12:00:00   -9.843  -0.802  1012.44   3.440   1.953 0.642 3.789e-09  138.01  291.74
2018/10/03 15:00:00  -10.083  -4.314  1011.77   3.107   1.823 0.936 1.311e-08  149.00  299.62
2018/10/03 18:00:00  -12.965  -7.089  1011.26   3.246   1.042 1.000 3.916e-08   29.16  294.17
2018/10/03 21:00:00  -11.697  -9.953  1011.24   2.798   0.707 1.000 1.524e-08    0.00  302.36
2018/10/04 00:00:00  -11.844 -11.752  1010.93   1.832   0.485 1.000 1.087e-08    0.00  297.71
2018/10/04 03:00:00   -9.840 -13.715  1009.69   0.998  -0.614 1.000 3.986e-09    0.00  293.69
2018/10/04 06:00:00  -10.179 -13.725  1009.37   0.498  -1.939 1.000 7.455e-10    0.00  269.04
2018/10/04 09:00:00  -11.022 -12.636  1009.57   0.859  -2.970 1.000 1.224e-09   10.20  283.34
2018/10/04 12:00:00   -9.373 -12.277  1009.62   0.639  -2.669 1.000 1.140e-09  122.25  281.64
2018/10/04 15:00:00   -6.791 -11.330  1009.64   0.437  -2.770 1.000 4.318e-11  192.95  248.80
2018/10/04 18:00:00   -5.995  -9.363  1010.15   0.116  -3.890 1.000 0.000e+00   49.09  260.33
2018/10/04 21:00:00   -4.306  -7.867  1011.66  -0.432  -5.440 1.000 0.000e+00    0.00  239.68
2018/10/05 00:00:00   -5.389  -7.301  1013.13  -0.464  -5.662 1.000 0.000e+00    0.00  230.48
2018/10/05 03:00:00   -4.135  -6.033  1014.58  -0.829  -6.090 0.974 0.000e+00    0.00  225.89
2018/10/05 06:00:00   -2.683  -4.388  1015.66  -0.985  -6.687 0.449 0.000e+00    0.00  216.87
2018/10/05 09:00:00   -1.004  -2.752  1016.60  -1.051  -7.220 0.968 4.068e-11   15.81  226.76
2018/10/05 12:00:00    1.163   0.248  1016.89  -0.884  -7.479 0.505 2.865e-10  127.85  274.68
2018/10/05 15:00:00    3.388   3.446  1016.41  -0.085  -6.592 0.738 5.655e-11  139.23  269.90
2018/10/05 18:00:00    4.351   6.567  1014.63   1.143  -4.719 0.242 1.414e-11   65.25  238.84
2018/10/05 21:00:00    7.407   7.630  1013.07   2.378  -1.860 0.569 1.559e-09    0.00  260.67
2018/10/06 00:00:00    8.388   6.933  1010.71   2.318  -0.732 0.834 6.897e-09    0.00  283.40
2018/10/06 03:00:00    8.796   5.930  1008.33   2.377  -0.357 0.441 2.884e-09    0.00  268.66
2018/10/06 06:00:00    7.300   6.149  1006.43   2.562  -0.301 0.844 2.621e-09    0.00  258.12
2018/10/06 09:00:00    1.991   6.250  1004.03   2.747  -1.141 0.859 1.979e-10   12.10  252.65
2018/10/06 12:00:00   -5.720   4.629  1001.73   2.310  -1.890 1.000 0.000e+00  134.09  267.97
2018/10/06 15:00:00   -8.634   2.356   997.66   2.183  -2.454 1.000 0.000e+00  131.76  280.02
2018/10/06 18:00:00  -10.515  -0.659   994.39   2.623  -1.180 1.000 1.135e-09   22.05  288.17
2018/10/06 21:00:00  -11.428  -4.287   991.71   2.756   0.197 1.000 5.640e-09    0.00  295.96
2018/10/07 00:00:00   -9.272  -5.116   990.34   3.110   0.855 1.000 1.742e-08    0.00  305.02
2018/10/07 03:00:00   -9.582  -5.250   989.03   2.942   1.411 1.000 6.296e-08    0.00  315.44
2018/10/07 06:00:00   -9.805  -7.575   988.06   2.401   1.321 1.000 6.620e-08    0.00  320.24
2018/10/07 09:00:00  -10.494 -11.682   987.92   1.358   0.608 1.000 9.365e-08    2.95  311.96
2018/10/07 12:00:00  -11.204 -13.787   988.81   1.155   0.352 1.000 1.283e-07   36.37  311.89
2018/10/07 15:00:00   -9.784 -13.932   989.49   0.938  -0.254 1.000 5.730e-08   31.74  313.15
2018/10/07 18:00:00   -9.175 -14.690   990.31   0.846  -1.157 1.000 1.583e-08   14.05  307.04
2018/10/07 21:00:00   -9.076 -14.493   992.20   0.730  -1.737 1.000 1.709e-08    0.00  303.24
2018/10/08 00:00:00   -9.372 -13.076   993.18   0.380  -3.043 1.000 5.875e-09    0.00  293.67
2018/10/08 03:00:00   -8.936 -11.675   994.00   0.195  -3.760 1.000 3.464e-09    0.00  284.78
2018/10/08 06:00:00   -9.075 -11.637   994.54   0.100  -3.137 1.000 5.521e-09    0.00  284.54
2018/10/08 09:00:00   -9.860 -10.624   995.95   0.168  -2.677 1.000 7.197e-09    4.87  283.67
2018/10/08 12:00:00   -9.888  -9.633   997.15   0.618  -3.070 0.999 1.245e-09   93.35  290.92
2018/10/08 15:00:00   -9.615  -8.758   996.55   0.365  -3.968 0.994 8.263e-10  132.54  276.56
2018/10/08 18:00:00  -10.036  -7.055   996.61   0.351  -4.157 1.000 1.449e-09   21.51  285.89
2018/10/08 21:00:00  -10.023  -6.195   997.19   0.500  -3.808 1.000 9.578e-09    0.00  292.81
2018/10/09 00:00:00   -9.648  -6.463   996.36   1.188  -3.118 0.999 3.813e-09    0.00  287.38
2018/10/09 03:00:00  -10.644  -5.091   996.08   1.143  -4.006 0.994 1.781e-10    0.00  280.59
2018/10/09 06:00:00  -10.162  -5.114   995.48   1.241  -3.856 1.000 1.381e-09    0.00  288.57
2018/10/09 09:00:00  -10.251  -5.815   996.25   1.454  -2.823 1.000 2.637e-09    4.36  296.18
2018/10/09 12:00:00  -11.380  -5.513   996.43   2.061  -1.376 1.000 5.216e-09   76.63  297.11
2018/10/09 15:00:00  -10.613  -3.135   995.70   2.502  -0.429 1.000 5.384e-09   86.86  298.27
2018/10/09 18:00:00  -10.593  -1.861   995.59   2.777  -0.017 1.000 1.322e-08   17.91  296.22
2018/10/09 21:00:00  -10.315  -3.057   995.70   2.315  -0.144 1.000 2.830e-09    0.00  289.06
2018/10/10 00:00:00  -10.311  -4.254   995.46   2.562  -1.232 1.000 1.498e-08    0.00  300.70
2018/10/10 03:00:00   -9.369  -5.394   994.43   1.906  -0.064 1.000 7.361e-08    0.00  292.87
2018/10/10 06:00:00   -9.168  -6.404   993.78   2.243   0.820 0.999 5.221e-08    0.00  301.07
2018/10/10 09:00:00   -6.720  -4.197   993.77   3.154   2.146 0.999 9.813e-09    3.24  293.03
2018/10/10 12:00:00   -6.484  -6.039   994.92   3.098   2.074 0.946 3.255e-09  114.16  285.66
2018/10/10 15:00:00   -5.272  -4.024   995.57   3.170   2.116 0.442 6.878e-10  170.89  263.56
2018/10/10 18:00:00   -2.967  -5.478   997.61   2.890   1.937 0.592 3.845e-11   36.67  257.21
2018/10/10 21:00:00   -3.722  -4.973  1000.18   2.824   1.953 0.490 1.024e-10    0.00  276.45
2018/10/11 00:00:00   -4.333  -4.862  1001.49   2.277   1.340 0.699 8.830e-11    0.00  288.54
2018/10/11 03:00:00   -5.333  -4.804  1001.91   2.252   1.329 0.839 4.018e-11    0.00  272.80
2018/10/11 06:00:00   -5.904  -7.577  1001.91   2.123   1.163 0.954 0.000e+00    0.00  266.74
2018/10/11 09:00:00   -8.998 -10.250  1000.67   2.122   1.120 1.000 7.453e-10    2.11  304.55
2018/10/11 12:00:00   -9.825 -11.682   998.36   2.070   1.143 1.000 2.415e-08   32.15  315.44
2018/10/11 15:00:00  -11.012 -13.499   994.49   1.439   0.616 1.000 7.087e-08   19.68  316.05
2018/10/11 18:00:00  -13.031 -16.305   990.91   1.126  -0.223 1.000 6.342e-08    3.22  315.00
2018/10/11 21:00:00  -13.312 -16.386   989.53   0.833  -0.730 1.000 1.627e-08    0.00  309.35
2018/10/12 00:00:00  -13.274 -16.470   987.30   0.333  -1.362 1.000 8.883e-08    0.00  309.38
2018/10/12 03:00:00  -14.068 -16.611   985.13   0.340  -1.333 1.000 1.054e-07    0.00  309.70
2018/10/12 06:00:00  -13.649 -14.980   985.30   0.216  -1.354 1.000 1.231e-07    0.00  311.31
2018/10/12 09:00:00  -12.174 -13.361   987.69   0.247  -1.383 1.000 1.070e-07    0.30  313.48
2018/10/12 12:00:00  -11.723 -11.693   990.08   0.807  -0.869 0.999 8.466e-09   41.22  313.09
2018/10/12 15:00:00  -10.584 -11.822   989.73   0.746  -1.033 1.000 1.136e-09   58.19  308.57
2018/10/12 18:00:00  -10.626 -11.679   988.94   0.626  -1.685 1.000 1.069e-09    9.56  307.55
2018/10/12 21:00:00   -9.857 -12.879   986.76   0.637  -2.124 1.000 1.947e-10    0.00  300.50
2018/10/13 00:00:00   -7.751 -12.034   984.15   0.942  -2.497 1.000 4.496e-09    0.00  304.09
2018/10/13 03:00:00   -5.829 -10.628   982.31   1.247  -1.812 1.000 1.889e-08    0.00  305.89
2018/10/13 06:00:00   -1.443  -9.140   980.70   1.338  -1.416 1.000 1.751e-08    0.00  304.23
2018/10/13 09:00:00    9.156  -3.250   980.04   1.780   0.162 1.000 3.178e-08    0.82  300.20
2018/10/13 12:00:00    9.328  -0.699   980.40   1.587  -0.179 1.000 5.033e-08   30.09  307.45
2018/10/13 15:00:00    7.848   0.741   980.74   1.813  -0.193 1.000 2.860e-08   49.92  308.14
2018/10/13 18:00:00    6.613   2.840   981.65   2.161  -0.267 1.000 1.179e-08    9.74  301.32
2018/10/13 21:00:00    5.939   3.234   982.68   2.169   0.243 1.000 1.597e-08    0.00  304.00
2018/10/14 00:00:00    4.856   3.746   982.87   2.781   0.471 0.990 6.957e-09    0.00  287.55
2018/10/14 03:00:00    3.043   4.366   982.87   3.143   0.515 0.990 1.019e-09    0.00  292.39
2018/10/14 06:00:00    2.365   4.161   982.22   3.323   0.942 0.961 1.466e-10    0.00  278.45
2018/10/14 09:00:00    1.219   3.941   982.40   3.465   1.509 0.479 7.936e-12    1.51  254.37
2018/10/14 12:00:00    1.544   3.779   982.48   3.368   1.662 0.429 7.910e-11  144.61  243.71
2018/10/14 15:00:00    2.973   2.974   982.90   3.318   1.630 0.370 1.483e-10  167.60  256.57
2018/10/14 18:00:00    1.426   4.358   983.72   3.654   1.422 0.592 0.000e+00   18.53  270.96
2018/10/14 21:00:00    1.401   4.862   985.12   4.052   1.536 0.620 3.562e-10    0.00  280.36
2018/10/15 00:00:00    1.088   3.647   985.77   3.709   2.301 0.717 3.202e-10    0.00  289.55
2018/10/15 03:00:00    0.760   2.605   986.58   3.310   2.407 0.825 1.466e-10    0.00  290.13
2018/10/15 06:00:00    0.656   2.190   987.46   3.480   2.363 0.421 4.540e-09    0.00  276.01
2018/10/15 09:00:00   -0.217   2.527   988.96   3.719   2.457 0.518 2.026e-09    0.83  272.85
2018/10/15 12:00:00   -0.350   3.061   989.43   3.501   2.537 0.599 1.563e-10  121.83  259.43
2018/10/15 15:00:00   -0.729   3.567   989.78   3.612   2.406 0.515 3.492e-09  138.28  262.25
2018/10/15 18:00:00   -1.834   2.832   990.03   3.601   2.496 0.297 3.792e-09   15.85  275.83
2018/10/15 21:00:00   -3.530   1.688   990.42   3.523   2.653 0.324 1.708e-09    0.00  265.65
2018/10/16 00:00:00   -3.960  -0.478   989.79   3.287   2.583 0.163 2.647e-10    0.00  259.07
2018/10/16 03:00:00   -4.985  -1.392   988.74   3.383   2.524 0.227 1.414e-11    0.00  250.33
2018/10/16 06:00:00   -6.028  -3.770   987.68   3.404   2.200 0.988 3.448e-11    0.00  271.04
2018/10/16 09:00:00   -6.969  -7.140   986.38   3.495   1.958 1.000 5.829e-11    0.31  286.11
2018/10/16 12:00:00   -7.605  -9.814   985.04   2.826   1.589 1.000 2.105e-09   64.63  298.24
2018/10/16 15:00:00   -5.292 -12.371   983.07   1.710   1.222 1.000 4.875e-08   38.21  316.05
2018/10/16 18:00:00   -5.664 -14.635   982.31   1.316   0.444 1.000 6.668e-08    2.22  317.75
2018/10/16 21:00:00   -5.956 -15.306   982.82   1.314  -0.018 1.000 4.653e-08    0.00  314.31
2018/10/17 00:00:00   -5.167 -15.447   983.42   1.271  -0.336 1.000 4.734e-08    0.00  308.91
2018/10/17 03:00:00   -0.337 -16.088   985.94   1.208  -0.419 1.000 1.098e-07    0.00  308.64
2018/10/17 06:00:00    6.056 -11.788   989.83   1.359  -0.191 1.000 1.516e-07    0.00  306.60
2018/10/17 09:00:00    7.880  -6.452   994.43   1.527   0.397 1.000 1.122e-07    0.03  305.16
2018/10/17 12:00:00    5.365  -4.010   998.02   1.400  -0.043 1.000 3.752e-08   38.61  301.76
2018/10/17 15:00:00    4.392   0.142  1000.39   1.513  -0.162 0.916 4.237e-09   77.39  289.30
2018/10/17 18:00:00    3.032   1.661  1002.59   1.477   0.399 0.962 1.320e-09    9.04  277.66
2018/10/17 21:00:00   -1.789   2.135  1004.12   1.849   0.896 1.000 3.844e-10    0.00  266.00
2018/10/18 00:00:00   -2.114   2.588  1003.99   2.292   1.065 0.983 2.070e-08    0.00  282.51
2018/10/18 03:00:00   -3.982   1.277  1002.83   2.994   1.199 1.000 2.559e-09    0.00  296.65
2018/10/18 06:00:00   -8.147   2.190  1000.89   3.335   1.411 0.975 6.725e-09    0.00  299.90
2018/10/18 09:00:00  -11.899   2.311   998.76   3.126   0.924 1.000 2.221e-08    0.01  309.01
2018/10/18 12:00:00  -13.027  -0.221   995.89   3.278   1.436 1.000 5.596e-08   32.43  313.18
2018/10/18 15:00:00  -12.587  -1.885   992.17   3.937   1.979 0.999 5.675e-08   44.89  319.45
2018/10/18 18:00:00  -10.936  -3.932   988.34   4.080   2.438 1.000 3.880e-08    2.96  322.14
2018/10/18 21:00:00   -8.643  -5.824   985.34   3.704   2.691 1.000 1.411e-07    0.00  328.70
2018/10/19 00:00:00   -3.270  -3.907   982.78   3.529   2.903 0.996 1.517e-07    0.00  329.45
2018/10/19 03:00:00   -1.047   1.592   982.75   3.494   2.801 0.774 1.365e-08    0.00  319.53
2018/10/19 06:00:00   -3.489   1.798   982.78   3.828   2.964 0.963 1.348e-08    0.00  309.29
2018/10/19 09:00:00   -2.888  -1.764   984.47   3.153   2.204 1.000 2.992e-08    0.00  311.62
2018/10/19 12:00:00   -2.713  -4.030   986.25   2.337   1.494 0.991 2.088e-08   42.75  317.66
2018/10/19 15:00:00   -3.941  -7.395   989.04   1.187  -0.006 0.847 1.662e-08   46.42  315.94
2018/10/19 18:00:00   -7.521  -6.049   991.55   0.558  -1.097 1.000 7.999e-09    2.46  309.93
2018/10/19 21:00:00   -9.442  -4.957   992.90   0.529  -1.282 1.000 2.177e-08    0.00  316.11
2018/10/20 00:00:00   -6.530   1.670   992.55   1.409   0.285 1.000 5.041e-08    0.00  315.01
2018/10/20 03:00:00   -2.680   1.666   990.00   1.728   0.528 0.987 4.169e-08    0.00  304.51
2018/10/20 06:00:00   -8.335  -2.745   986.66   1.950   1.037 1.000 1.195e-08    0.00  306.41
2018/10/20 09:00:00  -10.736  -5.527   983.08   1.418   0.436 1.000 4.474e-08    0.00  314.42
2018/10/20 12:00:00   -9.618 -10.369   979.56   1.168   0.576 1.000 1.095e-07   14.50  314.67
2018/10/20 15:00:00  -10.701 -11.648   977.80   0.834  -0.697 1.000 9.579e-08   18.86  312.90
2018/10/20 18:00:00  -11.040 -11.112   978.36   0.596  -1.454 1.000 8.250e-08    0.74  310.13
2018/10/20 21:00:00  -10.590 -10.462   979.81   0.600  -1.968 1.000 4.702e-08    0.00  305.12
2018/10/21 00:00:00   -9.231  -9.190   981.51   0.619  -2.642 1.000 1.832e-08    0.00  300.16
2018/10/21 03:00:00   -5.173  -7.873   984.12   0.512  -2.940 1.000 1.945e-08    0.00  294.72
2018/10/21 06:00:00   -0.241  -4.638   986.83   0.274  -3.446 1.000 5.506e-09    0.00  283.42
2018/10/21 09:00:00    4.613   1.516   990.02   0.506  -3.133 1.000 5.068e-09    0.00  285.95
2018/10/21 12:00:00    7.294   7.469   991.60   1.774  -1.649 1.000 2.485e-09   54.57  285.92
2018/10/21 15:00:00    7.019   6.634   992.89   2.817  -0.066 0.805 3.041e-09   82.38  282.07
2018/10/21 18:00:00    7.951   3.136   994.47   2.950   0.148 0.588 9.673e-11    4.25  255.85
2018/10/21 21:00:00    3.973   2.966   995.90   2.724  -0.123 0.511 3.418e-09    0.00  251.82
2018/10/22 00:00:00    1.389   4.209   994.66   2.007  -0.642 0.554 9.095e-09    0.00  251.70
2018/10/22 03:00:00    3.343   4.089   993.81   1.939  -0.949 0.519 9.252e-09    0.00  268.78
2018/10/22 06:00:00    5.290   4.070   993.49   1.816  -2.052 0.371 1.550e-09    0.00  266.93
2018/10/22 09:00:00    4.139   1.695   994.18   1.636  -3.412 0.215 3.311e-10    0.00  244.81
2018/10/22 12:00:00    1.224   0.550   994.95   1.071  -2.302 0.175 1.327e-09   98.32  243.38
2018/10/22 15:00:00    2.470  -0.437   996.18   0.690  -1.653 0.398 4.814e-09   86.64  258.48
2018/10/22 18:00:00    0.929  -3.280   998.22   0.327  -1.790 0.316 1.099e-08    2.24  268.79
2018/10/22 21:00:00   -2.927  -8.008  1001.60  -0.107  -2.288 0.635 6.640e-09    0.00  259.07
2018/10/23 00:00:00   -5.154  -7.776  1006.05   0.173  -2.370 0.636 1.831e-08    0.00  273.62
2018/10/23 03:00:00   -1.774  -3.645  1009.09   0.121  -3.425 0.486 5.926e-09    0.00  239.75
2018/10/23 06:00:00   -0.375  -3.389  1010.91  -0.178  -4.134 0.320 2.869e-09    0.00  242.42
2018/10/23 09:00:00   -1.139  -1.757  1012.35  -0.347  -4.407 0.471 1.986e-09    0.00  237.40
2018/10/23 12:00:00   -2.725  -1.159  1012.74   0.083  -4.215 0.521 3.493e-09   88.96  253.56
2018/10/23 15:00:00   -3.377  -0.837  1013.14   0.453  -3.731 0.858 1.816e-09  110.61  256.65
2018/10/23 18:00:00   -5.517  -0.433  1012.29   0.954  -3.091 1.000 3.134e-09    1.68  269.61
2018/10/23 21:00:00   -8.297  -0.433  1012.14   1.191  -2.950 0.985 1.413e-08    0.00  301.05
2018/10/24 00:00:00  -12.340  -2.667  1010.65   1.036  -3.266 1.000 1.422e-08    0.00  303.00
2018/10/24 03:00:00  -11.617  -6.070  1009.65   0.379  -3.635 1.000 1.565e-08    0.00  290.17
2018/10/24 06:00:00  -11.178  -8.241  1010.44   0.232  -4.686 1.000 2.079e-08    0.00  292.74
2018/10/24 09:00:00   -8.614 -11.170  1013.05  -0.290  -4.769 1.000 7.958e-09    0.00  281.99
2018/10/24 12:00:00   -4.762 -10.038  1015.48  -0.493  -4.939 0.905 5.067e-09   51.33  282.28
2018/10/24 15:00:00   -1.653 -10.010  1018.34  -0.311  -5.263 0.881 5.098e-09   82.87  262.71
2018/10/24 18:00:00    1.809  -7.726  1020.19   0.259  -7.246 0.611 2.599e-09    1.07  262.64
2018/10/24 21:00:00    5.156  -5.482  1021.13   0.424  -6.960 0.319 2.417e-10    0.00  251.76
2018/10/25 00:00:00    4.947  -5.456  1021.86  -0.052  -6.418 0.160 4.212e-11    0.00  222.62
2018/10/25 03:00:00    3.331  -5.829  1022.30  -0.092  -6.584 0.158 1.347e-10    0.00  219.60
2018/10/25 06:00:00    1.629  -7.792  1022.66  -0.656  -4.298 0.941 1.084e-08    0.00  269.15
2018/10/25 09:00:00   -0.520 -10.962  1023.56  -0.954  -3.096 0.975 2.203e-08    0.00  266.78
2018/10/25 12:00:00   -3.458  -9.992  1024.68  -0.770  -2.804 0.995 3.052e-08   33.48  294.37
2018/10/25 15:00:00   -4.984  -8.792  1026.33  -0.656  -3.021 0.988 1.108e-08   50.74  282.53
2018/10/25 18:00:00   -5.736  -7.835  1027.80  -0.697  -3.410 0.970 4.876e-09    0.79  237.81
2018/10/25 21:00:00   -5.608  -6.355  1030.17  -0.869  -3.858 0.930 7.064e-09    0.00  256.05
2018/10/26 00:00:00   -6.158  -6.350  1031.19  -0.663  -4.655 0.480 1.890e-09    0.00  239.16
2018/10/26 03:00:00   -5.172  -5.241  1033.12  -1.033  -5.524 0.283 1.350e-09    0.00  223.46
2018/10/26 06:00:00   -3.853  -5.557  1035.30  -1.334  -5.870 0.279 1.833e-09    0.00  218.40
2018/10/26 09:00:00   -3.268  -5.428  1037.76  -1.587  -6.101 0.371 4.111e-09    0.00  211.63
2018/10/26 12:00:00   -3.533  -3.515  1039.88  -1.860  -6.670 0.328 3.451e-09   94.63  217.14
2018/10/26 15:00:00   -2.113  -3.517  1042.15  -1.739  -8.414 0.456 0.000e+00  118.05  205.43
2018/10/26 18:00:00   -2.199  -3.078  1043.95  -1.701  -8.824 0.166 0.000e+00    0.38  202.07
2018/10/26 21:00:00   -1.486  -1.937  1046.31  -1.633  -8.960 0.601 1.414e-11    0.00  229.57
2018/10/27 00:00:00   -1.880   0.514  1045.84  -1.483 -10.175 1.000 1.414e-11    0.00  221.15
2018/10/27 03:00:00   -1.776   2.406  1045.83  -1.209 -10.051 1.000 0.000e+00    0.00  244.66
2018/10/27 06:00:00   -0.702   4.487  1044.00  -0.643  -9.127 1.000 4.485e-10    0.00  272.88
2018/10/27 09:00:00   -0.709   6.965  1040.82  -0.106  -7.158 1.000 6.759e-09    0.00  280.59
2018/10/27 12:00:00   -0.595   7.754  1037.08   0.155  -4.810 1.000 2.177e-08   28.02  290.72
2018/10/27 15:00:00   -0.723   7.396  1031.93   0.855  -4.862 1.000 8.976e-10   54.48  289.65
2018/10/27 18:00:00    0.369   7.173  1026.54   0.997  -3.878 1.000 1.286e-08    0.02  300.05
2018/10/27 21:00:00   -4.290   6.582  1020.02   0.624  -1.976 1.000 6.011e-08    0.00  303.37
2018/10/28 00:00:00   -7.513   7.053  1012.23   1.700   1.175 1.000 1.260e-07    0.00  314.07
2018/10/28 03:00:00   -5.142  11.159  1003.88   3.759   2.201 1.000 9.352e-08    0.00  323.75
2018/10/28 06:00:00    4.312  10.067   997.40   4.825   3.294 1.000 5.048e-08    0.00  329.74
2018/10/28 09:00:00    6.344   7.289   996.21   2.647   2.525 0.983 1.728e-09    0.00  322.10
2018/10/28 12:00:00    3.150   7.387   994.74   2.897   1.848 0.879 8.135e-10   36.08  315.33
2018/10/28 15:00:00    2.572   5.004   992.54   2.617   1.620 0.999 4.499e-10   59.83  296.16
2018/10/28 18:00:00   -1.215   2.450   990.41   2.391   1.418 1.000 3.578e-09    0.00  301.08
2018/10/28 21:00:00   -2.028   0.478   988.74   2.568   1.579 1.000 1.240e-08    0.00  304.88
2018/10/29 00:00:00   -4.179   0.049   986.41   3.127   1.768 1.000 2.094e-08    0.00  312.10
2018/10/29 03:00:00   -2.850  -0.849   985.67   2.129   0.992 0.998 4.739e-08    0.00  304.83
2018/10/29 06:00:00   -7.851 -12.706   987.04  -0.828  -2.226 0.999 8.434e-08    0.00  300.53
2018/10/29 09:00:00   -7.849 -13.562   988.67  -1.749  -4.435 1.000 4.166e-08    0.00  293.91
2018/10/29 12:00:00   -5.635 -10.664   990.69  -1.243  -3.846 0.999 2.808e-08   14.82  298.59
2018/10/29 15:00:00   -8.542  -9.815   992.90  -1.250  -3.901 0.997 1.409e-08   21.80  296.48
2018/10/29 18:00:00   -9.553  -8.188   996.08  -1.160  -3.844 0.981 7.444e-09    0.00  296.95
2018/10/29 21:00:00   -9.895  -9.523   998.78  -0.968  -3.527 0.995 7.319e-09    0.00  286.02
2018/10/30 00:00:00  -10.246  -9.378  1000.50  -0.665  -2.608 0.989 4.239e-09    0.00  295.90
2018/10/30 03:00:00   -9.162 -10.336  1001.71  -0.725  -2.607 0.984 3.110e-09    0.00  292.25
2018/10/30 06:00:00  -10.193 -10.006  1002.79  -0.905  -2.868 1.000 4.234e-09    0.00  298.01
2018/10/30 09:00:00  -10.098 -10.678  1003.61  -0.989  -2.909 1.000 7.317e-10    0.00  288.50
2018/10/30 12:00:00  -10.789 -13.203  1003.49  -0.602  -2.228 0.996 1.477e-09   27.67  296.36
2018/10/30 15:00:00   -9.241 -14.527  1002.46  -0.651  -2.203 0.992 8.411e-09   29.13  299.64
2018/10/30 18:00:00   -8.687 -18.352  1000.49  -1.438  -3.347 1.000 5.279e-08    0.00  292.46
2018/10/30 21:00:00  -10.932 -17.917   998.35  -1.288  -3.262 1.000 9.520e-08    0.00  300.72
2018/10/31 00:00:00  -13.132 -16.737   997.70  -0.426  -1.970 1.000 8.963e-08    0.00  307.23
2018/10/31 03:00:00  -13.517 -15.015   997.86   0.348  -0.951 1.000 3.122e-08    0.00  301.63
2018/10/31 06:00:00  -11.944 -13.103   998.67   0.878   0.188 1.000 1.338e-07    0.00  308.52
2018/10/31 09:00:00  -14.465 -13.679  1000.97   1.033   0.008 1.000 7.299e-08    0.00  312.34
2018/10/31 12:00:00  -13.608 -13.331  1002.32   0.429  -0.674 0.999 2.419e-08   17.63  306.50
2018/10/31 15:00:00  -12.741 -15.451  1003.24  -0.469  -2.109 0.963 6.676e-09   32.52  301.48
2018/10/31 18:00:00  -11.209 -15.797  1004.19  -0.776  -2.481 0.939 3.571e-09    0.00  300.31
2018/10/31 21:00:00  -10.589 -15.211  1005.06  -0.800  -2.681 0.967 1.202e-08    0.00  286.68
2018/11/01 00:00:00  -12.374 -15.413  1005.97  -0.571  -2.309 0.921 3.851e-09    0.00  289.22
2018/11/01 03:00:00  -10.527 -13.800  1006.32  -0.717  -2.539 0.983 2.273e-09    0.00  274.38
2018/11/01 06:00:00   -9.577 -12.720  1006.85  -0.793  -2.576 1.000 4.963e-09    0.00  276.55
2018/11/01 09:00:00   -8.996 -12.309  1007.13  -0.601  -2.842 0.999 2.092e-09    0.00  275.60
2018/11/01 12:00:00   -9.077 -12.489  1007.52  -0.110  -2.163 0.997 7.455e-09   34.36  279.83
2018/11/01 15:00:00   -7.777 -12.496  1007.75  -0.202  -2.311 0.998 4.329e-08   23.87  298.99
2018/11/01 18:00:00   -7.525 -12.803  1008.54   0.014  -2.402 1.000 7.533e-08    0.00  299.42
2018/11/01 21:00:00   -6.508 -13.091  1009.17   0.023  -3.866 1.000 9.764e-09    0.00  288.88
2018/11/02 00:00:00   -5.256 -13.466  1009.66  -0.579  -4.989 1.000 7.937e-09    0.00  280.27
2018/11/02 03:00:00   -3.839 -13.087  1010.46  -0.717  -5.090 1.000 2.475e-08    0.00  286.35
2018/11/02 06:00:00   -4.589 -13.843  1010.35  -0.556  -5.485 1.000 2.318e-08    0.00  290.27
2018/11/02 09:00:00   -5.078 -15.060  1010.51  -0.867  -5.450 0.981 3.314e-09    0.00  273.04
2018/11/02 12:00:00   -5.241 -13.951  1011.06  -1.381  -5.329 0.998 3.412e-08   22.01  282.26
2018/11/02 15:00:00   -6.141 -13.102  1010.60  -1.381  -4.903 0.984 5.230e-08   25.47  287.62
2018/11/02 18:00:00   -7.421 -13.471  1009.95  -1.404  -4.497 1.000 6.280e-08    0.00  292.47
2018/11/02 21:00:00   -9.601 -11.998  1009.35  -0.887  -4.819 1.000 1.179e-08    0.00  293.98
2018/11/03 00:00:00   -8.958  -9.374  1007.00  -1.204  -6.032 0.254 0.000e+00    0.00  235.15
2018/11/03 03:00:00   -6.769  -5.636  1004.84  -0.682  -6.123 0.055 0.000e+00    0.00  213.57
2018/11/03 06:00:00   -6.378  -5.914  1002.37  -0.671  -5.737 0.135 0.000e+00    0.00  216.63
2018/11/03 09:00:00   -6.055  -7.088  1000.78  -0.803  -5.315 0.926 0.000e+00    0.00  242.97
2018/11/03 12:00:00   -4.504  -7.762   998.30  -0.672  -5.920 0.576 4.415e-11   43.93  267.50
2018/11/03 15:00:00   -3.225  -8.820   997.00  -0.621  -5.549 0.584 3.224e-10   55.19  248.88
2018/11/03 18:00:00   -3.511  -7.890   997.22  -0.306  -4.972 0.467 2.384e-10    0.00  236.55
2018/11/03 21:00:00    1.163  -6.883   996.57  -0.022  -4.073 0.240 1.726e-10    0.00  221.87
2018/11/04 00:00:00    4.258  -6.769   996.39  -0.199  -4.531 0.131 5.528e-11    0.00  231.59
2018/11/04 03:00:00    5.351  -6.476   996.10   0.220  -3.968 0.075 0.000e+00    0.00  230.04
2018/11/04 06:00:00    3.562  -6.418   996.18   0.561  -3.570 0.526 0.000e+00    0.00  235.47
2018/11/04 09:00:00    2.297  -5.570   996.47   1.176  -4.499 0.977 7.581e-11    0.00  243.96
2018/11/04 12:00:00   -1.381  -6.954   997.00   0.974  -4.656 1.000 2.679e-09   19.57  288.57
2018/11/04 15:00:00   -3.881 -12.730   997.04  -0.039  -2.346 1.000 3.772e-08   16.43  296.56
2018/11/04 18:00:00   -7.906 -13.472   997.10  -0.031  -1.944 1.000 3.171e-08    0.00  300.53
2018/11/04 21:00:00   -9.513 -13.262   997.07  -0.292  -2.498 1.000 3.056e-08    0.00  299.33
2018/11/05 00:00:00  -12.662 -10.850   997.10  -0.306  -2.592 1.000 2.497e-08    0.00  295.17
2018/11/05 03:00:00  -12.689 -10.147   996.91  -0.443  -2.830 1.000 1.952e-08    0.00  290.49
2018/11/05 06:00:00  -12.408  -9.293   997.21  -0.463  -3.162 1.000 2.207e-08    0.00  291.06
2018/11/05 09:00:00  -11.896 -10.152   997.84  -0.145  -3.933 1.000 1.727e-08    0.00  283.95
2018/11/05 12:00:00  -11.207  -9.607   999.11   0.255  -3.309 0.977 2.143e-08   16.80  291.08
2018/11/05 15:00:00  -12.100  -9.069  1000.39   0.140  -2.458 0.910 1.136e-08   34.78  288.39
2018/11/05 18:00:00  -11.296  -8.291  1002.50   0.072  -2.344 0.993 2.657e-09    0.00  250.32
2018/11/05 21:00:00  -11.261  -6.937  1004.57   0.361  -3.176 1.000 4.742e-10    0.00  253.37
2018/11/06 00:00:00  -11.838  -7.381  1005.92   0.282  -4.631 1.000 9.852e-10    0.00  281.09
2018/11/06 03:00:00  -12.201  -6.904  1006.33   0.246  -3.785 1.000 1.108e-08    0.00  280.20
2018/11/06 06:00:00  -13.718  -7.394  1006.76   0.701  -3.614 1.000 1.070e-08    0.00  286.11
2018/11/06 09:00:00  -13.875  -7.853  1007.03   0.971  -3.047 0.993 1.152e-08    0.00  292.46
2018/11/06 12:00:00  -13.232  -9.663  1007.18   1.341  -2.469 1.000 1.360e-08   13.78  296.21
2018/11/06 15:00:00  -14.160 -10.663  1005.56   1.532  -1.920 1.000 1.686e-08   17.06  301.08
2018/11/06 18:00:00  -14.653 -10.809  1005.67   1.709  -1.862 1.000 1.513e-08    0.00  304.48
2018/11/06 21:00:00  -14.826 -11.652  1004.90   1.950  -1.547 1.000 8.239e-09    0.00  304.85
2018/11/07 00:00:00  -14.744 -11.907  1005.07   1.858  -1.043 1.000 1.923e-08    0.00  304.04
2018/11/07 03:00:00  -15.800 -13.675  1003.88   1.774  -1.438 1.000 9.423e-09    0.00  302.39
2018/11/07 06:00:00  -15.017 -15.476  1003.63   1.366  -1.555 1.000 3.197e-08    0.00  305.73
2018/11/07 09:00:00  -14.097 -17.076  1003.35   0.843  -1.589 1.000 4.631e-08    0.00  305.39
2018/11/07 12:00:00  -13.227 -17.611  1003.58   0.319  -1.794 1.000 3.805e-08    6.28  306.25
2018/11/07 15:00:00  -12.362 -18.360  1003.09  -0.076  -1.930 1.000 5.519e-08    9.18  306.49
2018/11/07 18:00:00  -11.681 -18.626  1002.71  -0.019  -1.708 1.000 9.078e-08    0.00  307.16
2018/11/07 21:00:00  -11.534 -18.287  1002.98   0.059  -1.748 1.000 2.282e-08    0.00  308.76
2018/11/08 00:00:00  -11.908 -17.684  1002.94   0.137  -1.659 1.000 7.173e-09    0.00  308.76
2018/11/08 03:00:00  -11.867 -16.670  1002.37   0.349  -1.323 1.000 1.322e-08    0.00  309.99
2018/11/08 06:00:00  -11.605 -16.467  1001.57   0.383  -1.199 1.000 8.859e-09    0.00  311.31
2018/11/08 09:00:00  -12.473 -16.709   999.56   0.299  -1.307 1.000 2.037e-08    0.00  311.27
2018/11/08 12:00:00  -11.676 -16.925   997.90   0.341  -1.181 1.000 1.005e-08    4.45  311.41
2018/11/08 15:00:00  -12.230 -16.211   995.69   0.475  -0.929 1.000 1.686e-08    6.15  312.34
2018/11/08 18:00:00  -11.911 -14.265   994.39   0.950  -0.479 1.000 2.139e-08    0.00  314.63
2018/11/08 21:00:00  -11.115 -10.513   995.52   1.422   0.351 0.936 2.488e-08    0.00  310.67
2018/11/09 00:00:00   -9.339  -8.545   997.01   2.874   1.810 0.729 3.091e-10    0.00  278.82
2018/11/09 03:00:00   -9.129  -8.867   997.12   2.599   1.449 0.978 5.292e-09    0.00  281.82
2018/11/09 06:00:00   -9.920  -9.198   997.08   2.847   1.590 0.491 2.527e-11    0.00  286.37
2018/11/09 09:00:00   -9.710  -8.659   997.36   2.592   1.671 0.993 8.830e-11    0.00  269.73
2018/11/09 12:00:00  -10.881  -8.647   997.69   2.579   1.754 0.910 8.423e-12   19.01  283.77
2018/11/09 15:00:00  -10.221  -8.449   997.23   2.253   1.480 0.949 0.000e+00   26.07  308.60
2018/11/09 18:00:00  -11.159  -8.516   997.10   2.193   1.257 0.850 6.017e-10    0.00  298.14
2018/11/09 21:00:00  -10.562  -6.673   997.65   2.212   1.225 0.883 1.039e-09    0.00  286.18
2018/11/10 00:00:00  -10.866  -6.510   997.75   2.294   1.442 0.982 2.120e-10    0.00  310.58
2018/11/10 03:00:00  -10.112  -6.781   997.66   2.275   1.405 1.000 1.389e-09    0.00  308.38
2018/11/10 06:00:00  -11.254  -7.770   997.51   2.050   1.051 1.000 2.828e-09    0.00  311.88
2018/11/10 09:00:00  -10.502 -10.145   997.12   1.718   0.528 1.000 9.735e-09    0.00  315.67
2018/11/10 12:00:00  -10.672 -11.958   996.59   2.521   1.424 1.000 1.584e-08    4.71  321.35
2018/11/10 15:00:00  -11.091 -12.295   995.71   2.632   1.597 1.000 4.293e-09    7.46  316.95
2018/11/10 18:00:00  -10.290 -13.382   996.41   2.043   0.913 1.000 2.160e-09    0.00  316.14
2018/11/10 21:00:00  -10.541 -14.205   996.76   1.401   0.111 1.000 6.256e-09    0.00  319.59
2018/11/11 00:00:00  -10.527 -15.341   997.20   1.371   0.252 1.000 2.748e-08    0.00  310.47
2018/11/11 03:00:00  -11.533 -15.759   997.78   0.967  -0.356 1.000 2.888e-08    0.00  313.07
2018/11/11 06:00:00  -11.387 -16.463   999.88   0.504  -1.151 1.000 1.232e-08    0.00  309.65
2018/11/11 09:00:00  -11.063 -16.614  1002.21   0.047  -1.833 1.000 1.172e-08    0.00  307.91
2018/11/11 12:00:00  -11.566 -15.874  1004.69  -0.431  -2.614 1.000 9.480e-09    8.46  306.12
2018/11/11 15:00:00  -11.662 -15.679  1006.25  -0.835  -3.394 1.000 3.824e-09   12.78  299.33
2018/11/11 18:00:00  -11.607 -15.336  1008.45  -1.121  -4.037 0.999 1.165e-08    0.00  301.49
2018/11/11 21:00:00  -10.937 -15.065  1009.35  -1.323  -4.320 0.999 2.669e-09    0.00  281.54
2018/11/12 00:00:00  -11.605 -14.190  1009.54  -1.648  -4.495 1.000 1.271e-08    0.00  288.60
2018/11/12 03:00:00  -11.306 -13.823  1009.31  -1.734  -4.301 1.000 2.190e-08    0.00  296.06
2018/11/12 06:00:00  -10.667 -14.115  1009.44  -1.685  -4.110 1.000 2.301e-08    0.00  297.69
2018/11/12 09:00:00  -10.091 -13.869  1009.42  -1.411  -3.717 1.000 1.267e-08    0.00  299.77
2018/11/12 12:00:00  -10.458 -13.312  1008.98  -0.800  -3.016 1.000 1.211e-08    3.17  299.95
2018/11/12 15:00:00  -11.420 -12.223  1007.90  -0.517  -2.600 1.000 1.094e-08    5.36  303.47
2018/11/12 18:00:00  -11.526 -11.619  1007.69  -0.127  -2.074 1.000 8.834e-09    0.00  304.90
2018/11/12 21:00:00  -11.777 -10.236  1007.67   0.302  -1.614 1.000 1.504e-08    0.00  305.77
2018/11/13 00:00:00  -10.871 -10.598  1007.14   0.991  -1.572 1.000 3.813e-09    0.00  308.47
2018/11/13 03:00:00  -10.726 -10.672  1006.07   0.616  -1.516 1.000 3.713e-09    0.00  307.41
2018/11/13 06:00:00  -11.728  -9.510  1005.14   0.639  -1.180 1.000 2.181e-08    0.00  308.24
2018/11/13 09:00:00  -12.084  -8.499  1005.23   0.891  -0.924 1.000 1.808e-08    0.00  312.03
2018/11/13 12:00:00  -11.381  -8.697  1004.71   1.399  -1.323 0.998 5.417e-10    7.21  306.35
2018/11/13 15:00:00  -11.295  -6.845  1004.34   1.031  -1.580 1.000 3.816e-09   10.53  308.53
2018/11/13 18:00:00  -10.089  -8.705  1003.72   1.057  -1.692 1.000 7.111e-09    0.00  303.54
2018/11/13 21:00:00   -9.032 -10.275  1003.26   0.654  -1.511 0.999 3.414e-09    0.00  305.66
2018/11/14 00:00:00   -8.839  -9.718  1002.30   0.837  -0.701 1.000 2.027e-09    0.00  303.64
2018/11/14 03:00:00   -7.984 -11.313  1001.25   0.958  -0.310 1.000 9.526e-09    0.00  312.49
2018/11/14 06:00:00   -7.769 -11.431  1001.50   1.171   0.134 0.999 2.690e-09    0.00  311.27
2018/11/14 09:00:00   -9.639 -12.210  1002.00   0.828  -0.258 1.000 1.351e-08    0.00  309.35
2018/11/14 12:00:00   -9.905 -11.169  1003.20   0.763  -0.420 0.974 9.645e-09    3.98  308.83
2018/11/14 15:00:00  -10.903 -10.376  1003.98   0.577  -0.766 1.000 6.532e-09   11.82  305.26
2018/11/14 18:00:00  -11.881  -9.811  1004.48   0.226  -1.143 0.972 3.531e-09    0.00  303.63
2018/11/14 21:00:00  -13.204  -8.037  1004.53   0.152  -1.497 1.000 9.431e-09    0.00  301.47
2018/11/15 00:00:00  -12.495  -7.030  1003.98   1.683  -1.095 0.850 1.599e-09    0.00  289.20
2018/11/15 03:00:00  -12.714  -7.974  1001.56   1.235  -1.841 0.991 3.818e-09    0.00  279.73
2018/11/15 06:00:00  -11.765 -10.826  1000.14   0.811  -2.705 1.000 7.255e-09    0.00  288.18
2018/11/15 09:00:00  -11.834 -12.034   999.30   0.427  -3.869 1.000 3.386e-09    0.00  296.53
2018/11/15 12:00:00  -11.510 -13.230   999.61  -0.655  -4.644 1.000 2.499e-09    4.93  291.68
2018/11/15 15:00:00  -10.698 -13.241   999.00  -1.607  -4.636 1.000 9.643e-10   10.94  291.15
2018/11/15 18:00:00  -10.379 -13.599   999.70  -2.009  -4.625 1.000 2.584e-09    0.00  288.51
2018/11/15 21:00:00  -10.770 -13.029  1001.59  -2.111  -4.867 0.999 3.551e-10    0.00  278.14
2018/11/16 00:00:00   -9.784 -11.232  1002.42  -2.305  -5.487 0.986 1.448e-10    0.00  273.24
2018/11/16 03:00:00   -8.067  -9.517  1004.73  -2.357  -6.163 0.970 3.865e-10    0.00  257.34
2018/11/16 06:00:00  -10.052  -7.120  1007.82  -2.161  -6.135 0.269 1.398e-10    0.00  250.08
2018/11/16 09:00:00  -10.703  -5.936  1010.36  -1.739  -5.611 0.452 0.000e+00    0.00  239.76
2018/11/16 12:00:00  -11.187  -4.787  1012.90  -1.048  -5.085 0.853 1.685e-11    8.41  241.90
2018/11/16 15:00:00  -13.230  -5.254  1013.70  -0.611  -3.537 1.000 0.000e+00   13.84  269.29
2018/11/16 18:00:00  -15.388  -6.342  1012.02   0.592  -1.548 1.000 4.457e-09    0.00  302.36
2018/11/16 21:00:00  -15.746  -6.895  1010.92   2.114   0.322 1.000 6.927e-08    0.00  311.62
2018/11/17 00:00:00  -15.478  -7.023  1008.07   2.310   1.655 1.000 2.405e-07    0.00  318.99
2018/11/17 03:00:00  -13.333   3.126  1004.20   5.830   3.542 1.000 1.950e-07    0.00  330.98
2018/11/17 06:00:00  -11.359   6.365  1003.10   6.609   3.855 1.000 1.378e-07    0.00  338.47
2018/11/17 09:00:00   -9.625   8.680  1003.31   7.043   4.439 1.000 1.157e-07    0.00  343.14
2018/11/17 12:00:00   -8.910   8.298  1003.97   7.418   5.041 1.000 5.935e-08    0.97  345.06
2018/11/17 15:00:00   -7.838   8.920  1004.61   7.508   5.041 1.000 8.100e-09    4.29  342.13
2018/11/17 18:00:00   -5.591   9.331  1006.32   7.338   5.086 1.000 1.864e-08    0.00  342.96
2018/11/17 21:00:00   -6.127   8.151  1007.00   7.278   4.915 1.000 1.284e-07    0.00  344.29
2018/11/18 00:00:00   -8.016   9.683  1005.18   7.452   4.969 1.000 2.829e-08    0.00  336.23
2018/11/18 03:00:00   -5.327   9.948  1004.53   7.265   4.884 1.000 8.105e-08    0.00  346.22
2018/11/18 06:00:00   -0.687   5.647  1006.52   5.395   4.749 1.000 7.213e-08    0.00  341.33
2018/11/18 09:00:00   -4.295   5.620  1007.63   5.894   4.342 0.933 1.323e-08    0.00  307.77
2018/11/18 12:00:00   -3.305   8.505  1008.64   6.679   4.523 0.728 1.999e-08    3.75  296.70
2018/11/18 15:00:00    6.768   6.984  1010.90   5.295   3.827 0.999 8.899e-09    7.65  329.49
2018/11/18 18:00:00    6.222   5.673  1015.01   4.344   1.893 0.509 6.290e-10    0.00  291.19
2018/11/18 21:00:00    4.638   5.399  1017.91   4.288   1.344 0.857 0.000e+00    0.00  265.93
2018/11/19 00:00:00    4.027   4.457  1019.18   4.667   1.024 0.595 0.000e+00    0.00  254.94
2018/11/19 03:00:00    3.551   2.859  1019.96   4.388   1.530 0.017 0.000e+00    0.00  241.46
2018/11/19 06:00:00    0.882   4.303  1021.06   4.268   2.136 0.120 0.000e+00    0.00  238.95
2018/11/19 09:00:00   -0.860   2.819  1022.85   4.316   2.746 0.982 0.000e+00    0.00  256.53
2018/11/19 12:00:00   -4.429  -1.313  1025.26   4.431   2.813 1.000 1.561e-09    2.87  311.48
2018/11/19 15:00:00   -8.441  -1.871  1026.94   4.630   3.035 1.000 2.402e-08    2.13  336.62
2018/11/19 18:00:00   -9.766   0.192  1028.55   4.927   3.151 1.000 9.454e-09    0.00  321.04
2018/11/19 21:00:00   -9.500   0.502  1029.77   4.769   3.178 0.776 2.278e-09    0.00  321.35
2018/11/20 00:00:00   -8.635  -1.279  1031.07   4.541   2.802 0.877 1.650e-09    0.00  296.13
2018/11/20 03:00:00   -7.759  -1.942  1030.96   4.110   2.982 0.997 4.262e-09    0.00  313.27
2018/11/20 06:00:00   -5.903  -2.892  1030.63   3.835   2.880 1.000 1.156e-09    0.00  324.77
2018/11/20 09:00:00   -5.421  -3.477  1030.41   3.511   2.727 1.000 1.375e-09    0.00  320.24
2018/11/20 12:00:00   -4.782  -3.085  1029.69   2.095   1.670 1.000 2.000e-09    1.68  316.14
2018/11/20 15:00:00   -2.124  -2.547  1029.55   1.779   1.431 1.000 1.420e-09    7.10  315.94
2018/11/20 18:00:00    0.187  -1.099  1030.27   1.416   1.102 0.997 4.206e-09    0.00  311.51
2018/11/20 21:00:00    1.132  -0.326  1031.05   1.111   0.761 0.901 7.335e-10    0.00  301.78
2018/11/21 00:00:00    0.073   0.724  1030.83   1.327   0.425 0.366 3.224e-11    0.00  276.71
2018/11/21 03:00:00   -1.300   3.973  1029.85   1.941   0.899 0.952 4.590e-11    0.00  279.31
2018/11/21 06:00:00   -0.947   5.873  1029.12   3.121   1.577 0.923 8.507e-10    0.00  298.75
2018/11/21 09:00:00    0.602   7.313  1028.45   3.731   1.952 0.932 1.704e-09    0.00  323.64
2018/11/21 12:00:00    2.196   6.950  1027.52   5.076   3.566 0.974 7.474e-10    1.13  320.60
2018/11/21 15:00:00    6.890   2.476  1027.02   2.542   1.326 1.000 1.208e-09    2.60  333.25
2018/11/21 18:00:00    9.073   0.481  1027.93   1.801  -3.265 0.940 0.000e+00    0.00  295.67
2018/11/21 21:00:00    9.316   2.022  1027.80   1.466  -2.327 0.216 0.000e+00    0.00  240.03
2018/11/22 00:00:00    9.615   2.500  1027.64   1.241  -2.802 0.123 0.000e+00    0.00  223.15
2018/11/22 03:00:00    9.807   4.660  1026.17   0.775  -4.124 0.117 0.000e+00    0.00  216.57
2018/11/22 06:00:00    9.484   5.863  1024.90   0.630  -4.764 0.063 0.000e+00    0.00  214.86
2018/11/22 09:00:00    8.067   4.700  1025.22   0.665  -3.685 0.021 0.000e+00    0.00  212.95
2018/11/22 12:00:00    6.784   2.543  1026.93   0.391  -4.404 0.015 0.000e+00    1.90  210.98
2018/11/22 15:00:00    3.432   1.236  1027.27   0.444  -4.954 0.000 0.000e+00   11.82  207.99
2018/11/22 18:00:00   -0.361   1.675  1028.62   0.459  -4.721 0.000 0.000e+00    0.00  211.08
2018/11/22 21:00:00    1.160   4.025  1029.70   1.099  -4.090 0.000 0.000e+00    0.00  213.22
2018/11/23 00:00:00    0.049   0.065  1030.80   1.000  -3.081 0.088 0.000e+00    0.00  214.64
2018/11/23 03:00:00   -0.963   3.091  1029.89   1.790  -1.769 0.085 0.000e+00    0.00  217.50
2018/11/23 06:00:00    2.115   3.706  1029.43   2.189  -1.454 0.266 0.000e+00    0.00  221.01
2018/11/23 09:00:00    3.325   0.629  1029.27   1.145  -1.931 0.544 1.166e-10    0.00  285.72
2018/11/23 12:00:00    3.261   2.054  1029.55  -0.475  -1.448 0.909 1.267e-10    0.69  274.94
2018/11/23 15:00:00    5.431   5.040  1028.64   0.868  -2.192 0.081 2.527e-11    7.18  248.16
2018/11/23 18:00:00    6.726   3.363  1028.83   0.571  -3.700 0.016 0.000e+00    0.00  227.84
2018/11/23 21:00:00    6.097   3.894  1028.71   0.711  -5.235 0.007 0.000e+00    0.00  217.99
2018/11/24 00:00:00    6.216   2.458  1029.60   1.146  -5.346 0.001 0.000e+00    0.00  218.52
2018/11/24 03:00:00    5.578   2.444  1029.39   1.304  -5.494 0.037 0.000e+00    0.00  224.39
2018/11/24 06:00:00    5.459   2.168  1030.09   1.573  -4.346 0.015 0.000e+00    0.00  230.39
2018/11/24 09:00:00    5.229   2.127  1030.33   1.743  -2.786 0.058 0.000e+00    0.00  231.15
2018/11/24 12:00:00    5.601   1.197  1030.25   1.255  -2.232 0.149 0.000e+00    0.52  229.87
2018/11/24 15:00:00    5.876   1.622  1029.68   1.379  -0.998 0.008 0.000e+00    7.13  231.81
2018/11/24 18:00:00    5.827   2.216  1029.92   1.651   0.018 0.065 0.000e+00    0.00  234.79
2018/11/24 21:00:00    5.681   3.305  1029.01   2.025   0.881 0.432 8.830e-11    0.00  258.01
2018/11/25 00:00:00    7.421   2.441  1028.97   1.662   0.369 0.905 1.598e-10    0.00  275.14
2018/11/25 03:00:00    6.356   2.146  1028.33   1.000  -0.042 0.903 1.245e-10    0.00  264.96
2018/11/25 06:00:00    5.105   2.412  1028.46   0.541  -0.341 0.863 2.468e-10    0.00  273.82
2018/11/25 09:00:00    4.776   1.437  1028.76   0.208  -0.313 0.906 2.190e-10    0.00  275.76
2018/11/25 12:00:00    3.339   1.364  1028.39  -0.178  -1.510 0.897 1.784e-10    0.18  282.57
2018/11/25 15:00:00    2.984   1.434  1027.62  -0.925  -1.775 0.998 7.055e-10    3.18  296.29
2018/11/25 18:00:00    3.491   2.495  1027.14  -0.820  -1.846 0.997 6.822e-10    0.00  302.95
2018/11/25 21:00:00    3.982   1.027  1026.23  -0.895  -1.971 0.976 3.869e-10    0.00  296.69
2018/11/26 00:00:00    2.366   0.083  1024.69  -0.938  -1.902 0.821 1.573e-10    0.00  293.24
2018/11/26 03:00:00    1.917  -1.496  1023.58  -1.066  -2.088 0.827 9.944e-11    0.00  288.71
2018/11/26 06:00:00    1.980  -0.613  1022.36  -0.828  -1.811 0.850 8.705e-11    0.00  285.97
2018/11/26 09:00:00    3.103  -0.006  1021.23  -0.813  -1.935 0.961 2.777e-10    0.00  280.07
2018/11/26 12:00:00    3.991   1.195  1020.87  -1.020  -2.181 0.979 3.512e-10    0.04  299.29
2018/11/26 15:00:00    4.744   1.616  1020.23  -1.355  -2.974 0.987 2.332e-10    2.65  276.44
2018/11/26 18:00:00    4.886   0.833  1020.30  -1.608  -3.500 0.982 1.947e-10    0.00  274.23
2018/11/26 21:00:00    1.309  -4.348  1021.91  -2.614  -4.327 1.000 7.851e-10    0.00  288.17
2018/11/27 00:00:00   -2.714  -5.260  1022.26  -3.310  -5.599 0.999 9.292e-10    0.00  291.45
2018/11/27 03:00:00   -4.012  -5.003  1021.18  -2.673  -5.220 0.996 6.482e-10    0.00  288.51
2018/11/27 06:00:00   -5.515  -4.172  1019.95  -1.611  -4.375 1.000 1.171e-09    0.00  294.71
2018/11/27 09:00:00   -8.145  -5.800  1019.66  -0.946  -3.924 0.998 1.412e-09    0.00  291.74
2018/11/27 12:00:00   -9.662  -7.745  1019.02   0.312  -3.224 0.962 5.662e-09    0.01  295.53
2018/11/27 15:00:00  -11.965  -8.103  1018.43  -0.405  -3.181 0.980 1.426e-08    1.08  297.04
2018/11/27 18:00:00  -12.948  -8.084  1017.85  -0.695  -4.242 1.000 1.695e-08    0.00  285.50
2018/11/27 21:00:00  -11.791 -10.271  1017.94  -1.278  -5.241 1.000 2.287e-08    0.00  291.25
2018/11/28 00:00:00  -10.959 -12.577  1016.86  -2.433  -5.744 1.000 1.688e-08    0.00  285.34
2018/11/28 03:00:00  -11.659 -12.025  1015.55  -2.848  -6.063 1.000 1.287e-08    0.00  282.27
2018/11/28 06:00:00  -11.250 -12.525  1013.82  -3.043  -6.284 1.000 1.102e-08    0.00  277.30
2018/11/28 09:00:00  -11.232 -14.021  1013.47  -3.575  -6.790 0.998 1.563e-08    0.00  277.70
2018/11/28 12:00:00  -11.586 -13.539  1012.00  -3.521  -7.217 1.000 1.135e-08    0.00  273.27
2018/11/28 15:00:00  -11.687 -12.923  1010.54  -4.088  -8.254 0.982 2.942e-09    1.52  261.27
2018/11/28 18:00:00  -11.461 -13.236  1009.77  -4.797  -9.016 0.978 1.800e-09    0.00  254.35
2018/11/28 21:00:00  -10.816 -14.077  1008.45  -5.109  -9.267 0.969 1.038e-09    0.00  253.05
2018/11/29 00:00:00  -10.432 -14.961  1006.30  -5.473  -9.444 0.970 1.660e-09    0.00  246.70
2018/11/29 03:00:00  -10.799 -14.652  1004.04  -5.337  -9.104 0.983 4.941e-09    0.00  252.59
2018/11/29 06:00:00  -10.652 -15.886  1003.00  -5.822  -9.365 0.984 6.614e-09    0.00  255.50
2018/11/29 09:00:00  -10.760 -16.042  1002.73  -6.160  -9.601 0.985 4.128e-09    0.00  256.65
2018/11/29 12:00:00  -10.315 -15.658  1001.88  -6.175  -9.546 1.000 5.393e-09    0.00  258.31
2018/11/29 15:00:00  -10.011 -15.838  1001.58  -6.200  -9.298 0.997 1.054e-08    0.85  258.54
2018/11/29 18:00:00   -9.900 -16.842  1001.13  -6.235  -9.146 0.999 1.011e-08    0.00  256.22
2018/11/29 21:00:00   -9.517 -16.902  1000.98  -6.189  -9.077 1.000 1.230e-08    0.00  266.15
2018/11/30 00:00:00   -8.957 -16.705   999.89  -6.005  -8.897 1.000 1.636e-08    0.00  268.71
2018/11/30 03:00:00   -9.304 -17.440   999.40  -5.360  -8.204 1.000 1.261e-08    0.00  270.91
2018/11/30 06:00:00   -9.295 -17.414   999.16  -4.774  -7.584 1.000 9.846e-09    0.00  275.83
2018/11/30 09:00:00   -8.860 -17.793   999.84  -4.465  -7.449 1.000 1.044e-08    0.00  279.40
2018/11/30 12:00:00   -9.031 -18.638   999.60  -3.657  -6.421 1.000 6.083e-09    0.00  276.79
2018/11/30 15:00:00   -9.258 -17.790  1000.16  -3.375  -5.750 1.000 3.253e-09    0.55  268.81
2018/11/30 18:00:00   -8.393 -16.851  1001.64  -3.527  -5.596 1.000 3.717e-09    0.00  258.05
2018/11/30 21:00:00   -8.757 -16.587  1002.96  -3.858  -6.240 0.999 1.460e-09    0.00  245.75
2018/12/01 00:00:00   -9.160 -16.397  1003.47  -3.600  -6.383 0.981 1.110e-09    0.00  225.02
2018/12/01 03:00:00   -7.686 -16.357  1003.96  -3.640  -7.498 0.991 2.680e-10    0.00  232.41
2018/12/01 06:00:00   -9.638 -15.549  1004.30  -3.751  -8.648 0.960 1.418e-10    0.00  232.22
2018/12/01 09:00:00   -8.518 -14.881  1005.13  -3.568  -9.322 0.960 8.878e-10    0.00  242.43
2018/12/01 12:00:00   -7.194 -13.277  1005.73  -3.621  -9.055 0.656 7.405e-10    0.00  231.86
2018/12/01 15:00:00   -3.338 -12.633  1005.51  -3.775 -10.022 0.313 4.275e-10    0.42  217.05
2018/12/01 18:00:00   -3.569 -11.245  1005.70  -3.990 -10.535 0.782 2.564e-10    0.00  228.99
2018/12/01 21:00:00   -4.418  -9.439  1005.88  -3.942 -11.848 0.969 1.685e-11    0.00  211.83
2018/12/02 00:00:00   -2.168  -8.019  1005.66  -3.749 -11.241 0.988 0.000e+00    0.00  232.10
2018/12/02 03:00:00    0.113  -6.149  1005.28  -4.017 -10.843 0.903 0.000e+00    0.00  216.65
2018/12/02 06:00:00    0.236  -6.153  1005.38  -4.095 -10.582 0.639 0.000e+00    0.00  208.10
2018/12/02 09:00:00   -3.127  -5.389  1005.88  -4.060 -12.146 0.402 2.132e-09    0.00  216.25
2018/12/02 12:00:00   -3.389  -5.249  1006.47  -4.227 -12.309 0.174 0.000e+00    0.00  192.20
2018/12/02 15:00:00   -2.743  -4.840  1006.49  -4.490 -13.034 0.069 0.000e+00    0.27  187.20
2018/12/02 18:00:00   -4.120  -4.816  1007.29  -4.610 -13.732 0.176 0.000e+00    0.00  188.34
2018/12/02 21:00:00   -3.901  -5.624  1008.19  -4.641 -14.244 0.342 1.969e-10    0.00  193.97
2018/12/03 00:00:00   -2.740  -5.472  1008.65  -4.493 -13.719 0.561 1.011e-10    0.00  191.47
2018/12/03 03:00:00   -2.559  -5.606  1008.85  -4.589 -13.557 0.070 1.011e-10    0.00  189.49
2018/12/03 06:00:00   -3.554  -3.938  1008.06  -4.379 -13.510 0.358 1.193e-10    0.00  201.95
2018/12/03 09:00:00   -2.157  -1.493  1008.10  -4.259 -13.257 0.827 4.432e-10    0.00  214.03
2018/12/03 12:00:00   -2.263   0.487  1007.90  -3.738 -14.617 0.921 1.212e-09    0.00  207.99
2018/12/03 15:00:00   -1.746   1.328  1007.12  -3.416 -13.324 0.927 5.438e-10    0.08  218.04
2018/12/03 18:00:00   -3.392   1.853  1006.75  -2.666 -12.312 1.000 1.327e-09    0.00  230.43
2018/12/03 21:00:00   -4.589   2.495  1006.57  -2.488 -10.269 0.945 1.654e-08    0.00  261.87
2018/12/04 00:00:00   -5.427  -0.264  1006.40  -1.880  -8.004 0.811 6.755e-09    0.00  271.45
2018/12/04 03:00:00   -8.091  -3.133  1006.29  -1.939  -7.104 0.851 6.793e-09    0.00  248.32
2018/12/04 06:00:00   -8.986  -4.764  1007.23  -2.607  -6.105 0.626 9.857e-09    0.00  248.05
2018/12/04 09:00:00   -8.798  -5.182  1008.82  -3.140  -7.061 0.791 9.920e-09    0.00  226.23
2018/12/04 12:00:00   -6.588  -5.108  1010.46  -2.967  -7.419 0.913 2.709e-09    0.00  211.17
2018/12/04 15:00:00   -3.908  -3.455  1011.50  -3.113  -8.796 0.948 1.066e-09    0.04  217.73
2018/12/04 18:00:00   -3.366  -3.162  1012.27  -3.098 -10.407 0.956 2.196e-10    0.00  212.88
2018/12/04 21:00:00   -2.922  -2.242  1012.88  -2.801 -11.804 0.930 1.175e-09    0.00  225.39
2018/12/05 00:00:00   -4.187  -1.950  1013.29  -2.260  -9.335 0.933 1.823e-09    0.00  231.62
2018/12/05 03:00:00   -4.533  -0.709  1012.76  -1.655  -8.355 0.831 4.113e-09    0.00  251.59
2018/12/05 06:00:00   -3.925   0.083  1012.26  -0.807  -7.800 0.861 9.338e-09    0.00  246.34
2018/12/05 09:00:00   -4.728  -0.559  1011.77  -0.558  -6.654 0.991 1.844e-09    0.00  234.93
2018/12/05 12:00:00   -2.722  -2.265  1011.07  -0.007  -7.696 1.000 3.281e-09    0.00  234.17
2018/12/05 15:00:00   -3.436  -2.094  1009.19   0.631  -7.492 0.956 7.301e-10    0.00  242.76
2018/12/05 18:00:00   -3.659  -0.495  1008.09   0.920  -6.940 0.698 6.971e-09    0.00  244.08
2018/12/05 21:00:00   -4.286  -1.528  1006.89   1.182  -6.462 0.388 3.850e-10    0.00  245.48
2018/12/06 00:00:00   -5.039  -2.213  1005.71   1.056  -5.373 0.748 1.483e-10    0.00  244.71
2018/12/06 03:00:00   -5.839  -4.868  1003.82   1.096  -5.516 0.086 0.000e+00    0.00  236.62
2018/12/06 06:00:00   -7.158  -6.893  1001.75   0.798  -4.257 0.566 8.830e-11    0.00  251.41
2018/12/06 09:00:00   -7.921  -9.169  1000.36   0.692  -2.754 0.887 1.280e-10    0.00  236.90
2018/12/06 12:00:00   -8.849 -10.784   998.95   0.865  -1.864 0.938 2.405e-09    0.00  292.22
2018/12/06 15:00:00  -10.701 -10.375   997.57   0.277  -0.990 0.987 1.553e-08    0.00  300.31
2018/12/06 18:00:00  -11.879  -8.124   997.89   1.124  -1.473 0.999 2.764e-09    0.00  277.01
2018/12/06 21:00:00  -11.835  -9.496   999.16   0.788  -2.553 1.000 1.457e-08    0.00  288.67
2018/12/07 00:00:00  -13.673  -9.973   999.57   0.225  -2.759 1.000 7.345e-09    0.00  291.70
2018/12/07 03:00:00  -13.238 -10.005  1000.56  -0.156  -2.927 1.000 7.890e-09    0.00  286.38
2018/12/07 06:00:00  -11.371 -11.949  1001.77  -0.134  -3.178 1.000 4.359e-09    0.00  279.01
2018/12/07 09:00:00  -11.251 -11.093  1003.46  -0.418  -3.213 1.000 4.107e-09    0.00  274.33
2018/12/07 12:00:00  -10.249 -11.584  1004.91  -0.440  -2.902 0.992 3.840e-09    0.00  275.98
2018/12/07 15:00:00  -11.265  -9.742  1005.77  -0.455  -2.681 1.000 3.077e-09    0.00  268.88
2018/12/07 18:00:00  -10.775  -8.605  1006.12  -0.360  -2.860 0.994 2.355e-09    0.00  265.27
2018/12/07 21:00:00  -10.477  -6.811  1007.00   0.120  -2.921 1.000 2.277e-09    0.00  255.27
2018/12/08 00:00:00   -9.709  -5.745  1006.56   0.786  -3.681 0.999 2.061e-10    0.00  276.54
2018/12/08 03:00:00   -9.339  -4.209  1006.50   0.611  -4.226 0.990 1.738e-09    0.00  239.82
2018/12/08 06:00:00   -8.544  -3.420  1006.64   0.701  -4.597 0.972 2.767e-09    0.00  241.37
2018/12/08 09:00:00   -8.340  -4.252  1007.32   0.356  -4.213 0.960 1.286e-09    0.00  252.49
2018/12/08 12:00:00   -7.578  -4.638  1007.97   0.023  -4.396 0.976 3.374e-09    0.00  261.76
2018/12/08 15:00:00   -6.397  -4.903  1008.96  -0.280  -4.926 0.805 6.076e-10    0.00  246.69
2018/12/08 18:00:00   -5.531  -3.893  1010.33  -0.721  -6.069 0.739 0.000e+00    0.00  231.92
2018/12/08 21:00:00   -5.294  -3.328  1011.41  -1.172  -6.875 0.544 0.000e+00    0.00  214.61
2018/12/09 00:00:00   -4.993  -3.281  1013.10  -1.965  -7.164 0.918 0.000e+00    0.00  232.13
2018/12/09 03:00:00   -4.945  -2.099  1014.38  -1.961  -7.172 0.927 1.414e-11    0.00  258.20
2018/12/09 06:00:00   -5.067  -1.922  1015.35  -1.754  -6.883 0.965 1.051e-10    0.00  276.69
2018/12/09 09:00:00   -5.557  -1.739  1016.58  -1.225  -6.503 0.980 5.948e-10    0.00  279.94
2018/12/09 12:00:00   -5.608  -0.979  1017.79  -1.038  -6.681 1.000 1.537e-09    0.00  284.31
2018/12/09 15:00:00   -5.685  -1.118  1018.16  -0.476  -6.513 1.000 2.616e-09    0.00  292.68
2018/12/09 18:00:00   -6.781  -0.980  1018.92   0.080  -6.377 0.998 4.147e-09    0.00  290.31
2018/12/09 21:00:00   -7.040   0.208  1019.35   0.233  -4.501 0.986 3.528e-09    0.00  292.52
2018/12/10 00:00:00   -8.026  -0.007  1018.91   0.462  -5.278 0.916 5.097e-09    0.00  275.65
2018/12/10 03:00:00   -7.743   1.345  1017.62   0.823  -5.673 0.918 2.479e-09    0.00  253.52
2018/12/10 06:00:00   -7.040   1.919  1016.76   1.058  -5.490 0.800 7.173e-10    0.00  264.91
2018/12/10 09:00:00   -6.286   0.452  1015.45   1.697  -4.142 0.829 5.988e-10    0.00  255.89
2018/12/10 12:00:00   -6.348  -1.453  1014.65   1.858  -3.144 0.985 1.166e-10    0.00  283.17
2018/12/10 15:00:00   -7.787  -2.021  1012.12   2.197  -1.702 1.000 1.811e-11    0.00  284.02
2018/12/10 18:00:00  -10.588  -5.533  1009.02   2.061  -1.219 1.000 1.933e-10    0.00  295.71
2018/12/10 21:00:00  -12.824  -9.124  1004.68   1.880  -0.396 1.000 9.187e-09    0.00  284.38
2018/12/11 00:00:00  -12.999  -5.466  1001.41   1.659   0.316 1.000 8.166e-08    0.00  307.96
2018/12/11 03:00:00  -11.126  -4.708   999.83   2.789   1.279 1.000 7.737e-08    0.00  317.12
2018/12/11 06:00:00   -9.006  -9.472   998.65   2.675   1.475 1.000 8.872e-09    0.00  311.68
2018/12/11 09:00:00  -11.007 -12.280   996.52   1.064   0.270 1.000 5.764e-08    0.00  309.80
2018/12/11 12:00:00  -12.982 -13.831   993.21   0.928   0.108 1.000 7.405e-08    0.00  313.20
2018/12/11 15:00:00  -12.515  -9.536   991.16   1.331   0.533 1.000 6.129e-08    0.00  314.13
2018/12/11 18:00:00   -8.287  -6.671   991.91   2.221   1.033 0.970 3.358e-08    0.00  305.39
2018/12/11 21:00:00   -9.336  -6.739   992.73   2.413   1.198 0.711 7.756e-09    0.00  288.02
2018/12/12 00:00:00  -11.056  -6.878   992.96   1.737   0.518 0.948 1.385e-08    0.00  280.23
2018/12/12 03:00:00  -10.138  -4.849   992.88   1.851   0.834 0.785 2.747e-08    0.00  284.09
2018/12/12 06:00:00   -9.558  -1.537   992.74   3.013   1.353 0.804 1.539e-08    0.00  290.41
2018/12/12 09:00:00   -6.381   3.817   993.92   4.228   1.977 0.987 1.570e-08    0.00  296.85
2018/12/12 12:00:00   -1.979   4.247   997.00   4.375   2.084 0.597 7.346e-09    0.00  290.34
2018/12/12 15:00:00   -0.335   6.203   999.04   4.707   2.677 0.399 3.300e-09    0.00  293.09
2018/12/12 18:00:00    0.676   5.791  1001.81   4.454   2.689 0.990 3.483e-10    0.00  274.17
2018/12/12 21:00:00   -1.731   4.112  1003.64   4.220   2.724 0.998 4.306e-10    0.00  269.39
2018/12/13 00:00:00   -3.088   0.749  1004.58   3.889   2.632 1.000 1.913e-10    0.00  284.87
2018/12/13 03:00:00   -5.629  -1.565  1003.46   3.962   2.689 0.530 0.000e+00    0.00  270.20
2018/12/13 06:00:00   -6.433  -1.600  1002.07   4.121   2.236 0.995 0.000e+00    0.00  266.65
2018/12/13 09:00:00   -6.812  -3.602  1000.14   3.792   2.290 1.000 5.655e-11    0.00  270.76
2018/12/13 12:00:00   -7.002  -5.427   998.67   3.309   2.495 1.000 4.415e-11    0.00  281.58
2018/12/13 15:00:00   -8.280  -3.783   996.29   4.001   2.695 1.000 1.212e-09    0.00  297.52
2018/12/13 18:00:00   -8.339  -4.343   993.70   3.971   2.880 1.000 1.781e-10    0.00  292.31
2018/12/13 21:00:00   -8.556  -4.818   992.40   4.082   3.011 1.000 2.462e-08    0.00  316.95
2018/12/14 00:00:00   -8.298  -5.215   990.14   4.064   2.931 0.982 2.240e-09    0.00  308.06
2018/12/14 03:00:00   -6.539  -7.341   988.84   3.510   2.610 0.994 2.711e-10    0.00  298.09
2018/12/14 06:00:00   -5.601  -9.343   989.43   2.423   1.612 0.997 2.037e-09    0.00  313.17
2018/12/14 09:00:00   -6.276  -9.467   991.84   1.279   0.136 1.000 1.538e-09    0.00  307.00
2018/12/14 12:00:00   -7.358  -5.910   994.07   0.572  -0.827 0.998 6.320e-09    0.00  314.45
2018/12/14 15:00:00   -6.782  -5.140   994.25   0.899  -0.320 0.998 1.356e-08    0.00  317.34
2018/12/14 18:00:00   -8.236  -4.299   993.95   1.178   0.034 1.000 1.819e-09    0.00  316.40
2018/12/14 21:00:00   -8.262  -4.406   992.80   1.507   0.384 1.000 6.313e-10    0.00  316.90
2018/12/15 00:00:00   -8.573  -5.571   989.77   2.227   1.584 1.000 4.638e-10    0.00  312.13
2018/12/15 03:00:00   -7.911  -7.235   987.30   2.672   1.575 1.000 3.632e-09    0.00  307.68
2018/12/15 06:00:00   -7.883  -8.194   985.74   2.890   2.014 0.908 5.229e-09    0.00  279.76
2018/12/15 09:00:00   -7.779  -7.159   985.30   2.957   2.150 0.642 3.091e-10    0.00  279.82
2018/12/15 12:00:00   -8.479  -8.477   986.26   2.837   1.914 1.000 1.063e-08    0.00  299.99
2018/12/15 15:00:00  -10.788 -16.276   986.07  -0.929  -2.145 1.000 1.681e-07    0.00  313.94
2018/12/15 18:00:00  -11.016 -17.453   988.35  -2.134  -3.658 1.000 1.386e-07    0.00  303.34
2018/12/15 21:00:00  -11.721 -17.262   991.62  -2.625  -4.451 1.000 5.951e-08    0.00  295.23
2018/12/16 00:00:00  -12.264 -14.963   994.01  -3.444  -5.430 1.000 2.164e-08    0.00  292.02
2018/12/16 03:00:00  -11.895 -14.889   995.02  -3.506  -5.285 1.000 8.718e-09    0.00  286.95
2018/12/16 06:00:00  -11.726 -14.700   995.70  -3.494  -5.249 1.000 5.616e-09    0.00  288.59
2018/12/16 09:00:00  -11.322 -15.263   995.95  -3.295  -5.010 1.000 5.931e-09    0.00  292.07
2018/12/16 12:00:00  -11.597 -16.053   995.41  -3.030  -4.772 1.000 1.925e-08    0.00  292.19
2018/12/16 15:00:00  -12.196 -16.826   993.74  -3.156  -4.916 1.000 3.161e-08    0.00  292.24
2018/12/16 18:00:00  -12.224 -17.889   992.52  -3.118  -4.828 1.000 4.494e-08    0.00  291.20
2018/12/16 21:00:00  -12.403 -17.749   992.59  -2.987  -4.616 1.000 5.762e-08    0.00  294.67
2018/12/17 00:00:00  -13.011 -17.512   992.26  -2.769  -4.321 1.000 5.783e-08    0.00  295.95
2018/12/17 03:00:00  -13.694 -15.604   993.33  -2.403  -3.970 1.000 3.520e-08    0.00  298.22
2018/12/17 06:00:00  -13.304 -13.741   995.07  -1.837  -3.382 1.000 7.902e-09    0.00  301.81
2018/12/17 09:00:00  -12.634 -12.760   996.77  -1.342  -2.792 1.000 1.628e-09    0.00  300.36
2018/12/17 12:00:00  -11.610 -13.209   998.59  -0.765  -2.008 0.987 2.454e-09    0.00  296.64
2018/12/17 15:00:00  -10.903 -13.304   998.16  -0.499  -1.745 0.997 2.780e-09    0.00  308.28
2018/12/17 18:00:00  -11.299 -13.440   998.27  -0.092  -1.357 1.000 3.335e-09    0.00  307.76
2018/12/17 21:00:00  -11.326 -14.031   998.05  -0.275  -1.538 1.000 1.661e-09    0.00  308.51
2018/12/18 00:00:00  -10.989 -14.627   995.83   0.003  -1.374 1.000 2.044e-09    0.00  307.17
2018/12/18 03:00:00  -11.566 -14.732   993.92   0.278  -1.027 1.000 1.111e-08    0.00  308.58
2018/12/18 06:00:00  -11.506 -15.743   992.41   0.407  -0.769 1.000 7.039e-08    0.00  308.10
2018/12/18 09:00:00  -11.406 -14.910   991.89   0.702  -0.317 1.000 1.521e-07    0.00  314.72
2018/12/18 12:00:00  -10.717 -13.945   992.33   1.060   0.265 1.000 7.772e-08    0.00  318.99
2018/12/18 15:00:00   -9.323 -14.796   991.06   1.231   0.301 1.000 1.446e-08    0.00  319.21
2018/12/18 18:00:00   -7.874 -16.062   989.41   0.822  -0.088 1.000 6.586e-08    0.00  316.37
2018/12/18 21:00:00   -8.391 -16.391   986.49   0.830   0.029 1.000 1.049e-07    0.00  318.61
2018/12/19 00:00:00   -9.870 -14.897   984.82   2.386   1.418 0.993 8.196e-08    0.00  321.11
2018/12/19 03:00:00  -11.889 -10.434   988.38   3.472   2.105 0.783 1.026e-08    0.00  306.79
2018/12/19 06:00:00   -8.727 -12.390   991.87   2.268   1.372 1.000 3.739e-09    0.00  310.10
2018/12/19 09:00:00   -7.561 -13.451   993.99   1.480   0.610 1.000 9.234e-09    0.00  321.66
2018/12/19 12:00:00   -7.379 -13.083   995.76   1.467   0.503 1.000 1.669e-08    0.00  316.51
2018/12/19 15:00:00   -7.104 -11.432   996.68   1.622   0.626 1.000 4.779e-09    0.00  317.49
2018/12/19 18:00:00   -7.382 -11.129   998.79   1.667   0.589 1.000 5.813e-10    0.00  316.60
2018/12/19 21:00:00   -8.013 -11.544  1001.27   1.479   0.188 1.000 1.779e-09    0.00  322.10
2018/12/20 00:00:00   -7.631 -10.934  1003.26   1.423  -0.172 0.879 5.164e-10    0.00  317.08
2018/12/20 03:00:00   -6.696 -10.200  1004.56   1.158  -0.628 1.000 3.225e-10    0.00  305.42
2018/12/20 06:00:00   -6.894  -9.953  1004.94   1.249  -0.742 1.000 3.226e-09    0.00  307.39
2018/12/20 09:00:00   -5.150 -10.401  1005.10   1.266  -0.631 1.000 5.744e-09    0.00  313.62
2018/12/20 12:00:00   -1.980 -12.364  1004.89   1.164  -0.232 1.000 3.662e-08    0.00  310.98
2018/12/20 15:00:00   -3.315 -10.240  1003.59   1.097  -0.003 1.000 3.740e-08    0.00  311.76
2018/12/20 18:00:00   -6.771  -8.576  1003.53   1.888   0.899 1.000 1.477e-08    0.00  316.73
2018/12/20 21:00:00   -5.988  -7.982  1004.07   1.738   0.987 1.000 1.486e-08    0.00  318.80
2018/12/21 00:00:00   -6.905  -6.532  1003.31   1.968   1.178 0.998 6.160e-09    0.00  307.19
2018/12/21 03:00:00   -3.595  -6.384  1003.22   2.016   1.302 1.000 1.056e-08    0.00  321.87
2018/12/21 06:00:00   -3.999  -5.927  1003.16   1.889   1.251 1.000 1.402e-09    0.00  317.24
2018/12/21 09:00:00   -3.677  -4.428  1003.90   2.368   1.410 1.000 6.562e-10    0.00  322.42
2018/12/21 12:00:00   -2.128  -4.740  1005.00   2.045   1.379 1.000 1.113e-09    0.00  322.78
2018/12/21 15:00:00   -3.855  -5.096  1005.80   1.781   1.178 0.996 7.980e-10    0.00  322.28
2018/12/21 18:00:00   -3.573  -4.152  1007.97   1.941   1.256 1.000 3.306e-09    0.00  317.16
2018/12/21 21:00:00   -3.441  -4.968  1009.30   1.907   1.129 0.978 1.394e-09    0.00  309.43
2018/12/22 00:00:00   -5.742  -5.045  1010.22   1.538   0.498 1.000 1.929e-09    0.00  307.15
2018/12/22 03:00:00   -4.641  -4.500  1011.44   1.539   0.343 1.000 3.099e-09    0.00  313.75
2018/12/22 06:00:00   -3.812  -3.729  1011.34   1.354   0.173 1.000 4.562e-09    0.00  309.89
2018/12/22 09:00:00   -2.699  -2.460  1012.04   1.249   0.115 1.000 3.197e-09    0.00  304.76
2018/12/22 12:00:00   -2.051  -1.857  1012.27   1.201  -0.321 0.876 2.057e-09    0.00  306.75
2018/12/22 15:00:00    1.014  -0.481  1012.50   0.988  -0.567 0.976 7.440e-10    0.00  288.91
2018/12/22 18:00:00    4.512  -1.729  1013.01   0.375  -1.677 0.999 4.403e-10    0.00  304.01
2018/12/22 21:00:00    4.078  -0.368  1013.54   0.072  -2.316 1.000 1.688e-09    0.00  299.08
2018/12/23 00:00:00    2.992  -0.524  1013.53   0.134  -2.231 0.999 7.056e-09    0.00  299.87
2018/12/23 03:00:00    0.903   1.643  1013.64   0.354  -1.478 1.000 1.864e-08    0.00  304.74
2018/12/23 06:00:00    2.027  -0.631  1012.31   0.679  -0.934 1.000 3.031e-09    0.00  299.50
2018/12/23 09:00:00    0.305   1.674  1011.53   1.350  -0.556 1.000 9.198e-10    0.00  266.03
2018/12/23 12:00:00    6.757   4.581  1010.77   2.060   0.215 1.000 2.079e-09    0.00  310.05
2018/12/23 15:00:00    6.952   3.983  1007.86   1.980   0.549 1.000 1.240e-08    0.00  302.40
2018/12/23 18:00:00    7.038   5.226  1004.42   2.147   0.939 1.000 5.824e-09    0.00  304.84
2018/12/23 21:00:00   11.640   6.515  1002.54   2.048   1.030 1.000 1.054e-08    0.00  316.07
2018/12/24 00:00:00   11.527   8.754  1000.01   2.542   1.450 1.000 4.510e-08    0.00  316.75
2018/12/24 03:00:00   14.075   9.666   997.64   3.644   1.686 1.000 1.863e-08    0.00  318.84
2018/12/24 06:00:00   14.729   9.029   996.46   3.504   1.665 1.000 1.762e-08    0.00  321.13
2018/12/24 09:00:00   14.809   8.688   996.79   3.640   1.866 1.000 1.031e-08    0.00  322.54
2018/12/24 12:00:00   14.605   8.273   998.66   3.385   1.730 1.000 6.779e-09    0.00  316.61
2018/12/24 15:00:00   14.038   8.366   999.91   3.255   1.746 1.000 5.550e-09    0.00  320.22
2018/12/24 18:00:00   14.052   8.393  1001.20   3.299   1.910 0.998 5.358e-09    0.00  320.56
2018/12/24 21:00:00   11.214   6.456  1005.15   3.294   1.914 1.000 8.570e-09    0.00  322.92
2018/12/25 00:00:00    8.605   5.571  1008.01   3.042   1.741 1.000 7.790e-08    0.00  324.40
2018/12/25 03:00:00    6.659   3.538  1008.75   2.509   1.273 0.986 2.001e-08    0.00  314.73
2018/12/25 06:00:00    3.556   0.379  1008.37   2.349   1.113 0.998 6.000e-09    0.00  300.92
2018/12/25 09:00:00   -0.233  -3.013  1008.25   2.139   0.709 1.000 6.519e-10    0.00  304.27
2018/12/25 12:00:00   -4.367  -5.270  1007.77   1.633   0.465 1.000 3.254e-10    0.00  297.34
2018/12/25 15:00:00   -7.180  -4.769  1005.16   1.881   0.492 1.000 1.175e-08    0.00  309.46
2018/12/25 18:00:00   -9.504  -5.617  1001.44   2.223   1.232 1.000 4.284e-08    0.00  312.64
2018/12/25 21:00:00  -12.310  -8.868   998.65   1.693   0.786 1.000 2.942e-08    0.00  314.60
2018/12/26 00:00:00  -13.200  -8.886   996.26   0.442  -0.877 1.000 1.345e-07    0.00  310.92
2018/12/26 03:00:00  -11.738  -8.468   996.09   0.300  -1.179 1.000 8.869e-08    0.00  310.30
2018/12/26 06:00:00  -11.832  -7.701   996.68   0.309  -1.132 1.000 4.510e-08    0.00  303.50
2018/12/26 09:00:00  -11.597  -6.553   998.24   0.314  -1.101 0.975 4.030e-08    0.00  306.29
2018/12/26 12:00:00  -11.199  -3.996   998.30   1.439   0.203 0.981 3.741e-08    0.00  304.23
2018/12/26 15:00:00   -8.541  -4.689   998.22   1.334   0.333 1.000 6.470e-08    0.00  312.97
2018/12/26 18:00:00   -9.595  -5.720   997.89   1.422   0.502 1.000 9.622e-08    0.00  315.20
2018/12/26 21:00:00   -7.162  -2.671   997.75   1.739   0.972 1.000 1.270e-07    0.00  322.20
2018/12/27 00:00:00   -4.650  -0.840   997.71   3.184   1.991 0.992 8.190e-08    0.00  317.86
2018/12/27 03:00:00    0.550   6.296   998.40   3.275   1.303 0.768 3.161e-08    0.00  309.64
2018/12/27 06:00:00    1.549   6.853   998.91   3.008   0.805 0.881 2.388e-08    0.00  307.82
2018/12/27 09:00:00    2.296   8.420   999.67   3.228   0.713 0.920 3.868e-08    0.00  308.82
2018/12/27 12:00:00    2.094   6.859   999.77   3.681   1.141 0.783 1.202e-08    0.00  304.07
2018/12/27 15:00:00   -0.798   4.080   998.92   3.526   1.011 0.993 2.477e-08    0.00  303.01
2018/12/27 18:00:00   -5.493  -1.169   997.67   3.161   1.235 1.000 3.195e-08    0.00  312.53
2018/12/27 21:00:00   -7.999   0.282   996.88   2.648   1.520 1.000 8.396e-08    0.00  317.08
2018/12/28 00:00:00   -3.917   1.153   995.79   2.622   1.155 0.917 7.142e-08    0.00  304.31
2018/12/28 03:00:00   -3.982  -3.733   996.50  -0.140  -1.253 0.909 5.561e-08    0.00  296.59
2018/12/28 06:00:00   -8.405  -7.249   997.37  -2.213  -3.356 0.985 6.413e-08    0.00  278.26
2018/12/28 09:00:00  -10.973  -9.647   999.00  -3.258  -4.519 0.990 6.295e-08    0.00  283.69
2018/12/28 12:00:00  -13.189 -10.887   999.69  -3.345  -4.697 1.000 2.808e-08    0.00  295.06
2018/12/28 15:00:00  -14.605 -11.947  1000.68  -3.627  -5.110 1.000 6.313e-08    0.00  289.89
2018/12/28 18:00:00  -14.168 -11.000  1001.33  -2.871  -4.537 1.000 5.950e-08    0.00  294.97
2018/12/28 21:00:00  -14.604 -10.869  1002.79  -1.885  -3.842 1.000 3.030e-08    0.00  297.10
2018/12/29 00:00:00  -14.511 -10.758  1002.88  -1.642  -3.678 0.994 1.772e-08    0.00  294.35
2018/12/29 03:00:00  -13.077 -11.508  1003.21  -1.265  -3.439 1.000 1.615e-08    0.00  294.03
2018/12/29 06:00:00  -12.540 -12.294  1004.32  -0.974  -2.969 1.000 3.568e-08    0.00  298.96
2018/12/29 09:00:00  -12.128 -12.247  1006.88  -0.872  -2.839 0.993 2.621e-08    0.00  295.91
2018/12/29 12:00:00  -11.808 -12.686  1008.94  -1.289  -3.834 0.999 2.094e-08    0.00  295.57
2018/12/29 15:00:00   -9.876 -11.771  1012.35  -2.071  -4.878 1.000 7.796e-09    0.00  287.70
2018/12/29 18:00:00   -8.609  -9.182  1015.39  -2.518  -5.545 1.000 3.520e-09    0.00  288.33
2018/12/29 21:00:00   -6.858  -5.994  1016.53  -2.143  -5.744 1.000 9.021e-10    0.00  280.27
2018/12/30 00:00:00   -5.843  -5.204  1016.49  -2.720  -6.704 1.000 2.541e-09    0.00  283.84
2018/12/30 03:00:00   -5.690  -3.016  1014.86  -2.116  -6.999 1.000 1.849e-09    0.00  272.61
2018/12/30 06:00:00   -5.884  -2.117  1012.49  -1.205  -7.032 1.000 1.884e-09    0.00  282.55
2018/12/30 09:00:00   -7.738  -2.923  1011.39  -0.451  -6.511 1.000 7.382e-09    0.00  281.89
2018/12/30 12:00:00  -10.485  -6.109  1009.40  -0.954  -5.509 1.000 3.594e-09    0.00  286.91
2018/12/30 15:00:00  -11.460  -8.607  1005.99  -1.777  -6.295 1.000 9.091e-09    0.00  287.00
2018/12/30 18:00:00  -11.371 -13.596  1002.34  -2.567  -6.522 1.000 2.243e-08    0.00  283.93
2018/12/30 21:00:00  -11.592 -16.855   999.06  -3.628  -6.232 1.000 6.634e-08    0.00  287.56
2018/12/31 00:00:00  -10.566 -18.983   997.84  -5.196  -7.117 1.000 6.592e-08    0.00  284.96
2018/12/31 03:00:00   -8.768 -18.791  1000.78  -5.813  -8.327 1.000 4.214e-08    0.00  276.80
2018/12/31 06:00:00   -7.301 -18.047  1005.45  -5.633  -9.354 1.000 1.300e-08    0.00  273.56
2018/12/31 09:00:00   -5.489 -16.165  1013.04  -5.182 -10.928 0.915 8.452e-11    0.00  242.13
2018/12/31 12:00:00   -4.792 -12.310  1019.49  -4.607 -12.111 0.012 0.000e+00    0.00  192.04
2018/12/31 15:00:00    0.749  -4.969  1024.18  -4.997 -12.859 0.012 0.000e+00    0.00  187.16
2018/12/31 18:00:00    7.893   2.607  1027.41  -2.460  -8.813 0.972 9.015e-10    0.00  242.07
2018/12/31 21:00:00    9.526   4.564  1028.82  -0.368  -5.872 0.848 4.272e-09    0.00  278.09
2019/01/01 00:00:00    8.767   7.152  1030.64   0.439  -5.276 0.999 1.424e-09    0.00  289.55
2019/01/01 03:00:00    9.192   7.829  1030.52   1.693  -2.702 0.811 6.568e-09    0.00  286.27
2019/01/01 06:00:00    9.569   7.888  1029.94   1.938  -0.983 1.000 1.304e-08    0.00  255.31
2019/01/01 09:00:00    9.525   6.876  1030.56   2.048  -0.879 1.000 4.632e-09    0.00  282.22
2019/01/01 12:00:00    8.292   7.643  1030.46   1.989  -1.271 1.000 4.132e-10    0.00  282.30
2019/01/01 15:00:00    5.162   6.517  1029.44   1.667  -2.540 0.992 0.000e+00    0.00  245.83
2019/01/01 18:00:00    0.541   5.675  1027.82   1.758  -4.472 0.999 4.318e-11    0.00  266.50
2019/01/01 21:00:00   -4.504   6.129  1025.29   1.942  -1.416 1.000 7.161e-09    0.00  297.95
2019/01/02 00:00:00   -5.920   8.485  1021.63   3.464   0.748 1.000 3.692e-08    0.00  322.70
2019/01/02 03:00:00    4.594  11.868  1019.31   5.350   4.013 1.000 1.745e-08    0.00  333.75
2019/01/02 06:00:00    5.494   6.541  1019.86   4.521   3.840 1.000 5.314e-09    0.00  326.49
2019/01/02 09:00:00    3.267   7.596  1019.69   4.489   3.484 1.000 2.308e-09    0.00  330.12
2019/01/02 12:00:00    1.788   6.838  1017.63   4.178   3.608 1.000 4.803e-08    0.00  331.28
2019/01/02 15:00:00    2.465   5.167  1015.20   3.679   3.323 1.000 9.142e-08    0.00  331.64
2019/01/02 18:00:00    3.284   5.756  1013.70   3.388   2.830 1.000 6.102e-08    0.00  331.24
2019/01/02 21:00:00    3.900  10.176  1012.30   3.877   3.053 1.000 4.564e-08    0.00  332.85
2019/01/03 00:00:00   -1.066   7.713  1009.92   4.664   3.436 1.000 7.728e-08    0.00  334.38
2019/01/03 03:00:00   -4.330   7.134  1007.10   4.844   3.083 1.000 6.322e-08    0.00  335.69
2019/01/03 06:00:00   -6.339   6.786  1002.88   5.231   3.259 1.000 1.440e-07    0.00  334.65
2019/01/03 09:00:00   -7.112   9.220   999.50   5.697   3.339 1.000 1.065e-07    0.00  336.15
2019/01/03 12:00:00   -1.685  10.186   999.43   5.094   3.721 0.887 7.640e-08    0.00  328.31
2019/01/03 15:00:00    2.041  13.607  1000.01   4.916   3.437 1.000 1.295e-08    0.00  336.57
2019/01/03 18:00:00    5.964  11.944  1003.28   4.074   2.510 1.000 5.850e-09    0.00  330.50
2019/01/03 21:00:00    6.974   8.539  1007.68   3.657   2.205 0.999 7.636e-09    0.00  328.39
2019/01/04 00:00:00    4.629   4.423  1010.56   2.921   1.721 1.000 3.364e-09    0.00  325.85
2019/01/04 03:00:00    1.745   4.453  1012.33   2.761   1.757 1.000 2.252e-09    0.00  325.57
2019/01/04 06:00:00   -4.202   1.378  1011.00   2.631   1.832 1.000 2.764e-09    0.00  319.52
2019/01/04 09:00:00   -8.706   1.925  1009.35   3.276   2.027 1.000 7.423e-08    0.00  329.19
2019/01/04 12:00:00   -6.143   4.947  1008.29   5.124   3.746 1.000 7.535e-08    0.00  338.25
2019/01/04 15:00:00    2.508  11.213  1007.98   5.028   4.180 1.000 1.702e-08    0.00  340.12
2019/01/04 18:00:00    1.506   9.699  1009.01   4.886   3.999 1.000 1.219e-08    0.00  339.26
2019/01/04 21:00:00    1.282  10.504  1009.46   5.049   3.998 1.000 2.006e-08    0.00  340.78
2019/01/05 00:00:00    1.695   6.781  1010.24   4.013   3.638 1.000 5.008e-08    0.00  334.82
2019/01/05 03:00:00   -0.127   5.386  1008.83   3.766   3.434 1.000 4.557e-08    0.00  323.45
2019/01/05 06:00:00    1.210   1.290  1005.80   3.119   2.494 1.000 4.363e-08    0.00  326.90
2019/01/05 09:00:00    1.689  -3.046  1002.42   2.322   1.885 1.000 7.707e-08    0.00  329.23
2019/01/05 12:00:00    7.425   0.861  1001.94   0.985   0.844 1.000 8.339e-08    0.00  322.40
2019/01/05 15:00:00   11.287   5.009  1003.94   1.545  -0.519 0.990 4.685e-09    0.00  303.36
2019/01/05 18:00:00   10.983   6.304  1006.64   1.076  -2.753 0.232 1.283e-09    0.00  227.71
2019/01/05 21:00:00   11.017   8.454  1006.92   0.900  -4.768 0.191 1.514e-09    0.00  220.30
2019/01/06 00:00:00   11.248   9.887  1005.88   0.222  -3.602 0.621 1.546e-08    0.00  225.05
2019/01/06 03:00:00   13.268   8.683  1004.87   0.364  -2.032 0.513 3.077e-08    0.00  243.05
2019/01/06 06:00:00   13.855   7.487  1006.08   0.486  -4.459 0.168 3.059e-10    0.00  219.34
2019/01/06 09:00:00   13.209   8.638  1007.01   0.908  -4.779 0.032 1.685e-11    0.00  223.93
2019/01/06 12:00:00   12.156   7.133  1008.94   0.888  -3.788 0.339 6.222e-10    0.00  227.14
2019/01/06 15:00:00    9.823   6.249  1009.45   1.182  -2.601 0.111 1.774e-09    0.04  224.14
2019/01/06 18:00:00    6.825   3.847  1009.07   1.042  -2.368 0.136 1.098e-10    0.00  225.12
2019/01/06 21:00:00    3.464   2.277  1008.11   0.663  -2.391 0.976 5.440e-10    0.00  244.16
2019/01/07 00:00:00    1.317  -1.145  1008.04   0.246  -2.134 1.000 2.110e-09    0.00  270.17
2019/01/07 03:00:00    0.469  -3.556  1009.23  -0.774  -3.119 0.971 1.748e-09    0.00  261.63
2019/01/07 06:00:00    1.710  -2.709  1010.47  -1.777  -4.449 0.257 4.018e-11    0.00  220.26
2019/01/07 09:00:00    2.778  -1.835  1014.09  -2.508  -5.595 0.767 1.272e-09    0.00  235.77
2019/01/07 12:00:00    1.367  -3.235  1018.07  -3.265  -6.613 0.658 2.675e-09    0.00  243.60
2019/01/07 15:00:00    1.494  -3.308  1020.80  -4.106  -7.753 0.582 2.773e-10    0.08  242.01
2019/01/07 18:00:00    3.290  -1.936  1023.47  -4.800  -8.426 0.960 0.000e+00    0.00  242.08
2019/01/07 21:00:00    4.460   0.909  1025.23  -4.968  -8.222 1.000 2.431e-11    0.00  258.50
2019/01/08 00:00:00    4.843   0.934  1025.80  -3.969  -8.206 0.923 0.000e+00    0.00  245.49
2019/01/08 03:00:00    5.200   2.411  1026.54  -2.256  -8.002 0.013 0.000e+00    0.00  205.21
2019/01/08 06:00:00    3.671   1.552  1025.92  -1.122  -6.735 1.000 0.000e+00    0.00  220.58
2019/01/08 09:00:00    1.648   0.980  1026.23  -0.088  -4.801 1.000 0.000e+00    0.00  260.14
2019/01/08 12:00:00   -1.174   2.182  1024.26   0.538  -2.843 1.000 8.719e-09    0.00  295.77
2019/01/08 15:00:00   -1.133   5.149  1021.45   1.829  -0.045 1.000 1.523e-08    0.07  305.29
2019/01/08 18:00:00   -5.840   4.502  1017.21   2.018   0.393 1.000 2.961e-08    0.00  314.37
2019/01/08 21:00:00   -7.442   7.050  1011.38   3.073   1.274 1.000 7.370e-08    0.00  318.79
2019/01/09 00:00:00    3.335  12.270  1006.72   4.833   4.515 1.000 9.480e-08    0.00  336.91
2019/01/09 03:00:00    6.286  12.842  1003.49   4.914   4.442 1.000 2.918e-08    0.00  339.81
2019/01/09 06:00:00    6.459  13.124   999.76   4.934   4.401 1.000 6.723e-08    0.00  338.45
2019/01/09 09:00:00    7.523  13.677   996.56   5.433   4.676 1.000 1.517e-07    0.00  340.07
2019/01/09 12:00:00    8.054  16.153   991.68   5.757   4.773 1.000 7.390e-08    0.00  341.16
2019/01/09 15:00:00   10.554  14.425   988.41   5.236   4.127 1.000 4.108e-09    0.09  339.10
2019/01/09 18:00:00   13.636  13.225   986.95   3.183   1.614 0.961 8.049e-09    0.00  324.54
2019/01/09 21:00:00   15.164  12.986   985.38   1.466  -3.352 0.207 2.031e-10    0.00  262.04
2019/01/10 00:00:00   21.586   9.253   987.32  -4.218  -9.981 0.095 0.000e+00    0.00  187.66
2019/01/10 03:00:00   21.842   2.912   993.78  -5.378 -12.142 0.161 0.000e+00    0.00  185.07
2019/01/10 06:00:00   18.945  -2.392   999.49  -5.550 -12.928 0.027 0.000e+00    0.00  177.49
2019/01/10 09:00:00   13.814  -2.298  1004.49  -5.756 -13.462 0.026 0.000e+00    0.00  173.02
2019/01/10 12:00:00    8.037  -0.766  1009.17  -6.599 -14.250 0.028 0.000e+00    0.00  178.44
2019/01/10 15:00:00    4.606  -0.742  1013.00  -6.683 -16.017 0.012 0.000e+00    1.27  178.04
2019/01/10 18:00:00   -1.541  -2.237  1016.97  -6.529 -16.024 0.328 0.000e+00    0.00  179.96
2019/01/10 21:00:00   -7.617  -2.140  1020.17  -4.941 -12.535 1.000 0.000e+00    0.00  234.41
2019/01/11 00:00:00   -9.678  -3.400  1021.57  -4.504 -10.549 1.000 1.632e-10    0.00  259.37
2019/01/11 03:00:00  -10.769  -3.338  1020.75  -3.985  -8.952 1.000 1.718e-08    0.00  275.94
2019/01/11 06:00:00  -12.657  -4.046  1017.74  -3.294  -6.778 1.000 6.268e-08    0.00  281.09
2019/01/11 09:00:00  -13.883  -7.088  1014.59  -4.281  -7.591 1.000 8.792e-08    0.00  285.65
2019/01/11 12:00:00  -13.439  -9.544  1010.73  -2.468  -5.218 1.000 9.977e-08    0.00  287.66
2019/01/11 15:00:00  -12.890 -12.012  1005.45  -2.213  -4.600 1.000 9.649e-08    0.29  291.72
2019/01/11 18:00:00   -9.010 -16.495  1004.06  -3.652  -5.222 1.000 1.472e-07    0.00  291.68
2019/01/11 21:00:00   -6.462 -17.696  1005.06  -5.261  -6.668 1.000 7.446e-08    0.00  284.07
2019/01/12 00:00:00   -6.441 -17.474  1007.68  -6.599  -8.237 1.000 2.498e-08    0.00  275.16
2019/01/12 03:00:00   -8.285 -15.728  1011.15  -7.338  -9.310 1.000 4.450e-09    0.00  244.21
2019/01/12 06:00:00  -10.164 -13.900  1011.91  -7.714  -9.789 1.000 3.303e-09    0.00  248.56
2019/01/12 09:00:00  -11.545 -12.640  1012.39  -7.532  -9.929 0.996 9.625e-09    0.00  264.88
2019/01/12 12:00:00  -11.750 -13.371  1011.26  -5.977  -9.082 1.000 1.117e-08    0.00  269.51
2019/01/12 15:00:00  -12.368 -12.390  1010.19  -6.541  -9.705 1.000 1.242e-08    1.46  269.68
2019/01/12 18:00:00  -12.087 -12.687  1009.69  -7.251 -10.590 1.000 9.720e-09    0.00  256.51
2019/01/12 21:00:00  -11.886 -11.568  1011.19  -8.186 -11.547 1.000 1.048e-08    0.00  251.71
2019/01/13 00:00:00  -10.530 -10.480  1011.39  -8.769 -11.847 1.000 1.015e-08    0.00  253.04
2019/01/13 03:00:00   -8.501  -9.208  1013.11  -9.362 -12.648 1.000 8.089e-09    0.00  251.19
2019/01/13 06:00:00   -6.424  -7.675  1015.02  -9.834 -13.721 0.999 3.065e-09    0.00  226.61
2019/01/13 09:00:00   -5.319  -5.970  1016.63 -10.042 -14.666 0.994 1.694e-09    0.00  202.65
2019/01/13 12:00:00   -4.515  -3.056  1017.88  -9.612 -15.264 0.999 1.447e-09    0.00  198.22
2019/01/13 15:00:00   -2.646  -1.209  1017.76  -9.208 -15.460 1.000 1.547e-09    3.67  212.42
2019/01/13 18:00:00   -2.435  -0.583  1016.51  -8.372 -14.423 0.993 3.545e-09    0.00  227.10
2019/01/13 21:00:00   -0.259  -0.414  1015.23  -6.755 -12.805 0.999 9.770e-09    0.00  240.23
2019/01/14 00:00:00    1.742  -5.921  1014.06  -7.672 -10.847 0.940 4.244e-09    0.00  230.46
2019/01/14 03:00:00    3.571  -6.550  1012.90  -9.204 -11.857 0.939 4.889e-10    0.00  229.80
2019/01/14 06:00:00    1.536  -5.856  1011.20  -9.754 -12.511 0.865 1.493e-10    0.00  202.92
2019/01/14 09:00:00    0.263  -6.877  1009.12  -8.452 -11.719 0.959 1.525e-09    0.00  227.83
2019/01/14 12:00:00  -11.351  -5.317  1006.64  -4.956  -8.866 1.000 1.175e-08    0.00  251.81
2019/01/14 15:00:00  -14.120  -8.572  1005.26  -6.301  -9.711 1.000 1.251e-08    3.34  262.84
2019/01/14 18:00:00  -13.125 -11.085  1004.30  -6.356 -10.144 1.000 1.815e-08    0.00  265.40
2019/01/14 21:00:00  -12.909 -12.802  1003.71  -6.444 -10.511 1.000 1.077e-08    0.00  256.66
2019/01/15 00:00:00  -11.999 -13.101  1004.69  -8.373 -11.909 1.000 1.421e-08    0.00  242.37
2019/01/15 03:00:00  -12.122 -12.230  1005.60  -9.146 -12.433 1.000 1.332e-08    0.00  242.90
2019/01/15 06:00:00  -12.098 -12.144  1006.58  -9.223 -12.690 1.000 1.182e-08    0.00  244.52
2019/01/15 09:00:00  -11.400 -12.071  1008.31  -9.103 -12.958 1.000 7.689e-09    0.00  230.00
2019/01/15 12:00:00  -10.565 -11.696  1008.84  -9.223 -12.618 1.000 4.779e-09    0.00  242.47
2019/01/15 15:00:00   -9.815 -12.083  1010.11  -8.831 -12.426 0.957 4.685e-09    3.87  244.42
2019/01/15 18:00:00   -9.420 -12.231  1011.75  -8.752 -12.668 0.956 4.392e-09    0.00  238.73
2019/01/15 21:00:00   -7.399 -11.917  1013.36  -8.665 -12.621 0.975 3.940e-09    0.00  227.90
2019/01/16 00:00:00   -4.675 -10.923  1015.48  -8.798 -12.545 0.985 2.534e-09    0.00  243.56
2019/01/16 03:00:00   -2.806  -8.335  1016.32  -9.063 -12.843 0.861 9.424e-10    0.00  232.67
2019/01/16 06:00:00   -1.801  -5.973  1017.67  -8.993 -12.784 0.837 4.808e-10    0.00  221.59
2019/01/16 09:00:00    0.254  -4.307  1019.30  -8.721 -13.172 0.252 2.072e-10    0.00  223.08
2019/01/16 12:00:00   -0.571  -2.048  1019.69  -8.449 -14.270 0.579 8.423e-12    0.00  209.23
2019/01/16 15:00:00    0.600  -1.637  1020.03  -8.213 -15.296 0.619 0.000e+00    9.35  197.94
2019/01/16 18:00:00    0.457  -0.048  1019.76  -8.066 -16.157 0.823 0.000e+00    0.00  192.87
2019/01/16 21:00:00    1.720  -2.064  1019.58  -8.199 -14.980 0.997 2.527e-11    0.00  195.29
2019/01/17 00:00:00   -0.177  -2.325  1018.93  -7.620 -13.455 1.000 0.000e+00    0.00  197.63
2019/01/17 03:00:00   -0.395  -1.655  1017.23  -7.087 -13.657 1.000 0.000e+00    0.00  215.07
2019/01/17 06:00:00   -1.445  -2.553  1015.80  -6.008 -13.098 0.996 0.000e+00    0.00  227.94
2019/01/17 09:00:00   -1.968  -1.966  1014.77  -4.902 -11.835 0.995 3.892e-11    0.00  230.04
2019/01/17 12:00:00   -2.342  -0.941  1013.36  -3.951  -9.533 0.890 1.947e-10    0.00  248.90
2019/01/17 15:00:00   -2.107  -1.326  1012.26  -3.605  -8.383 0.332 3.400e-10    8.01  241.46
2019/01/17 18:00:00   -1.367  -0.743  1011.28  -3.350  -7.502 0.370 1.016e-10    0.00  246.20
2019/01/17 21:00:00    0.540  -2.819  1011.10  -3.428  -6.961 0.835 7.544e-10    0.00  253.24
2019/01/18 00:00:00    0.502  -3.714  1011.28  -5.014  -6.114 0.892 5.139e-10    0.00  244.91
2019/01/18 03:00:00    0.174  -3.249  1011.29  -5.169  -6.456 0.515 5.306e-10    0.00  251.69
2019/01/18 06:00:00   -0.156  -3.488  1011.16  -5.080  -6.659 0.737 6.127e-10    0.00  255.71
2019/01/18 09:00:00   -0.435  -2.823  1011.39  -4.732  -6.352 0.910 8.925e-10    0.00  248.89
2019/01/18 12:00:00   -1.866  -4.188  1012.45  -2.969  -5.565 0.998 9.431e-10    0.00  242.43
2019/01/18 15:00:00   -4.208  -0.357  1011.45  -2.031  -5.795 0.951 1.249e-09    8.70  257.53
2019/01/18 18:00:00   -5.625   1.548  1010.33  -1.447  -6.779 1.000 2.032e-09    0.00  273.24
2019/01/18 21:00:00   -8.249   0.867  1009.38  -1.533  -6.562 1.000 1.631e-09    0.00  274.99
2019/01/19 00:00:00  -10.965  -0.601  1007.49  -1.382  -6.036 1.000 1.813e-09    0.00  281.88
2019/01/19 03:00:00  -12.028  -2.335  1004.77  -1.494  -4.456 1.000 1.123e-07    0.00  290.80
2019/01/19 06:00:00  -11.781  -2.452  1000.73  -0.186  -1.498 0.999 1.330e-07    0.00  295.88
2019/01/19 09:00:00   -9.813   1.410   997.35   1.738   0.186 1.000 7.352e-08    0.00  305.94
2019/01/19 12:00:00   -8.774   7.870   994.95   3.059   0.185 1.000 5.222e-08    0.00  302.65
2019/01/19 15:00:00    0.159   7.557   994.63   2.126   0.899 1.000 4.718e-08    3.11  313.59
2019/01/19 18:00:00    2.252   5.841   995.12   1.619  -1.341 0.986 3.328e-09    0.00  294.95
2019/01/19 21:00:00    0.737   5.551   995.02   1.430  -2.069 0.979 3.458e-09    0.00  260.65
2019/01/20 00:00:00   -0.277   4.451   994.73   0.565  -1.838 0.544 3.221e-08    0.00  257.16
2019/01/20 03:00:00   -1.519  -2.857   994.58  -2.347  -3.953 0.689 1.936e-08    0.00  261.54
2019/01/20 06:00:00   -7.055  -5.803   994.57  -3.918  -5.038 0.993 3.230e-08    0.00  272.44
2019/01/20 09:00:00   -9.342  -3.849   995.03  -4.049  -5.370 0.993 6.153e-08    0.00  264.07
2019/01/20 12:00:00   -9.289  -0.004   995.32  -3.216  -4.852 0.972 2.434e-08    0.05  275.29
2019/01/20 15:00:00   -4.296   3.408   993.55  -1.941  -4.367 0.640 3.322e-08   12.22  251.16
2019/01/20 18:00:00   -5.201   1.930   991.70   0.072  -2.485 0.795 1.958e-08    0.00  264.68
2019/01/20 21:00:00   -5.654   5.032   989.00   0.899  -3.068 1.000 3.269e-08    0.00  271.40
2019/01/21 00:00:00  -13.392   0.682   983.85   0.488  -2.447 1.000 1.713e-08    0.00  274.71
2019/01/21 03:00:00  -12.278   3.165   980.71   0.667  -1.798 0.972 8.021e-08    0.00  289.53
2019/01/21 06:00:00   -1.630  -0.007   978.65   0.394  -1.317 0.954 8.536e-08    0.00  287.35
2019/01/21 09:00:00   -8.662 -15.630   978.21  -4.106  -5.377 0.957 1.071e-07    0.00  286.99
2019/01/21 12:00:00  -10.736 -17.761   977.62  -4.980  -6.484 1.000 1.678e-08    0.10  280.51
2019/01/21 15:00:00   -8.563 -18.638   976.64  -5.727  -7.438 1.000 3.409e-08    7.12  274.23
2019/01/21 18:00:00   -5.864 -18.634   974.65  -5.523  -7.325 1.000 7.693e-08    0.00  279.68
2019/01/21 21:00:00   -9.708 -17.684   971.74  -4.353  -6.051 0.997 7.099e-08    0.00  284.97
2019/01/22 00:00:00  -10.199 -13.701   974.51  -1.573  -3.227 0.999 6.848e-08    0.00  284.70
2019/01/22 03:00:00  -11.666  -1.370   978.18  -0.425  -4.803 0.994 2.835e-08    0.00  286.37
2019/01/22 06:00:00  -10.973  -3.778   983.73  -1.221  -3.921 0.968 1.430e-08    0.00  285.36
2019/01/22 09:00:00   -9.295  -9.977   987.83  -2.335  -3.918 0.997 1.633e-08    0.00  277.78
2019/01/22 12:00:00   -9.455  -5.692   990.62  -1.095  -3.320 0.838 1.533e-08    0.24  285.68
2019/01/22 15:00:00   -6.571  -4.106   992.52  -0.391  -2.729 0.531 1.203e-08   13.96  269.76
2019/01/22 18:00:00   -7.003  -7.117   994.18  -0.327  -2.388 0.629 1.612e-08    0.00  272.25
2019/01/22 21:00:00   -6.580  -7.580   995.54  -0.757  -2.359 0.735 1.893e-08    0.00  281.31
2019/01/23 00:00:00   -4.423  -6.461   996.06  -1.008  -3.327 0.919 5.497e-09    0.00  265.23
2019/01/23 03:00:00   -1.515  -5.111   996.80  -1.399  -3.838 0.743 1.932e-09    0.00  243.71
2019/01/23 06:00:00   -0.849  -5.248   998.70  -1.462  -3.760 0.724 3.980e-10    0.00  243.76
2019/01/23 09:00:00   -2.672  -4.359  1000.89  -1.071  -3.954 0.690 3.203e-10    0.00  247.14
2019/01/23 12:00:00   -4.103  -4.328  1003.91  -0.002  -3.187 0.966 1.140e-09    0.59  274.01
2019/01/23 15:00:00   -6.049  -7.622  1005.55   0.134  -1.510 0.865 5.221e-09   17.53  264.49
2019/01/23 18:00:00   -5.945  -9.642  1007.51  -0.798  -2.376 0.985 4.740e-09    0.00  279.90
2019/01/23 21:00:00   -3.889 -11.367  1007.49  -1.154  -2.998 0.944 7.394e-10    0.00  275.59
2019/01/24 00:00:00   -4.714 -10.489  1006.63  -1.109  -2.757 0.965 4.296e-09    0.00  291.64
2019/01/24 03:00:00   -5.600  -5.191  1005.07  -0.187  -2.701 0.963 5.437e-09    0.00  293.60
2019/01/24 06:00:00   -5.062  -7.054  1004.05  -0.175  -2.360 0.978 2.683e-09    0.00  282.23
2019/01/24 09:00:00   -7.426  -9.127  1002.65   0.185  -2.128 1.000 7.555e-09    0.00  277.54
2019/01/24 12:00:00   -6.909  -7.697  1000.78   0.001  -1.321 1.000 3.486e-08    0.60  298.49
2019/01/24 15:00:00  -10.948  -7.360   999.96   0.720  -0.224 1.000 7.176e-08    8.61  296.60
2019/01/24 18:00:00  -10.031  -9.551  1000.38   0.369  -0.559 1.000 7.338e-08    0.00  311.56
2019/01/24 21:00:00  -10.168 -11.927  1002.77   0.101  -1.081 1.000 4.047e-08    0.00  299.69
2019/01/25 00:00:00  -11.416 -12.182  1005.65  -0.317  -1.275 1.000 3.213e-08    0.00  297.45
2019/01/25 03:00:00  -10.518 -11.153  1007.83  -0.182  -1.574 0.992 4.671e-09    0.00  276.31
2019/01/25 06:00:00  -10.152  -9.816  1010.75  -0.532  -1.809 0.634 4.415e-11    0.00  245.01
2019/01/25 09:00:00   -9.989  -8.343  1013.51  -0.686  -1.946 0.732 1.174e-09    0.00  248.46
2019/01/25 12:00:00   -8.848  -7.162  1015.68  -0.408  -2.080 0.597 3.576e-10    2.05  241.54
2019/01/25 15:00:00   -7.634  -5.863  1016.19  -0.535  -2.386 0.661 4.765e-10   26.39  234.24
2019/01/25 18:00:00   -6.073  -4.788  1017.42  -0.393  -3.056 0.627 4.298e-10    0.00  242.85
2019/01/25 21:00:00   -4.923  -3.338  1017.85  -0.295  -3.227 0.621 8.251e-10    0.00  236.28
2019/01/26 00:00:00   -3.855  -5.711  1019.04  -0.605  -4.389 0.467 4.478e-10    0.00  243.20
2019/01/26 03:00:00   -4.808  -5.483  1019.46  -1.607  -3.082 0.741 2.169e-09    0.00  249.42
2019/01/26 06:00:00   -5.265  -6.094  1020.21  -2.022  -3.448 0.706 2.147e-09    0.00  250.72
2019/01/26 09:00:00   -7.873  -4.081  1021.04  -2.981  -6.783 0.704 9.266e-10    0.00  224.84
2019/01/26 12:00:00   -6.414  -2.963  1021.51  -3.289  -8.866 0.424 0.000e+00    3.01  217.81
2019/01/26 15:00:00   -3.967  -0.045  1020.65  -3.317  -9.547 0.695 3.176e-11   26.98  232.86
2019/01/26 18:00:00   -1.261   3.518  1018.52  -2.483  -8.314 0.971 7.939e-10    0.00  263.21
2019/01/26 21:00:00    2.513   3.508  1016.00  -0.887  -6.814 0.809 2.360e-09    0.00  268.99
2019/01/27 00:00:00    3.027  -1.228  1013.57  -1.987  -4.837 0.844 4.712e-09    0.00  258.81
2019/01/27 03:00:00    2.223  -2.236  1010.58  -3.004  -5.205 0.304 8.915e-10    0.00  255.92
2019/01/27 06:00:00    1.635  -2.870  1008.73  -3.702  -5.877 0.936 3.369e-11    0.00  244.71
2019/01/27 09:00:00    0.063  -1.608  1006.28  -3.907  -6.306 0.881 7.784e-11    0.00  263.79
2019/01/27 12:00:00   -1.874  -2.893  1004.96  -4.544  -6.977 0.868 2.684e-10    3.96  244.65
2019/01/27 15:00:00   -4.536  -4.096  1003.52  -3.700  -6.548 0.997 7.263e-10   23.92  269.04
2019/01/27 18:00:00   -6.542  -5.536  1002.73  -3.097  -5.970 0.912 6.106e-10    0.00  270.19
2019/01/27 21:00:00   -8.087  -7.046  1002.24  -3.358  -5.410 0.985 1.783e-09    0.00  270.97
2019/01/28 00:00:00   -8.801  -7.591  1001.82  -3.524  -5.717 1.000 4.496e-09    0.00  272.88
2019/01/28 03:00:00   -9.123  -8.763  1000.91  -3.093  -5.371 0.995 8.570e-09    0.00  281.03
2019/01/28 06:00:00   -9.738  -7.612  1000.01  -2.206  -5.642 1.000 1.339e-08    0.00  282.98
2019/01/28 09:00:00  -11.413  -5.010   999.81  -2.018  -4.871 0.993 5.375e-08    0.00  278.86
2019/01/28 12:00:00  -13.010  -3.119  1001.01  -1.393  -4.390 1.000 5.512e-08    2.31  283.80
2019/01/28 15:00:00  -15.582  -9.172  1003.71  -4.574  -7.216 1.000 3.070e-08   12.84  278.41
2019/01/28 18:00:00  -13.346  -9.720  1006.50  -6.621  -9.261 1.000 5.765e-09    0.00  260.37
2019/01/28 21:00:00  -11.019 -10.508  1007.80  -7.121 -10.271 1.000 7.033e-09    0.00  254.97
2019/01/29 00:00:00   -9.826 -10.419  1007.88  -6.428  -9.107 0.997 5.897e-09    0.00  264.02
2019/01/29 03:00:00  -10.629 -13.556  1007.53  -6.174  -8.414 0.954 7.405e-09    0.00  275.31
2019/01/29 06:00:00  -11.240 -12.317  1008.35  -6.342  -8.442 0.985 2.053e-09    0.00  241.22
2019/01/29 09:00:00  -10.277 -11.224  1009.33  -6.475  -8.611 0.985 1.208e-09    0.00  250.71
2019/01/29 12:00:00   -9.073 -10.055  1009.78  -6.066  -8.608 0.976 1.836e-09    4.64  257.59
2019/01/29 15:00:00   -8.200  -9.694  1010.54  -6.207  -9.074 0.986 2.000e-09   31.16  244.43
2019/01/29 18:00:00   -8.632  -9.404  1010.73  -6.570  -9.827 0.878 4.711e-10    0.00  243.17
2019/01/29 21:00:00   -8.200  -9.391  1011.68  -6.893 -10.487 0.889 2.589e-10    0.00  214.91
2019/01/30 00:00:00   -7.663  -8.926  1012.15  -7.254 -11.301 0.809 1.685e-11    0.00  227.03
2019/01/30 03:00:00   -6.966  -9.671  1012.29  -7.572 -11.097 0.846 5.813e-10    0.00  241.96
2019/01/30 06:00:00   -8.266 -10.011  1012.37  -7.158 -10.299 0.998 4.726e-09    0.00  260.18
2019/01/30 09:00:00   -8.363 -10.635  1012.21  -6.538 -10.118 0.943 3.021e-09    0.00  255.58
2019/01/30 12:00:00   -7.585 -11.040  1012.80  -6.342  -9.707 0.956 4.169e-09    5.45  246.76
2019/01/30 15:00:00   -6.286 -11.542  1012.68  -6.026  -9.648 0.767 8.985e-09   23.88  255.87
2019/01/30 18:00:00   -7.249 -11.589  1012.79  -6.005 -10.168 0.877 5.327e-09    0.00  252.00
2019/01/30 21:00:00   -7.473 -10.172  1013.24  -6.236 -10.815 0.689 3.341e-09    0.00  229.50
2019/01/31 00:00:00   -6.549 -10.144  1013.87  -5.950 -10.128 0.645 2.049e-10    0.00  206.08
2019/01/31 03:00:00   -5.243  -9.128  1014.17  -6.009 -10.741 0.779 0.000e+00    0.00  197.98
2019/01/31 06:00:00   -4.177  -8.981  1014.93  -6.200 -11.030 0.381 0.000e+00    0.00  193.54
2019/01/31 09:00:00   -5.346  -8.961  1016.13  -6.614 -11.150 0.374 8.423e-11    0.00  196.05
2019/01/31 12:00:00   -6.993  -8.509  1017.68  -6.615 -10.494 0.264 0.000e+00   11.89  195.55
2019/01/31 15:00:00   -6.735  -8.590  1018.79  -7.059 -11.336 0.282 0.000e+00   50.37  199.61
2019/01/31 18:00:00   -6.892  -9.830  1019.93  -7.469 -11.844 0.683 0.000e+00    0.00  201.47
2019/01/31 21:00:00   -7.119 -10.328  1021.04  -7.403 -12.139 0.936 1.984e-10    0.00  221.74
2019/02/01 00:00:00   -4.402  -9.457  1021.52  -7.431 -12.646 0.968 6.764e-10    0.00  209.81
2019/02/01 03:00:00   -0.246  -7.655  1020.97  -7.578 -12.795 0.947 1.046e-09    0.00  223.00
2019/02/01 06:00:00    2.582  -6.650  1021.36  -7.085 -13.476 0.927 4.486e-10    0.00  207.88
2019/02/01 09:00:00    6.189  -4.536  1021.11  -7.133 -12.022 0.451 1.780e-10    0.00  200.19
2019/02/01 12:00:00    6.527  -3.252  1020.67  -7.569 -12.174 0.068 0.000e+00   15.55  187.08
2019/02/01 15:00:00    6.907  -3.551  1020.11  -7.590 -11.988 0.056 0.000e+00   62.90  182.87
2019/02/01 18:00:00    5.920  -2.407  1018.81  -7.528 -11.879 0.032 0.000e+00    0.00  184.06
2019/02/01 21:00:00    5.370  -0.804  1018.20  -7.735 -11.720 0.212 0.000e+00    0.00  191.43
2019/02/02 00:00:00    5.290   0.019  1017.87  -8.416 -11.751 0.063 0.000e+00    0.00  191.47
2019/02/02 03:00:00    4.584  -0.124  1016.57  -8.217 -11.448 0.080 0.000e+00    0.00  190.48
2019/02/02 06:00:00    2.864  -0.717  1015.67  -8.444 -10.800 0.088 0.000e+00    0.00  196.85
2019/02/02 09:00:00    2.348  -1.441  1014.87  -8.551 -10.986 0.295 3.191e-10    0.00  204.70
2019/02/02 12:00:00   -0.145  -2.554  1014.34  -8.717 -10.556 0.411 7.421e-10   14.97  216.43
2019/02/02 15:00:00   -0.453  -2.120  1012.92  -8.390 -11.380 0.208 4.128e-10   56.27  203.91
2019/02/02 18:00:00   -1.575  -3.701  1011.81  -7.925 -11.577 0.183 3.001e-11    0.00  202.93
2019/02/02 21:00:00   -3.422  -2.690  1010.71  -6.800 -10.859 0.097 0.000e+00    0.00  205.52
2019/02/03 00:00:00   -4.094  -2.336  1010.34  -4.695 -10.057 0.246 0.000e+00    0.00  221.36
2019/02/03 03:00:00   -5.636  -4.127  1009.60  -4.636  -9.515 0.692 0.000e+00    0.00  229.36
2019/02/03 06:00:00   -5.886  -5.372  1009.69  -5.085 -10.618 0.291 3.001e-11    0.00  201.94
2019/02/03 09:00:00   -5.494  -5.820  1009.83  -5.572 -10.508 0.804 3.790e-10    0.00  237.64
2019/02/03 12:00:00   -6.104  -6.346  1009.99  -5.224  -9.147 0.941 2.325e-09   10.32  249.61
2019/02/03 15:00:00   -5.984  -7.170  1009.13  -4.858  -9.135 0.991 1.989e-09   35.44  256.71
2019/02/03 18:00:00   -7.602  -7.206  1009.49  -4.494  -9.291 0.983 7.281e-10    0.00  253.19
2019/02/03 21:00:00   -7.773  -7.088  1009.75  -4.115  -9.471 0.994 6.023e-10    0.00  250.65
2019/02/04 00:00:00   -8.222  -6.297  1010.25  -3.808  -8.520 0.951 9.576e-11    0.00  244.51
2019/02/04 03:00:00   -7.013  -5.484  1010.75  -3.739  -9.360 0.850 9.478e-11    0.00  237.15
2019/02/04 06:00:00   -7.687  -4.639  1012.23  -3.401  -9.343 0.938 7.417e-11    0.00  232.46
2019/02/04 09:00:00   -7.392  -4.409  1013.47  -3.287  -9.086 0.367 1.418e-10    0.00  228.82
2019/02/04 12:00:00   -5.872  -4.491  1015.08  -3.226  -7.375 0.152 2.138e-10   22.66  219.73
2019/02/04 15:00:00   -5.849  -4.893  1015.81  -3.507  -8.327 0.181 0.000e+00   69.06  211.97
2019/02/04 18:00:00   -6.518  -3.486  1016.63  -3.545  -8.968 0.083 0.000e+00    0.00  213.01
2019/02/04 21:00:00   -6.261  -4.466  1017.14  -3.514  -8.473 0.084 0.000e+00    0.00  206.58
2019/02/05 00:00:00   -6.474  -4.483  1017.62  -3.588  -6.879 0.555 4.240e-11    0.00  224.15
2019/02/05 03:00:00   -7.566  -3.495  1017.15  -3.413  -5.823 0.977 4.733e-10    0.00  267.37
2019/02/05 06:00:00   -8.677  -4.081  1016.80  -2.691  -5.356 0.999 9.200e-10    0.00  284.82
2019/02/05 09:00:00  -10.110  -4.647  1016.56  -2.030  -5.204 1.000 3.048e-09    0.00  286.66
2019/02/05 12:00:00  -11.346  -6.351  1016.32  -1.820  -5.338 0.984 1.795e-09   12.95  284.32
2019/02/05 15:00:00  -12.359  -6.588  1015.42  -2.036  -5.598 1.000 1.209e-09   25.25  286.33
2019/02/05 18:00:00  -12.835  -8.290  1013.93  -1.942  -5.349 1.000 3.123e-09    0.00  288.81
2019/02/05 21:00:00  -13.549  -9.365  1013.19  -1.980  -5.407 1.000 1.143e-09    0.00  282.37
2019/02/06 00:00:00  -14.444  -8.289  1012.60  -1.355  -5.393 1.000 1.558e-09    0.00  291.38
2019/02/06 03:00:00  -13.274  -8.258  1012.23  -1.504  -5.134 1.000 2.815e-09    0.00  286.07
2019/02/06 06:00:00  -12.732  -8.832  1011.84  -1.541  -5.196 0.999 3.751e-09    0.00  285.42
2019/02/06 09:00:00  -12.351  -8.492  1011.83  -1.914  -5.474 0.991 2.499e-09    0.00  286.35
2019/02/06 12:00:00  -12.233  -8.782  1012.66  -1.747  -6.076 0.982 2.422e-09    9.91  281.90
2019/02/06 15:00:00  -11.297  -8.083  1012.10  -2.138  -6.325 0.948 1.650e-09   31.55  280.18
2019/02/06 18:00:00   -9.901  -8.088  1012.23  -2.699  -6.920 0.823 7.143e-10    0.00  263.57
2019/02/06 21:00:00   -9.019  -6.835  1012.14  -3.180  -7.740 0.462 2.026e-10    0.00  235.38
2019/02/07 00:00:00   -6.524  -7.696  1011.77  -4.046  -7.860 0.236 8.423e-12    0.00  213.64
2019/02/07 03:00:00   -6.317  -6.693  1011.34  -4.781  -8.086 0.731 5.257e-11    0.00  205.87
2019/02/07 06:00:00   -4.942  -5.597  1010.90  -5.059  -8.343 0.931 2.843e-10    0.00  237.92
2019/02/07 09:00:00   -3.880  -6.616  1011.11  -5.218  -8.154 0.814 7.002e-10    0.00  245.23
2019/02/07 12:00:00   -4.571  -7.497  1011.58  -4.789  -7.976 0.999 2.862e-10   20.38  241.58
2019/02/07 15:00:00   -5.200  -8.169  1011.83  -4.899  -7.791 0.773 1.038e-09   48.68  251.00
2019/02/07 18:00:00   -6.910  -8.815  1011.93  -5.072  -7.822 0.960 1.813e-09    0.07  241.08
2019/02/07 21:00:00   -7.791 -10.252  1012.10  -5.565  -7.765 0.947 2.409e-09    0.00  247.95
2019/02/08 00:00:00   -8.670 -10.937  1012.53  -5.027  -7.022 0.994 4.568e-09    0.00  273.01
2019/02/08 03:00:00   -9.345 -10.024  1012.02  -5.134  -8.234 0.978 4.846e-09    0.00  267.03
2019/02/08 06:00:00   -9.089 -10.756  1012.28  -5.720  -9.513 0.989 3.085e-09    0.00  260.93
2019/02/08 09:00:00   -9.434 -10.617  1012.74  -6.519 -10.434 0.938 1.666e-09    0.00  246.88
2019/02/08 12:00:00   -8.753 -12.290  1012.87  -8.062 -11.725 0.906 5.553e-10   29.99  217.89
2019/02/08 15:00:00   -8.584 -13.146  1012.52  -8.083 -11.121 0.978 7.659e-09   61.02  225.72
2019/02/08 18:00:00   -8.202 -14.292  1011.66  -6.942  -9.449 0.953 8.847e-09    0.22  244.02
2019/02/08 21:00:00   -7.330 -15.340  1011.53  -6.714  -8.719 0.981 7.191e-09    0.00  251.82
2019/02/09 00:00:00   -7.842 -14.015  1011.36  -6.342  -8.203 0.941 2.621e-09    0.00  253.98
2019/02/09 03:00:00   -9.594 -12.209  1011.74  -6.529  -8.363 0.884 1.304e-09    0.00  255.66
2019/02/09 06:00:00   -9.848 -11.102  1012.25  -6.764  -8.687 0.950 2.124e-09    0.00  256.07
2019/02/09 09:00:00   -8.887 -10.089  1013.31  -6.776  -8.987 0.986 2.146e-09    0.00  250.17
2019/02/09 12:00:00   -7.961 -10.528  1013.80  -6.092  -9.122 0.988 1.667e-09   25.18  236.68
2019/02/09 15:00:00   -7.299  -9.238  1014.57  -6.771 -10.010 0.946 1.215e-09   55.65  231.85
2019/02/09 18:00:00   -6.715  -7.679  1015.39  -7.285 -10.701 0.999 1.151e-09    0.57  239.68
2019/02/09 21:00:00   -5.359  -6.397  1015.50  -7.699 -11.323 0.970 1.008e-09    0.00  230.96
2019/02/10 00:00:00   -3.275  -5.988  1016.17  -7.001 -11.351 1.000 7.029e-10    0.00  237.01
2019/02/10 03:00:00   -2.685  -2.670  1014.48  -7.145 -12.136 1.000 3.021e-10    0.00  245.67
2019/02/10 06:00:00   -0.712  -1.488  1013.74  -6.908 -12.243 0.999 4.512e-11    0.00  244.28
2019/02/10 09:00:00    1.100   0.679  1012.71  -6.217 -12.141 0.999 1.099e-10    0.00  244.13
2019/02/10 12:00:00    2.259  -2.694  1012.58  -6.541 -11.441 1.000 0.000e+00   24.15  246.82
2019/02/10 15:00:00    0.755  -3.591  1012.72  -7.385 -10.843 1.000 0.000e+00   68.25  230.85
2019/02/10 18:00:00   -1.132  -4.701  1013.14  -7.626 -11.613 0.983 1.017e-11    1.23  221.60
2019/02/10 21:00:00   -3.069  -4.053  1014.07  -7.015 -11.795 0.960 4.783e-11    0.00  211.16
2019/02/11 00:00:00   -4.889  -2.993  1014.74  -5.880 -11.744 0.990 3.130e-10    0.00  209.90
2019/02/11 03:00:00   -5.560  -2.801  1013.97  -4.429 -11.099 0.989 9.423e-10    0.00  246.88
2019/02/11 06:00:00   -8.500  -4.041  1012.65  -3.539  -9.690 0.957 2.897e-09    0.00  260.51
2019/02/11 09:00:00   -9.549  -3.023  1011.70  -2.753  -8.875 0.997 7.618e-09    0.00  272.66
2019/02/11 12:00:00  -10.370  -4.634  1011.51  -2.470  -8.636 0.998 4.538e-09   17.35  277.76
2019/02/11 15:00:00  -11.755  -4.710  1009.37  -2.130  -8.347 0.999 1.911e-09   35.52  276.90
2019/02/11 18:00:00  -12.623  -4.919  1007.07  -1.082  -6.998 0.998 7.071e-09    0.89  282.01
2019/02/11 21:00:00  -13.763  -7.254  1006.64  -1.803  -6.027 1.000 1.247e-08    0.00  285.40
2019/02/12 00:00:00  -14.377  -9.526  1006.02  -3.048  -6.681 1.000 1.791e-08    0.00  281.91
2019/02/12 03:00:00  -14.706  -9.922  1003.72  -3.383  -6.884 1.000 1.644e-08    0.00  282.94
2019/02/12 06:00:00  -13.919 -11.443   999.94  -3.668  -6.886 1.000 2.300e-08    0.00  283.54
2019/02/12 09:00:00  -13.171 -14.259   994.47  -4.062  -6.630 1.000 5.476e-08    0.00  284.50
2019/02/12 12:00:00  -11.137 -17.335   990.84  -4.520  -6.646 1.000 1.134e-07    6.99  286.71
2019/02/12 15:00:00  -10.311 -18.271   988.28  -5.156  -6.920 1.000 1.026e-07   12.32  284.09
2019/02/12 18:00:00   -9.310 -19.183   988.24  -5.235  -7.005 1.000 7.132e-08    0.65  282.07
2019/02/12 21:00:00   -8.294 -18.958   990.39  -5.361  -7.146 1.000 3.523e-08    0.00  280.89
2019/02/13 00:00:00   -6.669 -19.264   991.60  -5.515  -7.572 1.000 5.102e-08    0.00  278.75
2019/02/13 03:00:00   -7.230 -18.832   992.65  -5.651  -7.839 1.000 5.202e-08    0.00  278.13
2019/02/13 06:00:00   -7.661 -17.474   992.39  -5.681  -7.990 1.000 4.201e-08    0.00  276.79
2019/02/13 09:00:00   -8.096 -17.062   991.96  -5.354  -7.868 1.000 4.420e-08    0.00  282.81
2019/02/13 12:00:00   -7.975 -15.827   991.07  -4.631  -6.842 1.000 2.986e-08   11.66  282.73
2019/02/13 15:00:00   -7.619 -15.832   988.85  -4.768  -7.049 1.000 2.978e-08   18.62  283.51
2019/02/13 18:00:00   -8.389 -14.654   985.70  -4.857  -7.105 1.000 4.208e-08    1.32  281.87
2019/02/13 21:00:00  -10.572 -14.460   985.16  -4.541  -6.695 0.998 3.353e-08    0.00  282.38
2019/02/14 00:00:00   -8.411 -14.715   987.93  -3.946  -5.959 0.999 5.519e-08    0.00  286.01
2019/02/14 03:00:00   -5.118 -15.617   991.36  -3.919  -6.841 1.000 5.795e-08    0.00  287.42
2019/02/14 06:00:00   -4.600 -13.558   996.27  -3.917  -7.666 1.000 5.182e-08    0.00  282.53
2019/02/14 09:00:00   -7.760 -10.236  1000.44  -4.187  -8.619 1.000 3.851e-08    0.00  276.54
2019/02/14 12:00:00   -9.042  -6.558  1003.46  -4.489  -9.571 1.000 1.430e-08   25.66  268.28
2019/02/14 15:00:00   -7.193  -3.602  1004.76  -3.831  -9.083 1.000 4.202e-09   56.42  261.14
2019/02/14 18:00:00   -6.679  -5.492  1005.25  -3.756  -8.145 0.983 5.351e-09    3.63  268.37
2019/02/14 21:00:00   -8.227  -5.644  1005.15  -3.693  -7.862 0.896 1.889e-09    0.00  240.26
2019/02/15 00:00:00   -5.588  -7.636  1005.35  -2.423  -7.480 0.871 2.374e-09    0.00  243.76
2019/02/15 03:00:00   -6.865  -4.381  1004.27  -2.426  -6.893 0.903 3.504e-09    0.00  256.26
2019/02/15 06:00:00   -5.224  -5.877  1003.15  -2.521  -6.238 0.790 1.525e-08    0.00  270.30
2019/02/15 09:00:00   -5.207  -6.667  1002.58  -2.150  -6.322 0.330 3.654e-10    0.00  218.31
2019/02/15 12:00:00   -3.649  -7.351  1002.09  -3.124  -8.376 0.841 1.900e-10   55.84  233.62
2019/02/15 15:00:00   -2.293  -5.604  1001.84  -3.402  -7.820 0.973 7.698e-10   89.84  244.41
2019/02/15 18:00:00    0.301  -6.403  1002.79  -3.949  -7.646 0.945 1.129e-09    5.43  248.82
2019/02/15 21:00:00    1.085  -5.281  1004.57  -4.273  -7.671 0.915 1.157e-09    0.00  247.92
2019/02/16 00:00:00    2.963  -2.241  1005.93  -5.391  -8.529 0.977 6.024e-10    0.00  231.77
2019/02/16 03:00:00    3.507  -2.316  1007.38  -6.342  -9.960 0.959 3.829e-10    0.00  239.68
2019/02/16 06:00:00    2.316  -2.734  1009.27  -6.690 -10.267 0.998 9.624e-11    0.00  252.01
2019/02/16 09:00:00   -0.402  -2.379  1011.08  -6.052 -10.033 0.999 0.000e+00    0.00  246.90
2019/02/16 12:00:00   -2.905  -1.717  1012.92  -5.206 -10.754 0.858 7.466e-11   51.37  246.30
2019/02/16 15:00:00   -5.720  -3.769  1013.04  -4.691  -9.925 0.971 4.470e-10   78.26  255.69
2019/02/16 18:00:00   -7.899  -6.531  1013.51  -4.739  -8.732 0.999 2.384e-09    6.45  258.87
2019/02/16 21:00:00   -9.242  -8.369  1013.40  -4.077  -7.977 0.999 1.234e-08    0.00  279.06
2019/02/17 00:00:00  -10.715  -9.461  1012.68  -4.202  -8.216 1.000 8.216e-09    0.00  275.91
2019/02/17 03:00:00  -11.166 -10.949  1012.78  -6.014  -9.273 1.000 5.019e-09    0.00  265.98
2019/02/17 06:00:00  -12.360 -12.126  1012.19  -7.055 -10.057 1.000 2.201e-09    0.00  258.82
2019/02/17 09:00:00  -12.421 -13.430  1012.46  -7.457 -10.052 1.000 3.003e-09    0.00  267.65
2019/02/17 12:00:00  -12.138 -13.272  1012.19  -7.703 -10.137 1.000 5.991e-09   26.12  265.87
2019/02/17 15:00:00  -12.215 -14.156  1011.80  -7.800 -10.039 1.000 6.935e-09   49.72  265.70
2019/02/17 18:00:00  -11.454 -15.451  1012.07  -7.836 -10.165 1.000 8.084e-09    5.12  258.61
2019/02/17 21:00:00   -9.812 -15.746  1011.95  -7.583  -9.759 1.000 3.670e-09    0.00  258.22
2019/02/18 00:00:00   -8.758 -15.729  1011.36  -7.500  -9.816 1.000 5.423e-09    0.00  258.00
2019/02/18 03:00:00   -7.033 -15.485  1011.52  -7.371  -9.667 1.000 3.842e-09    0.00  264.35
2019/02/18 06:00:00   -7.038 -15.542  1011.01  -7.080  -9.327 0.971 3.207e-09    0.00  252.89
2019/02/18 09:00:00   -8.184 -13.926  1011.23  -6.616  -8.865 1.000 4.013e-09    0.00  256.52
2019/02/18 12:00:00   -9.287 -11.232  1012.16  -6.101  -8.405 0.982 3.741e-09   33.83  272.27
2019/02/18 15:00:00   -8.290  -9.335  1012.52  -5.840  -8.105 1.000 1.278e-09   60.98  273.76
2019/02/18 18:00:00   -8.931  -6.687  1012.18  -5.490  -7.950 1.000 1.026e-09    7.16  274.11
2019/02/18 21:00:00   -7.777  -4.101  1011.88  -4.929  -7.929 1.000 2.046e-09    0.00  280.91
2019/02/19 00:00:00   -6.276  -4.081  1011.54  -3.553  -8.318 1.000 2.447e-09    0.00  281.60
2019/02/19 03:00:00   -8.087  -3.655  1010.04  -3.322  -7.950 1.000 3.561e-09    0.00  280.20
2019/02/19 06:00:00   -8.910  -3.506  1008.72  -3.096  -7.213 1.000 6.474e-09    0.00  280.77
2019/02/19 09:00:00   -9.799  -4.158  1007.80  -2.338  -6.246 1.000 4.696e-09    0.00  280.59
2019/02/19 12:00:00   -9.785  -6.407  1007.42  -1.193  -5.854 1.000 8.732e-09   25.76  289.94
2019/02/19 15:00:00  -12.180  -5.249  1006.88  -1.113  -4.672 1.000 1.722e-08   46.33  292.35
2019/02/19 18:00:00  -11.759  -5.148  1005.52  -0.832  -4.141 1.000 1.585e-08    3.60  296.89
2019/02/19 21:00:00  -12.209  -7.258  1004.27  -0.720  -4.134 1.000 2.629e-09    0.00  292.61
2019/02/20 00:00:00  -12.455  -8.914  1002.09  -1.940  -4.868 1.000 4.529e-09    0.00  293.10
2019/02/20 03:00:00  -13.282 -11.000   998.15  -1.330  -3.711 1.000 5.827e-09    0.00  297.13
2019/02/20 06:00:00  -13.938 -10.961   994.45  -0.455  -2.424 1.000 2.018e-08    0.00  299.43
2019/02/20 09:00:00  -15.022  -7.236   991.87   0.999  -1.109 1.000 1.923e-08    0.00  301.74
2019/02/20 12:00:00  -15.210  -4.266   990.66   1.017  -0.676 1.000 1.126e-07    9.23  306.39
2019/02/20 15:00:00  -12.533  -0.433   990.37   1.266   0.364 1.000 1.142e-07   29.16  308.49
2019/02/20 18:00:00   -6.839  -0.266   991.46   2.228   0.850 0.994 2.683e-08    4.90  314.58
2019/02/20 21:00:00   -4.691  -0.980   993.08   2.460   1.084 0.992 9.915e-09    0.00  305.18
2019/02/21 00:00:00   -6.944  -1.129   992.94   2.318   1.152 1.000 2.356e-09    0.00  291.91
2019/02/21 03:00:00   -9.489  -2.938   991.95   2.212   0.705 1.000 2.396e-10    0.00  305.49
2019/02/21 06:00:00  -12.515  -2.401   988.98   2.310   0.806 1.000 2.424e-09    0.00  306.73
2019/02/21 09:00:00   -9.432   1.827   986.69   2.693   0.989 1.000 1.055e-07    0.00  316.74
2019/02/21 12:00:00   -9.054   3.985   986.09   3.870   1.531 0.380 2.227e-08   60.10  293.00
2019/02/21 15:00:00   -5.035   9.601   986.85   4.905   1.713 0.133 9.838e-10  120.28  265.60
2019/02/21 18:00:00   -2.337   8.433   988.98   4.640   1.323 0.027 0.000e+00   26.77  244.92
2019/02/21 21:00:00   -5.751   5.474   989.73   4.506   1.060 0.786 2.159e-10    0.00  247.67
2019/02/22 00:00:00   -2.883   9.469   990.19   4.499   1.572 0.391 4.078e-09    0.00  263.92
2019/02/22 03:00:00   -0.937  12.395   991.62   4.097   1.498 1.000 2.294e-08    0.00  298.64
2019/02/22 06:00:00    4.330  10.660   995.48   4.121   1.245 0.485 7.789e-09    0.00  296.46
2019/02/22 09:00:00    5.056   5.787   997.73   3.528   0.886 0.400 2.159e-11    0.00  254.00
2019/02/22 12:00:00   -0.588   1.531   998.65   2.398   0.472 1.000 8.423e-12   73.96  269.04
2019/02/22 15:00:00   -3.367  -0.214   995.99   2.365   1.174 1.000 0.000e+00  119.13  271.15
2019/02/22 18:00:00   -6.206  -5.041   992.50   2.462   0.852 1.000 0.000e+00   16.92  276.26
2019/02/22 21:00:00   -9.181  -6.564   989.30   2.790   0.160 0.999 2.095e-09    0.00  286.89
2019/02/23 00:00:00   -7.159   5.345   987.67   4.004   1.930 0.963 7.012e-08    0.00  320.06
2019/02/23 03:00:00   -6.700   5.429   986.84   4.478   1.272 0.833 0.000e+00    0.00  276.95
2019/02/23 06:00:00   -9.143   1.351   985.32   4.627   0.997 1.000 0.000e+00    0.00  292.48
2019/02/23 09:00:00   -9.409  -2.181   982.72   4.362   1.127 1.000 1.487e-07    0.00  308.93
2019/02/23 12:00:00   -6.922 -11.478   979.38   1.265   0.134 1.000 1.183e-07   12.51  323.41
2019/02/23 15:00:00   -6.128 -11.210   978.48  -0.752  -1.990 1.000 2.372e-08   27.34  313.13
2019/02/23 18:00:00   -5.515  -8.476   983.01  -1.535  -3.458 1.000 4.848e-08    5.20  301.57
2019/02/23 21:00:00   -5.598  -6.187   990.83  -1.294  -4.049 0.999 1.370e-08    0.00  299.10
2019/02/24 00:00:00   -3.848   3.330   999.09  -0.853  -4.093 0.707 7.732e-09    0.00  299.94
2019/02/24 03:00:00    8.207   5.268  1004.26   1.143  -0.794 0.590 9.396e-09    0.00  301.97
2019/02/24 06:00:00    6.967   5.984  1008.23   1.416  -2.434 0.032 4.240e-11    0.00  246.28
2019/02/24 09:00:00    5.383   3.925  1010.26   1.626  -2.310 0.674 0.000e+00    0.00  220.33
2019/02/24 12:00:00    2.400   2.274  1011.73   1.991  -1.124 1.000 0.000e+00   91.88  243.14
2019/02/24 15:00:00   -2.800   1.464  1011.21   2.297  -0.020 0.999 0.000e+00  121.32  263.64
2019/02/24 18:00:00   -7.161  -0.670  1008.46   2.250  -0.057 1.000 0.000e+00   18.82  283.45
2019/02/24 21:00:00   -9.945  -2.779  1006.67   1.921  -0.480 1.000 8.406e-09    0.00  296.29
2019/02/25 00:00:00   -9.265  -4.670  1006.49   0.974   0.174 1.000 1.101e-07    0.00  304.20
2019/02/25 03:00:00   -7.360  -3.924  1007.41   0.615  -0.204 0.998 5.106e-08    0.00  300.58
2019/02/25 06:00:00   -4.859  -2.036  1010.03   0.348  -0.510 0.855 1.277e-08    0.00  289.89
2019/02/25 09:00:00   -2.925   0.455  1013.07   1.733   0.155 0.599 2.034e-08    0.00  291.00
2019/02/25 12:00:00   -5.379  -1.083  1014.62   2.779   1.314 0.401 1.166e-10  104.30  267.51
2019/02/25 15:00:00   -8.191   2.624  1012.65   3.470   1.447 1.000 2.643e-08   44.69  299.13
2019/02/25 18:00:00   -9.861   2.630  1010.71   1.659   1.069 1.000 1.314e-07    5.67  311.56
2019/02/25 21:00:00   -7.558  -0.767  1006.00   3.509   0.210 1.000 3.224e-08    0.00  317.71
2019/02/26 00:00:00   -9.440  -7.089   999.92   2.921   0.618 1.000 8.607e-09    0.00  310.51
2019/02/26 03:00:00   -8.006 -11.352   991.46   1.908   0.495 1.000 5.600e-08    0.00  295.86
2019/02/26 06:00:00   -7.291 -15.550   983.78   0.125  -0.612 1.000 2.024e-07    0.00  315.11
2019/02/26 09:00:00   -5.906 -17.643   984.82  -0.767  -2.322 1.000 3.772e-08    0.00  305.67
2019/02/26 12:00:00   -5.110 -15.650   989.12  -0.014  -2.548 0.890 3.287e-08   43.73  297.35
2019/02/26 15:00:00   -3.498 -10.890   996.18   0.554  -3.839 0.931 3.314e-09   77.67  287.03
2019/02/26 18:00:00   -6.062  -5.810  1002.77   0.121  -5.396 0.999 2.211e-10   33.92  247.88
2019/02/26 21:00:00   -6.580  -3.026  1007.98  -0.466  -5.298 0.985 0.000e+00    0.00  237.07
2019/02/27 00:00:00   -6.520   0.440  1010.90  -0.177  -2.883 1.000 0.000e+00    0.00  238.33
2019/02/27 03:00:00   -6.025   2.824  1012.74  -0.088  -2.340 1.000 2.159e-11    0.00  277.99
2019/02/27 06:00:00   -6.958   2.641  1013.38   0.363  -2.006 0.999 2.940e-09    0.00  301.49
2019/02/27 09:00:00   -7.894   3.172  1015.12   1.135  -1.330 0.988 3.210e-08    0.00  306.32
2019/02/27 12:00:00   -7.166   4.415  1015.99   2.334   0.822 0.999 4.604e-08   68.99  299.91
2019/02/27 15:00:00   -2.325   5.835  1016.08   3.195   1.774 1.000 4.437e-08   83.05  308.34
2019/02/27 18:00:00    3.517   6.408  1015.96   3.166   1.575 1.000 1.069e-08   25.46  298.01
2019/02/27 21:00:00    4.354   4.630  1016.41   2.634   1.414 1.000 7.255e-09    0.00  282.25
2019/02/28 00:00:00    1.796   0.606  1015.99   2.251   1.453 1.000 1.281e-08    0.00  299.09
2019/02/28 03:00:00    0.676   0.884  1015.14   1.768   1.303 1.000 3.768e-08    0.00  315.65
2019/02/28 06:00:00   -0.620  -0.491  1013.51   1.585   1.186 1.000 4.301e-08    0.00  320.81
2019/02/28 09:00:00   -3.723  -1.988  1013.06   2.092   1.559 1.000 3.625e-08    0.00  318.08
2019/02/28 12:00:00   -6.539  -3.796  1013.12   1.027   0.374 1.000 4.903e-08   25.18  317.36
2019/02/28 15:00:00   -7.920  -4.227  1013.26   0.645  -0.437 1.000 4.374e-08   37.07  312.36
2019/02/28 18:00:00   -9.630  -5.431  1013.41  -0.845  -2.186 1.000 4.112e-08    8.15  306.92
2019/02/28 21:00:00  -10.955  -8.168  1014.41  -2.655  -4.486 1.000 2.022e-08    0.00  301.91
2019/03/01 00:00:00  -11.580  -9.289  1015.62  -3.983  -5.971 1.000 8.855e-09    0.00  291.39
2019/03/01 03:00:00  -11.904 -10.829  1015.61  -4.466  -6.292 1.000 7.589e-09    0.00  286.42
2019/03/01 06:00:00  -13.244 -10.463  1014.89  -3.626  -5.709 1.000 1.062e-08    0.00  287.28
2019/03/01 09:00:00  -15.395  -8.817  1014.30  -2.410  -5.927 1.000 7.356e-09    0.00  285.53
2019/03/01 12:00:00  -15.188 -10.682  1015.51  -3.181  -7.047 1.000 1.037e-08   27.63  284.47
2019/03/01 15:00:00  -15.695  -9.688  1015.15  -3.939  -7.742 1.000 1.163e-08   52.44  280.02
2019/03/01 18:00:00  -15.626  -9.143  1013.90  -4.258  -8.217 1.000 1.524e-08   16.58  278.13
2019/03/01 21:00:00  -15.411  -9.142  1012.35  -4.266  -8.414 1.000 1.129e-08    0.00  277.10
2019/03/02 00:00:00  -14.572  -9.409  1010.27  -4.850  -8.787 1.000 1.104e-08    0.00  276.17
2019/03/02 03:00:00  -14.645  -8.152  1006.98  -4.530  -8.697 1.000 1.431e-08    0.00  277.36
2019/03/02 06:00:00  -14.376  -7.007  1002.99  -3.838  -8.176 1.000 1.735e-08    0.00  278.15
2019/03/02 09:00:00  -13.921  -6.840  1000.65  -3.212  -7.654 1.000 2.436e-08    0.00  282.71
2019/03/02 12:00:00  -12.536  -6.903   998.25  -2.649  -7.075 1.000 1.346e-08   49.49  283.07
2019/03/02 15:00:00  -12.620  -6.542   996.69  -1.962  -6.703 1.000 1.289e-08   57.12  285.95
2019/03/02 18:00:00  -11.585  -6.595   995.56  -1.339  -6.627 1.000 4.106e-09   15.97  287.82
2019/03/02 21:00:00  -10.305 -12.017   994.81  -1.797  -4.938 0.994 1.260e-08    0.00  287.77
2019/03/03 00:00:00  -10.866 -11.663   994.41  -1.822  -3.904 1.000 1.722e-08    0.00  293.43
2019/03/03 03:00:00  -10.332 -12.859   995.27  -2.575  -4.427 0.999 1.380e-08    0.00  290.10
2019/03/03 06:00:00  -10.158 -14.910   996.44  -3.728  -5.289 1.000 1.900e-08    0.00  284.32
2019/03/03 09:00:00  -13.128 -15.200   998.73  -3.892  -5.468 1.000 4.872e-08    0.04  292.48
2019/03/03 12:00:00  -13.872 -14.582  1002.04  -4.246  -6.369 1.000 1.600e-08   51.03  284.04
2019/03/03 15:00:00  -14.123 -14.298  1005.35  -5.491  -7.474 0.999 1.685e-08   75.76  278.18
2019/03/03 18:00:00  -13.452 -14.172  1007.80  -6.030  -8.152 1.000 1.113e-08   34.17  270.02
2019/03/03 21:00:00  -12.776 -13.286  1009.83  -6.216  -8.561 1.000 7.237e-09    0.00  273.94
2019/03/04 00:00:00  -11.874 -12.862  1011.36  -5.914  -8.607 1.000 9.077e-09    0.00  274.10
2019/03/04 03:00:00  -11.242 -11.583  1011.55  -5.964  -8.959 1.000 9.308e-09    0.00  263.08
2019/03/04 06:00:00   -9.870 -11.000  1011.01  -5.580  -8.795 1.000 1.015e-08    0.00  271.53
2019/03/04 09:00:00   -8.768 -10.061  1010.85  -5.250  -8.601 1.000 8.600e-09    0.23  267.38
2019/03/04 12:00:00   -8.015  -7.929  1009.65  -4.140  -7.842 0.999 3.267e-09   95.13  267.48
2019/03/04 15:00:00   -5.605  -7.211  1008.65  -3.457  -7.720 0.954 8.246e-09  124.67  273.65
2019/03/04 18:00:00   -4.486  -6.697  1007.37  -3.411  -7.548 0.984 4.794e-09   53.81  251.07
2019/03/04 21:00:00   -2.798  -6.026  1006.56  -3.472  -7.473 0.789 3.502e-09    0.00  259.05
2019/03/05 00:00:00   -1.236  -5.891  1006.57  -4.481  -8.006 0.983 3.463e-09    0.00  248.13
2019/03/05 03:00:00   -0.212  -5.330  1005.85  -5.125  -8.386 0.967 3.101e-09    0.00  258.33
2019/03/05 06:00:00   -0.241  -6.716  1006.34  -5.368  -8.795 0.950 2.648e-09    0.00  241.51
2019/03/05 09:00:00   -2.796  -6.686  1007.02  -5.241  -8.545 0.987 2.587e-09    0.76  234.82
2019/03/05 12:00:00   -5.352  -7.136  1007.31  -4.362  -7.990 0.996 9.508e-09   98.17  246.38
2019/03/05 15:00:00   -6.925  -5.267  1007.72  -3.902  -7.842 0.994 5.431e-09  134.64  264.69
2019/03/05 18:00:00   -6.257  -5.533  1007.76  -3.692  -7.809 0.999 2.133e-09   52.87  250.27
2019/03/05 21:00:00   -7.939  -5.650  1008.81  -3.711  -9.302 0.918 9.078e-10    0.00  222.01
2019/03/06 00:00:00   -7.946  -5.809  1009.15  -3.982 -10.616 0.380 0.000e+00    0.00  205.83
2019/03/06 03:00:00   -6.504  -6.366  1008.94  -4.602 -10.826 0.133 0.000e+00    0.00  191.69
2019/03/06 06:00:00   -5.200  -6.854  1009.12  -5.107 -11.430 0.162 0.000e+00    0.00  189.73
2019/03/06 09:00:00   -3.825  -7.464  1009.39  -5.397 -11.283 0.728 1.091e-10    1.73  202.32
2019/03/06 12:00:00   -3.252  -8.173  1009.82  -4.998  -9.918 0.896 2.920e-09  113.71  239.07
2019/03/06 15:00:00   -4.078  -8.636  1009.18  -4.114  -8.050 0.938 5.803e-09  188.76  242.07
2019/03/06 18:00:00   -6.108  -7.898  1008.95  -3.339  -7.081 0.766 2.171e-08   60.69  250.00
2019/03/06 21:00:00   -6.593  -6.882  1009.77  -2.886  -7.265 0.750 2.067e-08    0.00  245.49
2019/03/07 00:00:00   -7.287  -6.099  1009.75  -2.349  -7.752 0.775 3.578e-09    0.00  238.17
2019/03/07 03:00:00   -6.543  -3.157  1009.43  -2.304  -8.610 0.830 2.206e-10    0.00  213.31
2019/03/07 06:00:00   -4.323  -2.175  1009.15  -2.437 -10.531 0.910 0.000e+00    0.00  208.40
2019/03/07 09:00:00   -3.670  -0.193  1008.90  -2.517 -11.399 0.799 2.478e-11    2.06  250.92
2019/03/07 12:00:00   -2.310   1.078  1008.41  -2.165 -11.634 0.947 3.968e-12  129.79  252.85
2019/03/07 15:00:00   -1.396   1.421  1007.80  -1.889 -11.686 0.925 1.587e-11  183.47  255.55
2019/03/07 18:00:00   -1.620   0.688  1007.30  -1.856 -10.943 0.912 1.925e-10   66.90  253.87
2019/03/07 21:00:00   -2.715   2.572  1006.15  -1.402  -9.811 0.885 7.706e-10    0.00  250.27
2019/03/08 00:00:00   -2.698   2.755  1004.93  -1.100  -9.211 0.706 4.100e-09    0.00  242.81
2019/03/08 03:00:00   -4.476   1.368  1003.22  -1.033  -8.663 0.848 3.832e-09    0.00  252.13
2019/03/08 06:00:00   -7.003  -0.265  1002.16  -1.260  -7.999 0.930 1.886e-09    0.00  257.77
2019/03/08 09:00:00   -9.314  -1.247  1001.27  -1.547  -8.303 0.958 1.915e-09    1.57  275.79
2019/03/08 12:00:00   -9.658  -3.231  1000.22  -1.603  -8.186 0.993 2.059e-09   67.91  280.49
2019/03/08 15:00:00  -10.627  -4.064   999.12  -1.189  -7.899 0.965 2.180e-09  104.25  282.30
2019/03/08 18:00:00  -11.267  -5.349   998.06  -0.499  -7.205 0.936 9.606e-09   50.70  275.74
2019/03/08 21:00:00  -11.898  -6.633   998.26  -1.133  -4.858 0.816 1.035e-08    0.00  271.11
2019/03/09 00:00:00  -11.868  -8.064   998.38  -1.074  -4.587 0.781 2.761e-08    0.00  276.39
2019/03/09 03:00:00  -12.140  -7.403   997.89  -1.003  -4.000 0.755 2.898e-08    0.00  261.76
2019/03/09 06:00:00  -11.555  -5.128   997.80  -0.445  -3.859 0.637 3.491e-08    0.00  253.63
2019/03/09 09:00:00  -11.694  -3.699   998.44  -0.241  -3.747 0.661 4.535e-08    4.42  245.51
2019/03/09 12:00:00  -11.177  -6.896   999.06  -0.077  -2.892 0.661 1.818e-08  154.00  251.29
2019/03/09 15:00:00  -10.267  -4.674   998.77   0.511  -3.137 0.683 2.450e-08  194.27  254.52
2019/03/09 18:00:00   -8.365  -3.437   997.61   0.954  -3.566 0.585 1.792e-08   85.95  253.66
2019/03/09 21:00:00   -7.032  -3.241   997.17   1.063  -3.779 0.812 1.330e-08    0.00  264.11
2019/03/10 00:00:00   -5.823  -1.880   996.03   1.108  -2.447 0.667 8.217e-09    0.00  262.00
2019/03/10 03:00:00   -5.136  -0.498   995.16   1.400  -2.450 0.391 9.619e-09    0.00  246.35
2019/03/10 06:00:00   -6.021   1.314   995.73   1.497  -2.744 0.463 3.038e-09    0.00  235.71
2019/03/10 09:00:00   -6.980   2.026   996.47   1.358  -2.877 0.314 6.792e-09    7.22  243.79
2019/03/10 12:00:00   -7.331   1.753   997.46   1.433  -3.045 0.349 4.460e-09  194.77  242.72
2019/03/10 15:00:00   -6.584   0.813   998.53   1.364  -3.404 0.416 3.897e-09  262.87  232.40
2019/03/10 18:00:00   -6.046  -2.761   999.03   0.856  -3.295 0.467 4.586e-09   87.95  242.50
2019/03/10 21:00:00   -6.419  -5.323  1000.47   0.098  -2.941 0.674 7.287e-09    0.00  254.28
2019/03/11 00:00:00   -6.316  -5.781  1000.41  -0.524  -2.087 0.678 3.307e-09    0.00  257.79
2019/03/11 03:00:00   -5.026  -7.905  1000.78  -1.219  -2.210 0.942 4.061e-09    0.00  272.68
2019/03/11 06:00:00   -5.320  -8.298  1001.03  -2.043  -2.915 0.953 1.622e-09    0.00  270.07
2019/03/11 09:00:00   -6.017  -9.345  1000.64  -2.582  -3.835 0.988 1.233e-09    5.31  285.28
2019/03/11 12:00:00   -6.876 -10.435   999.84  -2.698  -3.970 0.991 1.869e-09   98.30  287.63
2019/03/11 15:00:00   -8.381 -10.763   997.64  -2.589  -3.878 0.906 2.484e-09  137.94  275.11
2019/03/11 18:00:00   -9.525 -11.690   995.63  -2.320  -3.879 0.951 4.781e-09   51.47  271.19
2019/03/11 21:00:00  -10.955 -12.831   995.65  -2.679  -4.040 1.000 1.235e-08    0.00  292.58
2019/03/12 00:00:00  -11.605 -14.364   995.42  -2.816  -4.140 0.923 6.301e-09    0.00  285.55
2019/03/12 03:00:00  -10.371 -15.489   996.04  -3.472  -4.929 0.995 5.089e-09    0.00  285.02
2019/03/12 06:00:00   -9.742 -15.185   997.00  -3.708  -5.147 0.999 2.637e-09    0.00  288.34
2019/03/12 09:00:00   -8.877 -14.985   998.82  -3.637  -5.144 0.997 1.171e-09    5.98  283.32
2019/03/12 12:00:00   -9.175 -14.482   999.95  -3.083  -4.406 0.988 8.736e-10  126.16  272.54
2019/03/12 15:00:00   -9.547 -13.210  1001.56  -3.092  -4.303 0.998 1.233e-09  220.16  255.84
2019/03/12 18:00:00   -9.294 -11.552  1002.56  -2.736  -4.300 0.999 2.863e-09   66.80  263.31
2019/03/12 21:00:00  -10.367  -9.270  1003.92  -2.079  -4.367 0.999 5.090e-09    0.00  280.23
2019/03/13 00:00:00   -9.634  -8.907  1003.54  -1.927  -3.064 0.923 1.852e-09    0.00  256.05
2019/03/13 03:00:00   -9.237  -7.907  1002.59  -1.992  -3.259 1.000 7.277e-09    0.00  270.35
2019/03/13 06:00:00  -11.223  -8.404   999.59  -1.112  -4.114 1.000 1.670e-08    0.00  286.37
2019/03/13 09:00:00  -11.962 -10.527   996.93  -0.568  -3.089 1.000 3.370e-08    4.80  299.05
2019/03/13 12:00:00   -9.358 -12.407   993.88  -0.041  -0.904 1.000 1.162e-07   64.33  296.65
2019/03/13 15:00:00  -13.520  -7.532   990.79   1.031  -0.041 1.000 1.516e-07   73.64  302.98
2019/03/13 18:00:00  -13.194  -8.586   989.19   1.305  -0.415 1.000 1.026e-07   19.48  300.97
2019/03/13 21:00:00  -12.026 -10.999   989.10   0.904  -0.961 1.000 6.055e-08    0.00  299.98
2019/03/14 00:00:00  -13.062 -10.365   988.90  -0.355  -1.645 1.000 5.599e-08    0.00  296.22
2019/03/14 03:00:00  -13.049  -9.539   988.61  -0.991  -2.140 1.000 5.537e-08    0.00  299.27
2019/03/14 06:00:00  -11.939 -10.584   988.95  -1.354  -2.509 1.000 5.327e-08    0.00  298.44
2019/03/14 09:00:00  -13.183  -9.593   989.38  -1.266  -2.559 1.000 7.140e-08    2.68  299.19
2019/03/14 12:00:00  -14.467  -8.567   988.59  -0.000  -1.811 1.000 8.390e-08   43.77  298.85
2019/03/14 15:00:00  -14.453  -4.074   987.32   0.569  -1.877 1.000 6.526e-08   49.95  299.72
2019/03/14 18:00:00  -14.726  -0.895   986.10   0.679  -0.720 1.000 9.342e-08   15.87  298.86
2019/03/14 21:00:00  -15.688  -0.634   986.92   0.735  -0.380 1.000 1.139e-07    0.00  301.78
2019/03/15 00:00:00  -16.254  -0.027   988.34   0.963  -0.562 1.000 1.227e-07    0.00  301.05
2019/03/15 03:00:00  -15.997  -0.671   989.95   0.676  -0.840 1.000 1.188e-07    0.00  299.71
2019/03/15 06:00:00  -16.668  -2.551   991.48   0.542  -1.219 1.000 1.043e-07    0.00  300.57
2019/03/15 09:00:00  -16.350  -4.899   993.99   0.488  -1.809 1.000 6.925e-08    5.00  294.55
2019/03/15 12:00:00  -16.294  -5.530   995.78  -0.100  -2.016 1.000 3.884e-08   57.43  291.80
2019/03/15 15:00:00  -15.635  -5.935   996.94  -0.399  -2.642 1.000 2.790e-08   72.63  294.13
2019/03/15 18:00:00  -15.208  -5.144   996.95  -0.504  -2.873 1.000 3.245e-08   26.09  296.74
2019/03/15 21:00:00  -14.922  -4.914   997.22   0.200  -2.604 1.000 4.068e-08    0.00  296.31
2019/03/16 00:00:00  -14.421  -4.595   997.35   0.908  -1.592 1.000 6.381e-08    0.00  295.90
2019/03/16 03:00:00  -13.123  -3.868   996.86   0.746  -1.220 1.000 9.112e-08    0.00  301.15
2019/03/16 06:00:00  -12.993  -2.820   996.82   0.576  -1.018 1.000 9.605e-08    0.00  300.69
2019/03/16 09:00:00  -11.004  -1.155   997.50   0.782  -0.854 1.000 6.413e-08    6.47  297.92
2019/03/16 12:00:00   -8.675   2.536   997.29   1.597  -0.548 0.996 3.693e-08   81.64  290.87
2019/03/16 15:00:00   -5.520   6.147   996.46   2.111  -0.944 0.998 1.589e-08   98.88  296.69
2019/03/16 18:00:00   -0.807   7.603   995.20   1.696  -0.528 0.998 3.591e-08   48.67  292.90
2019/03/16 21:00:00    3.920   5.379   994.95   1.716  -0.052 0.643 1.707e-08    0.00  278.60
2019/03/17 00:00:00    3.911  -2.109   995.17  -0.527  -1.631 0.977 6.936e-10    0.00  251.69
2019/03/17 03:00:00   -1.923  -6.635   996.46  -2.734  -4.676 0.974 6.548e-09    0.00  292.08
2019/03/17 06:00:00   -5.453 -10.161   999.33  -4.683  -6.869 1.000 1.038e-08    0.00  284.67
2019/03/17 09:00:00   -7.648  -7.417  1002.00  -5.577  -8.705 1.000 2.400e-09   14.24  267.64
2019/03/17 12:00:00   -7.800  -2.136  1003.68  -5.767  -9.320 1.000 1.627e-09  101.28  266.23
2019/03/17 15:00:00   -7.146  -0.203  1003.62  -5.315  -9.184 0.999 9.768e-10  140.34  272.77
2019/03/17 18:00:00   -7.934   1.640  1002.97  -4.444  -8.806 0.954 8.654e-10   78.12  270.27
2019/03/17 21:00:00   -8.233   2.519  1002.18  -3.245  -8.044 0.992 4.293e-09    0.00  271.63
2019/03/18 00:00:00   -9.054   4.330  1000.13  -0.667  -6.157 0.995 2.873e-09    0.00  281.22
2019/03/18 03:00:00   -9.819   4.263   998.19   0.314  -3.744 0.999 1.144e-08    0.00  295.17
2019/03/18 06:00:00   -8.705   4.517   994.63   1.586  -0.918 1.000 5.780e-08    0.00  306.28
2019/03/18 09:00:00   -0.913   8.627   991.85   2.666   1.284 1.000 6.171e-08    3.74  318.64
2019/03/18 12:00:00    2.340   9.836   989.77   3.494   1.878 0.968 1.516e-08   53.72  322.71
2019/03/18 15:00:00   -1.306   9.740   986.55   3.414   1.806 1.000 5.334e-08   96.96  311.11
2019/03/18 18:00:00    0.365  11.222   982.23   3.724   2.069 0.935 6.652e-08   19.05  323.46
2019/03/18 21:00:00    4.266   9.053   981.58   3.495   1.286 0.609 1.172e-08    0.00  302.41
2019/03/19 00:00:00    5.403   6.796   980.80   2.315  -0.573 0.651 8.923e-09    0.00  265.43
2019/03/19 03:00:00    3.748   8.192   978.35   1.463  -0.472 0.950 2.399e-08    0.00  276.97
2019/03/19 06:00:00    5.397   8.152   976.10   0.985  -0.752 0.696 2.790e-08    0.00  264.95
2019/03/19 09:00:00    4.392   3.392   975.64   0.661  -1.261 0.776 1.915e-08   32.39  253.96
2019/03/19 12:00:00    3.383   4.447   975.75  -0.316  -1.956 0.996 3.613e-08  146.97  283.19
2019/03/19 15:00:00   -1.240  -0.202   975.68  -0.350  -1.669 0.905 3.275e-08  148.51  285.22
2019/03/19 18:00:00   -2.316  -0.946   976.18   0.207  -1.312 0.471 1.802e-08   86.36  280.01
2019/03/19 21:00:00    0.916   3.493   977.32   1.204  -1.139 0.647 3.321e-09    0.00  263.42
2019/03/20 00:00:00   10.456   8.638   977.21   0.712  -2.275 0.733 3.111e-08    0.00  270.88
2019/03/20 03:00:00   12.847   6.853   980.84  -1.153  -6.940 0.619 5.062e-09    0.00  222.32
2019/03/20 06:00:00   12.798   7.158   981.77  -2.011 -10.231 0.901 1.066e-08    0.00  228.24
2019/03/20 09:00:00   10.876   8.979   982.22  -2.966  -8.980 0.753 3.045e-08   37.29  222.04
2019/03/20 12:00:00   10.974   3.342   982.35  -4.554 -10.715 0.959 8.351e-09  197.69  236.22
2019/03/20 15:00:00   13.035   5.275   984.00  -4.541 -10.276 0.893 2.249e-08  275.76  233.02
2019/03/20 18:00:00   14.014   7.981   983.00  -4.895 -11.858 0.861 1.725e-08   96.56  240.07
2019/03/20 21:00:00   17.929  10.128   982.73  -5.815 -11.699 0.730 1.818e-08    0.00  223.14
2019/03/21 00:00:00   17.821   7.498   985.25  -7.390 -11.953 0.659 2.585e-08    0.00  212.44
2019/03/21 03:00:00   20.490   7.021   988.26  -7.875 -12.467 0.684 1.788e-08    0.00  213.77
2019/03/21 06:00:00   19.497   7.597   991.50  -6.305 -12.349 0.496 3.378e-10    0.00  198.35
2019/03/21 09:00:00   17.052   6.291   996.54  -6.078 -12.600 0.172 0.000e+00   55.41  176.35
2019/03/21 12:00:00   13.221   1.153  1000.80  -6.457 -14.024 0.253 0.000e+00  315.07  173.82
2019/03/21 15:00:00    5.400   1.250  1002.36  -5.843 -14.937 0.804 0.000e+00  350.71  194.03
2019/03/21 18:00:00   -3.152   1.203  1001.22  -4.064 -11.846 0.840 6.784e-10  118.76  239.62
2019/03/21 21:00:00   -8.541   4.407   998.81   0.038  -2.920 0.968 6.779e-09    0.00  254.25
2019/03/22 00:00:00   -3.909   6.054   994.31   0.275  -2.109 0.795 4.486e-08    0.00  254.18
2019/03/22 03:00:00   -4.164   4.074   991.00   0.629  -2.148 1.000 7.083e-09    0.00  257.96
2019/03/22 06:00:00   -7.372  -2.461   986.08   0.925  -2.468 1.000 1.473e-08    0.00  269.06
2019/03/22 09:00:00  -11.671  -5.415   983.09   0.335  -2.518 1.000 9.790e-09   26.70  279.55
2019/03/22 12:00:00   -9.724 -10.182   982.29  -1.968  -3.678 1.000 1.554e-08  126.84  276.03
2019/03/22 15:00:00   -9.525 -15.865   984.26  -5.374  -7.760 1.000 9.563e-09  147.85  270.23
2019/03/22 18:00:00   -9.646 -14.773   986.94  -6.274 -10.095 1.000 4.487e-09   81.67  257.20
2019/03/22 21:00:00  -10.665 -12.612   990.91  -5.836 -12.283 1.000 1.489e-09    0.00  241.24
2019/03/23 00:00:00   -9.724  -7.912   993.96  -5.652 -12.036 0.997 3.462e-10    0.00  234.16
2019/03/23 03:00:00   -8.514  -2.216   997.00  -5.504 -11.665 1.000 5.940e-10    0.00  245.99
2019/03/23 06:00:00  -10.407   0.069   998.58  -4.853 -10.117 1.000 5.032e-09    0.00  262.45
2019/03/23 09:00:00   -8.123   4.778   998.54  -3.109  -7.910 0.999 6.276e-09   32.22  264.94
2019/03/23 12:00:00   -6.552   3.460   997.69  -0.564  -7.485 1.000 1.246e-09  174.72  260.78
2019/03/23 15:00:00   -9.039   3.523   995.78   0.374  -6.655 1.000 1.987e-09  180.86  275.12
2019/03/23 18:00:00  -10.977   2.324   993.81   0.331  -4.486 1.000 2.081e-08   49.42  283.85
2019/03/23 21:00:00  -10.798   1.773   993.78   0.524  -3.453 1.000 6.085e-08    0.00  291.47
2019/03/24 00:00:00   -6.835  -2.457   994.57   0.586  -2.254 0.975 1.620e-08    0.00  288.61
2019/03/24 03:00:00   -5.283 -12.384   998.24  -0.959  -2.513 0.975 2.269e-08    0.00  301.45
2019/03/24 06:00:00   -4.251 -14.150  1003.94  -2.368  -3.819 0.994 7.873e-09    0.00  283.03
2019/03/24 09:00:00   -5.712 -12.077  1011.14  -3.146  -5.971 0.724 8.559e-09   30.18  269.25
2019/03/24 12:00:00   -5.686  -7.080  1015.81  -4.131  -9.293 0.047 0.000e+00  331.24  200.76
2019/03/24 15:00:00   -3.181  -3.128  1019.75  -4.183 -10.613 0.918 0.000e+00  358.37  208.64
2019/03/24 18:00:00   -4.019  -0.469  1021.06  -3.842 -10.603 1.000 0.000e+00  173.04  218.07
2019/03/24 21:00:00   -5.373   1.826  1022.58  -3.325  -9.700 0.965 1.008e-09    0.00  266.41
2019/03/25 00:00:00   -7.688   3.868  1021.75  -1.509  -6.247 0.972 9.168e-09    0.00  272.80
2019/03/25 03:00:00   -8.443   4.901  1019.71  -0.866  -5.160 1.000 7.422e-09    0.00  283.55
2019/03/25 06:00:00  -11.650   3.503  1017.14  -0.447  -5.433 1.000 1.115e-09    0.00  287.58
2019/03/25 09:00:00  -14.658   1.908  1013.19  -0.777  -4.649 1.000 3.184e-08   12.60  295.87
2019/03/25 12:00:00  -14.156   2.622  1007.72   0.214  -1.788 1.000 1.138e-07   36.84  301.96
2019/03/25 15:00:00  -11.759   2.886  1001.68   1.366   0.718 1.000 1.239e-07   30.58  313.43
2019/03/25 18:00:00   -4.847   5.794   996.47   3.328   2.160 1.000 5.093e-08   25.54  326.16
2019/03/25 21:00:00   -0.048   0.662   993.33   2.287   2.111 1.000 3.129e-08    0.00  329.00
2019/03/26 00:00:00   -1.646  -5.647   992.63   0.578   0.126 1.000 7.311e-08    0.00  323.62
2019/03/26 03:00:00   -0.384  -6.183   992.63  -0.720  -1.431 1.000 1.140e-08    0.00  312.79
2019/03/26 06:00:00    3.261   1.514   994.98  -0.152  -1.127 0.965 3.287e-08    0.00  308.68
2019/03/26 09:00:00   10.174   7.486   995.70   2.184  -0.127 0.322 9.944e-09   30.85  293.61
2019/03/26 12:00:00   11.368   9.509   996.87   1.660  -0.800 0.322 1.354e-09  319.16  239.00
2019/03/26 15:00:00   13.249   9.078   998.05   0.862  -3.630 0.169 5.448e-09  380.93  228.17
2019/03/26 18:00:00   13.755   8.707   998.84   0.379  -4.094 0.230 6.260e-09  198.55  231.14
2019/03/26 21:00:00   12.315   9.860   999.20   0.800  -3.637 0.339 5.391e-09    0.09  228.34
2019/03/27 00:00:00   10.259   6.272   998.18   0.880  -4.071 0.907 2.272e-09    0.00  260.24
2019/03/27 03:00:00    3.596   5.551   994.42   0.771  -1.376 1.000 3.182e-08    0.00  297.90
2019/03/27 06:00:00   -2.190  11.665   986.76   1.197   0.475 1.000 1.354e-07    0.00  299.69
2019/03/27 09:00:00    6.118   9.048   984.98   0.834  -2.971 0.981 7.951e-09   45.61  274.71
2019/03/27 12:00:00    2.460  11.476   980.93  -0.221  -1.846 0.977 7.004e-08  146.90  276.47
2019/03/27 15:00:00   -0.335  13.586   976.48   1.355  -2.817 0.887 1.166e-08  294.59  256.43
2019/03/27 18:00:00   10.867   6.328   975.48   0.670  -1.360 0.411 6.011e-09  165.08  259.23
2019/03/27 21:00:00    7.138  -1.080   984.83  -1.390  -3.873 0.978 2.573e-08    0.23  271.14
2019/03/28 00:00:00    4.140   0.728   988.39  -3.658  -5.817 0.986 8.179e-09    0.00  270.52
2019/03/28 03:00:00    3.304   3.287   987.95  -2.923  -6.022 0.925 3.030e-08    0.00  256.61
2019/03/28 06:00:00    4.934   5.418   986.75  -1.005  -7.572 0.896 2.858e-09    0.00  239.33
2019/03/28 09:00:00    1.307   8.176   985.46  -1.387  -6.151 0.998 1.022e-08   48.31  256.65
2019/03/28 12:00:00    0.661   4.770   984.22  -1.688  -5.127 0.993 3.296e-08  162.51  259.82
2019/03/28 15:00:00   -1.134   3.262   983.50  -1.823  -5.379 0.976 7.516e-09  246.42  254.48
2019/03/28 18:00:00   -0.727  -1.208   984.43  -1.519  -7.198 0.981 9.435e-09  135.46  239.39
2019/03/28 21:00:00   -7.699  -8.463   987.64  -2.626  -5.176 0.990 1.185e-08    0.47  255.53
2019/03/29 00:00:00   -9.238  -9.930   990.26  -3.767  -5.093 0.994 1.727e-08    0.00  261.56
2019/03/29 03:00:00   -8.914 -12.701   993.93  -4.053  -5.644 1.000 9.448e-09    0.00  256.78
2019/03/29 06:00:00   -8.205 -11.059   998.54  -4.273  -6.661 0.999 4.910e-09    0.00  256.51
2019/03/29 09:00:00   -6.789 -11.340  1003.38  -4.557  -7.862 0.817 3.858e-09   74.46  230.95
2019/03/29 12:00:00   -6.403  -8.992  1006.23  -4.382  -9.167 0.251 7.670e-10  341.07  207.59
2019/03/29 15:00:00   -5.501  -6.618  1009.21  -4.314 -11.086 0.621 5.054e-11  426.18  196.75
2019/03/29 18:00:00   -3.159  -5.695  1012.16  -4.030 -12.649 0.896 0.000e+00  233.77  195.88
2019/03/29 21:00:00   -2.891  -4.195  1015.26  -3.846 -13.492 0.719 2.496e-09    1.31  211.29
2019/03/30 00:00:00   -0.938  -2.306  1017.64  -4.165 -11.374 0.556 2.816e-09    0.00  212.28
2019/03/30 03:00:00    2.147  -0.115  1018.71  -4.235 -10.806 0.716 1.855e-09    0.00  206.99
2019/03/30 06:00:00    4.525   0.402  1018.93  -3.919 -10.131 0.532 5.607e-10    0.00  214.07
2019/03/30 09:00:00    5.709   1.016  1018.98  -3.883 -11.060 0.087 4.212e-11  108.76  202.15
2019/03/30 12:00:00    7.127   3.040  1018.47  -3.333 -10.318 0.871 0.000e+00  371.44  197.64
2019/03/30 15:00:00    6.768   5.454  1016.58  -2.267  -9.139 0.581 0.000e+00  356.49  235.32
2019/03/30 18:00:00    5.743   6.753  1014.23  -1.325  -7.334 0.933 8.423e-12  236.16  217.95
2019/03/30 21:00:00    4.256   5.960  1011.89  -0.011  -5.946 0.942 2.996e-10    1.75  240.72
2019/03/31 00:00:00    3.510   5.999  1009.00   1.105  -3.636 0.848 2.527e-10    0.00  240.40
2019/03/31 03:00:00    1.647   6.552  1005.83   1.285  -1.608 0.393 9.283e-10    0.00  254.99
2019/03/31 06:00:00    1.161   2.493  1004.29   1.374  -0.550 0.948 1.036e-08    0.00  287.73
2019/03/31 09:00:00   -3.280  -3.648  1003.50   1.060   0.061 1.000 7.960e-09   47.06  276.39
2019/03/31 12:00:00   -5.624  -7.469  1002.57   0.228  -0.815 1.000 2.748e-08  138.09  299.69
2019/03/31 15:00:00   -8.554  -7.271  1000.20  -0.144  -0.727 1.000 6.542e-08   89.43  304.43
2019/03/31 18:00:00  -10.281  -6.628   998.33  -0.557  -1.162 1.000 1.281e-07   26.35  306.44
2019/03/31 21:00:00   -8.443  -6.116   997.98  -0.335  -1.267 0.999 8.812e-08    0.79  289.74
2019/04/01 00:00:00   -6.638  -6.811   999.14  -1.665  -2.786 0.983 4.903e-08    0.00  283.03
2019/04/01 03:00:00   -9.430 -10.528   999.43  -3.008  -4.248 0.975 2.287e-08    0.00  275.89
2019/04/01 06:00:00   -8.884 -11.915  1000.83  -4.125  -5.482 0.996 1.656e-08    0.00  274.36
2019/04/01 09:00:00   -8.510 -12.516  1002.58  -4.703  -6.593 0.996 1.530e-08   42.65  278.38
2019/04/01 12:00:00   -8.051 -14.227  1004.81  -4.599  -6.637 0.967 2.076e-08  175.08  275.84
2019/04/01 15:00:00   -6.257 -15.489  1006.90  -4.948  -7.682 1.000 4.902e-08  126.80  278.32
2019/04/01 18:00:00   -5.977 -15.613  1010.30  -5.292  -9.201 1.000 6.189e-08   48.19  278.62
2019/04/01 21:00:00   -6.053 -14.936  1014.77  -5.300 -10.785 0.624 4.616e-10    3.29  224.56
2019/04/02 00:00:00   -4.995 -13.771  1019.18  -5.295 -11.404 0.387 0.000e+00    0.00  189.25
2019/04/02 03:00:00   -5.204  -9.878  1021.61  -5.165 -11.437 0.000 0.000e+00    0.00  184.35
2019/04/02 06:00:00   -4.840  -6.705  1024.67  -5.139 -11.642 0.002 0.000e+00    0.00  187.91
2019/04/02 09:00:00   -3.727  -3.110  1026.74  -5.151 -12.306 0.019 0.000e+00  129.44  198.27
2019/04/02 12:00:00   -1.668   1.715  1027.48  -4.574 -12.802 0.834 0.000e+00  337.63  220.84
2019/04/02 15:00:00    3.854   4.800  1027.13  -2.847  -9.522 0.954 2.431e-11  331.43  256.52
2019/04/02 18:00:00    5.646   5.390  1025.24  -1.416  -7.648 0.677 0.000e+00  247.09  214.06
2019/04/02 21:00:00    4.835   7.154  1024.37  -0.741  -6.352 0.548 0.000e+00    5.11  248.72
2019/04/03 00:00:00    3.396   7.879  1021.94  -0.238  -5.822 0.308 0.000e+00    0.00  227.86
2019/04/03 03:00:00    0.968   6.195  1018.75   0.010  -5.611 0.429 0.000e+00    0.00  224.35
2019/04/03 06:00:00   -1.471   6.254  1015.50   0.485  -5.048 0.989 0.000e+00    0.00  253.40
2019/04/03 09:00:00   -3.765   4.882  1012.91   1.668  -3.742 1.000 2.034e-11   62.81  285.26
2019/04/03 12:00:00   -3.481   5.112  1011.06   2.478  -2.018 0.998 4.257e-09  126.67  303.20
2019/04/03 15:00:00   -5.031   6.417  1008.92   2.007  -1.555 1.000 9.304e-08   57.13  312.41
2019/04/03 18:00:00   -4.995   8.122  1007.22   1.728   0.521 1.000 8.572e-08   29.94  314.93
2019/04/03 21:00:00   -2.762  10.179  1006.49   3.406   1.146 1.000 7.329e-08    1.05  316.35
2019/04/04 00:00:00    0.384   8.572  1006.97   3.356   1.498 0.999 4.543e-08    0.00  319.97
2019/04/04 03:00:00    3.714   3.070  1007.54   1.545   1.184 0.999 2.692e-08    0.00  316.46
2019/04/04 06:00:00    2.760   3.397  1009.26   1.279   0.596 0.987 8.050e-09    0.00  304.19
2019/04/04 09:00:00    3.485   4.189  1010.95   2.143   0.795 0.410 4.296e-09  112.25  258.16
2019/04/04 12:00:00    3.876   3.370  1012.85   1.523   0.003 0.406 1.424e-09  301.82  266.22
2019/04/04 15:00:00    3.728   4.005  1013.26   1.621  -0.413 0.376 0.000e+00  445.50  237.08
2019/04/04 18:00:00    3.805   3.754  1014.43   1.647  -0.826 0.028 1.575e-10  247.87  234.16
2019/04/04 21:00:00    3.946   3.822  1015.71   1.604  -1.117 0.084 1.915e-10    8.78  231.97
2019/04/05 00:00:00    2.549   1.697  1017.26   1.209  -0.795 0.183 3.809e-10    0.00  232.76
2019/04/05 03:00:00    0.822  -1.397  1018.86   0.531  -0.963 0.132 1.455e-10    0.00  243.28
2019/04/05 06:00:00   -2.415  -4.529  1020.94   0.306  -0.889 0.227 5.896e-11    0.00  237.79
2019/04/05 09:00:00   -6.115  -5.627  1023.71   0.050  -1.436 0.240 4.423e-10  116.66  235.94
2019/04/05 12:00:00   -7.162  -6.318  1025.71  -0.554  -3.954 0.138 1.685e-11  394.43  230.22
2019/04/05 15:00:00   -7.656  -5.459  1026.90  -0.597  -6.826 0.000 0.000e+00  467.65  220.17
2019/04/05 18:00:00   -7.655  -4.107  1027.70  -0.240  -7.470 0.000 0.000e+00  282.84  207.38
2019/04/05 21:00:00   -7.273  -3.147  1028.76   0.044  -7.001 0.001 0.000e+00   11.90  209.46
2019/04/06 00:00:00   -7.640  -2.326  1029.90  -0.019  -5.747 0.122 0.000e+00    0.00  211.84
2019/04/06 03:00:00   -7.411  -1.685  1029.47   0.189  -4.764 0.005 0.000e+00    0.00  216.35
2019/04/06 06:00:00   -7.440   0.095  1030.00   0.646  -3.646 0.130 0.000e+00    0.00  235.79
2019/04/06 09:00:00   -7.035  -0.881  1031.31   1.121  -2.981 0.242 0.000e+00  129.03  240.78
2019/04/06 12:00:00   -7.434  -1.730  1032.39   1.155  -3.130 0.773 0.000e+00  328.26  258.71
2019/04/06 15:00:00   -8.338  -2.029  1032.76   1.225  -2.747 0.891 4.415e-11  346.63  255.84
2019/04/06 18:00:00   -8.237  -0.941  1032.86   1.173  -2.608 0.932 8.830e-11  186.31  276.70
2019/04/06 21:00:00   -7.298  -0.869  1032.87   1.041  -2.646 0.968 1.915e-10    6.97  293.12
2019/04/07 00:00:00   -5.900  -1.410  1032.15   0.828  -2.590 0.987 5.616e-10    0.00  301.16
2019/04/07 03:00:00   -5.545  -2.647  1031.68   0.857  -2.052 0.998 2.097e-09    0.00  299.95
2019/04/07 06:00:00   -4.512  -2.668  1031.50   0.951  -2.035 0.999 5.946e-10    0.00  307.09
2019/04/07 09:00:00   -3.744  -3.327  1031.37   1.145  -1.853 0.984 3.364e-10   58.15  290.43
2019/04/07 12:00:00   -3.118  -5.314  1031.16   1.116  -1.256 0.935 6.231e-10  222.04  300.71
2019/04/07 15:00:00   -3.794  -5.398  1030.90   1.116  -0.923 0.752 7.988e-11  312.69  269.76
2019/04/07 18:00:00   -4.006  -4.646  1030.62   1.462  -0.504 0.699 7.988e-11  192.56  277.30
2019/04/07 21:00:00   -3.665  -3.815  1030.94   1.462  -0.401 0.731 9.847e-11    9.45  292.53
2019/04/08 00:00:00   -3.659  -5.506  1030.36   1.295  -0.406 0.654 1.183e-10    0.00  284.14
2019/04/08 03:00:00   -4.260  -4.269  1030.04   1.303  -0.098 0.707 2.004e-10    0.00  290.57
2019/04/08 06:00:00   -3.620  -3.395  1030.45   1.331   0.012 0.779 1.925e-10    0.00  271.96
2019/04/08 09:00:00   -3.757  -2.608  1030.64   1.374   0.124 0.772 7.060e-10  118.38  268.84
2019/04/08 12:00:00   -3.126  -3.775  1030.68   1.467  -0.568 0.873 5.497e-10  284.65  284.17
2019/04/08 15:00:00   -2.970  -3.541  1031.14   1.442  -0.655 0.996 5.184e-10  295.30  287.63
2019/04/08 18:00:00   -2.669  -3.412  1031.23   1.108  -0.688 0.921 5.616e-10  160.50  280.60
2019/04/08 21:00:00   -1.966  -3.270  1031.42   0.789  -0.862 0.683 2.706e-10   14.49  263.92
2019/04/09 00:00:00   -1.078  -2.769  1031.09   0.573  -0.480 0.677 5.532e-10    0.00  268.59
2019/04/09 03:00:00   -0.148  -2.075  1030.75  -0.035  -0.850 0.727 6.000e-10    0.00  269.64
2019/04/09 06:00:00    0.306  -2.606  1030.28  -0.898  -1.333 0.941 5.140e-10    0.00  276.46
2019/04/09 09:00:00   -0.133  -1.048  1029.82  -1.016  -1.609 0.922 5.048e-10  110.26  286.36
2019/04/09 12:00:00    1.087  -1.031  1029.02  -1.365  -1.773 0.852 2.128e-10  303.62  286.98
2019/04/09 15:00:00    0.859  -0.046  1028.55  -1.173  -1.837 0.868 2.034e-11  337.39  285.41
2019/04/09 18:00:00    1.411  -0.189  1027.41  -1.262  -1.826 0.789 0.000e+00  220.56  266.97
2019/04/09 21:00:00    1.303   0.837  1027.06  -0.987  -1.714 0.886 0.000e+00   16.19  269.52
2019/04/10 00:00:00    2.776   1.853  1026.31  -1.382  -1.957 0.955 0.000e+00    0.00  273.97
2019/04/10 03:00:00    2.621   2.864  1025.46  -0.169  -1.732 0.349 0.000e+00    0.00  255.59
2019/04/10 06:00:00    2.242   2.447  1025.07   1.047  -1.260 0.007 0.000e+00    0.00  244.72
2019/04/10 09:00:00    0.753   1.738  1024.62   1.981   0.150 0.103 0.000e+00  170.02  236.17
2019/04/10 12:00:00    0.307   2.365  1023.96   2.713   0.512 0.504 0.000e+00  412.81  252.61
2019/04/10 15:00:00    0.310   3.680  1023.62   3.226   0.772 0.401 0.000e+00  446.21  250.50
2019/04/10 18:00:00    0.243   2.945  1023.05   3.154   0.928 0.073 0.000e+00  269.39  255.43
2019/04/10 21:00:00   -0.688   3.819  1022.99   3.207   0.919 0.006 0.000e+00   24.18  244.15
2019/04/11 00:00:00   -1.361   3.827  1022.73   3.233   0.857 0.516 0.000e+00    0.00  244.02
2019/04/11 03:00:00   -1.846   3.498  1022.47   3.028   0.857 0.976 0.000e+00    0.00  251.17
2019/04/11 06:00:00   -3.564   1.908  1021.67   2.966   0.923 0.887 0.000e+00    0.00  243.22
2019/04/11 09:00:00   -4.383   0.720  1021.59   2.946   1.052 0.972 0.000e+00  166.31  247.51
2019/04/11 12:00:00   -5.874  -0.825  1021.00   2.906   1.109 0.937 0.000e+00  410.93  248.11
2019/04/11 15:00:00   -6.417  -0.164  1020.07   2.901   1.001 0.990 0.000e+00  441.64  252.11
2019/04/11 18:00:00   -6.532  -1.830  1018.94   2.695   0.857 0.998 0.000e+00  234.43  256.91
2019/04/11 21:00:00   -7.071  -1.336  1018.47   2.570   1.041 0.878 0.000e+00   21.72  253.03
2019/04/12 00:00:00   -7.040  -1.290  1018.02   2.539   1.415 0.827 0.000e+00    0.00  253.28
2019/04/12 03:00:00   -7.331  -1.326  1016.73   2.796   1.549 0.891 1.414e-11    0.00  277.03
2019/04/12 06:00:00   -7.520  -2.254  1015.39   3.118   1.792 1.000 1.017e-11    0.00  263.79
2019/04/12 09:00:00   -8.367  -2.087  1014.66   3.420   2.075 1.000 0.000e+00   97.58  285.62
2019/04/12 12:00:00   -7.038  -2.527  1014.39   3.736   2.432 0.994 4.089e-09  202.25  306.02
2019/04/12 15:00:00   -7.399  -2.428  1013.62   4.084   2.512 1.000 1.347e-08  200.27  319.61
2019/04/12 18:00:00   -7.150  -1.901  1012.82   4.445   2.475 0.951 1.017e-11  189.46  300.60
2019/04/12 21:00:00   -7.049  -2.663  1012.83   5.055   2.678 0.999 5.829e-11   23.95  272.75
2019/04/13 00:00:00   -7.678   0.032  1012.47   4.902   2.729 0.654 8.657e-11    0.00  275.32
2019/04/13 03:00:00   -7.905  -0.039  1011.87   4.238   2.677 0.089 2.285e-10    0.00  272.98
2019/04/13 06:00:00   -6.962   2.344  1011.43   4.923   2.826 0.845 1.062e-09    0.00  285.27
2019/04/13 09:00:00   -3.897   6.227  1012.92   6.143   2.460 0.418 9.805e-10   72.20  317.12
2019/04/13 12:00:00   -2.366   3.532  1013.97   4.806   2.762 0.986 0.000e+00  430.89  259.04
2019/04/13 15:00:00   -3.633  -0.388  1013.70   4.406   2.889 0.944 2.084e-10  397.64  277.39
2019/04/13 18:00:00   -6.176  -2.662  1011.49   4.157   2.764 0.964 7.369e-11  169.14  311.12
2019/04/13 21:00:00   -6.917  -3.819  1009.90   4.131   2.475 0.370 0.000e+00   29.02  276.78
2019/04/14 00:00:00   -6.906  -2.432  1008.32   4.168   2.853 0.020 4.018e-11    0.00  261.64
2019/04/14 03:00:00   -5.663   4.229  1007.25   5.424   2.634 0.709 0.000e+00    0.00  256.91
2019/04/14 06:00:00   -5.385   5.260  1008.15   5.553   2.158 1.000 1.310e-08    0.00  309.88
2019/04/14 09:00:00   -6.746   3.756  1009.49   5.517   1.920 0.452 4.187e-09   80.60  297.67
2019/04/14 12:00:00   -6.071   4.807  1011.15   5.357   2.124 0.995 0.000e+00  408.55  260.99
2019/04/14 15:00:00   -3.695   5.916  1011.79   5.345   2.340 1.000 0.000e+00  452.57  262.19
2019/04/14 18:00:00   -3.697   3.808  1012.38   5.029   2.480 0.189 0.000e+00  317.37  252.96
2019/04/14 21:00:00   -4.774   1.521  1013.10   4.662   2.591 0.142 0.000e+00   37.47  260.78
2019/04/15 00:00:00   -5.507   0.705  1012.92   4.444   2.698 0.995 0.000e+00    0.00  260.64
2019/04/15 03:00:00   -4.775   2.828  1012.33   4.698   2.600 1.000 2.034e-11    0.00  284.54
2019/04/15 06:00:00   -4.172   4.330  1011.87   4.673   2.407 0.992 0.000e+00    0.03  278.44
2019/04/15 09:00:00   -3.359   4.166  1012.62   4.329   2.325 0.954 9.936e-10  105.54  301.18
2019/04/15 12:00:00   -2.878   3.688  1013.30   4.364   2.511 0.215 0.000e+00  392.77  269.51
2019/04/15 15:00:00   -1.037   3.382  1013.87   3.990   2.465 0.244 0.000e+00  488.04  260.45
2019/04/15 18:00:00    0.039   4.127  1014.90   3.982   2.565 0.998 0.000e+00  238.71  275.67
2019/04/15 21:00:00   -0.903   1.978  1016.12   3.901   2.594 0.915 1.828e-10   30.95  284.13
2019/04/16 00:00:00   -2.729   0.092  1017.13   3.599   2.817 0.697 0.000e+00    0.00  275.35
2019/04/16 03:00:00   -3.106  -2.029  1016.79   3.277   2.660 1.000 0.000e+00    0.00  281.66
2019/04/16 06:00:00   -4.694  -5.163  1014.64   2.932   2.177 1.000 2.159e-11    0.16  289.87
2019/04/16 09:00:00   -7.393  -4.738  1012.39   3.268   2.222 1.000 4.223e-09   79.50  304.49
2019/04/16 12:00:00   -9.724  -0.532  1010.98   4.433   2.241 1.000 1.716e-08  110.25  311.18
2019/04/16 15:00:00  -10.303  -4.191  1006.96   4.267   2.831 0.999 5.841e-09  250.14  303.31
2019/04/16 18:00:00   -9.804  -3.120  1003.37   4.665   2.996 0.935 5.482e-11  158.61  297.10
2019/04/16 21:00:00   -9.887   3.239  1000.99   6.072   2.989 0.480 0.000e+00   34.76  282.65
2019/04/17 00:00:00   -8.028   8.223  1001.04   6.611   2.964 0.983 1.494e-08    0.00  320.25
2019/04/17 03:00:00   -6.773   9.939  1001.78   5.914   2.952 0.961 2.783e-09    0.00  300.15
2019/04/17 06:00:00   -3.845  10.785  1003.80   5.319   2.569 0.979 3.997e-08    0.11  324.83
2019/04/17 09:00:00   -3.003  11.452  1007.08   5.387   2.571 0.607 8.196e-10  145.81  289.80
2019/04/17 12:00:00   -2.056   9.629  1009.15   4.995   2.115 0.352 0.000e+00  446.55  264.33
2019/04/17 15:00:00   -3.308   6.175  1010.35   4.697   2.029 0.981 0.000e+00  338.65  275.78
2019/04/17 18:00:00   -4.165   4.329  1009.19   4.261   2.747 1.000 7.179e-08  114.34  302.98
2019/04/17 21:00:00   -3.957   1.689  1007.62   4.195   2.898 0.997 2.114e-08   15.28  324.77
2019/04/18 00:00:00   -4.989  -0.716  1005.78   4.329   3.032 1.000 8.847e-09    0.00  322.98
2019/04/18 03:00:00   -4.394  -1.899  1003.59   3.949   2.884 0.993 1.485e-08    0.00  312.75
2019/04/18 06:00:00   -3.513  -4.618  1001.91   3.170   2.435 1.000 6.381e-09    0.51  323.01
2019/04/18 09:00:00   -3.656  -3.773  1002.84   2.923   2.293 0.964 1.529e-09  123.63  301.88
2019/04/18 12:00:00   -4.890  -3.054  1002.87   2.712   2.267 0.865 8.830e-11  300.36  299.33
2019/04/18 15:00:00   -3.438   0.549  1003.59   3.564   2.953 1.000 7.034e-09  101.84  326.33
2019/04/18 18:00:00    1.156   6.901  1004.00   4.266   3.090 0.997 7.708e-09   88.31  326.33
2019/04/18 21:00:00   -0.232   4.838  1004.33   3.955   2.294 1.000 7.711e-09   17.55  300.83
2019/04/19 00:00:00   -6.918   3.577  1003.68   4.347   2.785 1.000 9.198e-08    0.00  324.48
2019/04/19 03:00:00    0.800   9.759  1003.17   5.186   3.935 1.000 7.007e-09    0.00  335.10
2019/04/19 06:00:00    1.474   7.702  1004.73   4.546   3.192 0.960 4.562e-10    0.71  323.39
2019/04/19 09:00:00   -4.523   3.689  1005.14   4.511   3.134 1.000 1.258e-08   58.38  326.95
2019/04/19 12:00:00   -7.042   2.133  1003.30   4.753   3.475 1.000 1.348e-07   55.88  328.83
2019/04/19 15:00:00   -9.915   0.830   999.30   5.185   3.238 1.000 8.370e-08   84.03  324.75
2019/04/19 18:00:00   -4.889   6.952   996.02   5.271   3.770 0.742 7.605e-08  102.44  334.14
2019/04/19 21:00:00   -0.950   8.193   996.37   4.994   3.259 0.474 1.892e-08   34.42  291.46
2019/04/20 00:00:00   -2.959   7.155   996.78   4.711   2.525 0.966 1.787e-08    0.00  283.98
2019/04/20 03:00:00   -3.547   7.238   996.05   4.432   2.447 0.998 2.853e-08    0.00  317.05
2019/04/20 06:00:00   -2.903   7.529   995.59   4.228   2.249 1.000 4.258e-08    1.09  319.79
2019/04/20 09:00:00   -1.676   7.344   996.45   3.674   2.545 1.000 7.329e-08   68.71  326.55
2019/04/20 12:00:00    2.141   5.263   998.41   2.955   1.874 1.000 9.178e-08  112.97  323.11
2019/04/20 15:00:00   -1.389   1.566   999.64   2.436   0.887 0.908 5.437e-08  165.48  313.90
2019/04/20 18:00:00   -9.077  -5.809  1000.68   0.375  -0.825 1.000 4.766e-08   55.20  313.62
2019/04/20 21:00:00  -10.556  -6.534  1002.35  -0.881  -2.328 0.994 2.343e-08   15.35  311.36
2019/04/21 00:00:00  -11.528  -5.271  1004.11  -0.933  -2.529 1.000 2.027e-08    0.00  307.66
2019/04/21 03:00:00  -11.785  -3.696  1005.25  -1.049  -2.795 1.000 5.551e-08    0.00  306.86
2019/04/21 06:00:00  -11.055  -3.041  1005.87  -0.782  -2.602 1.000 4.315e-08    0.78  304.29
2019/04/21 09:00:00   -9.013  -3.179  1006.81  -0.503  -2.414 1.000 1.856e-08   82.00  301.65
2019/04/21 12:00:00  -10.272  -4.595  1008.30   0.530  -1.012 1.000 1.195e-08  158.98  300.96
2019/04/21 15:00:00   -9.677  -4.663  1008.13   0.264  -1.487 1.000 6.456e-09  181.98  303.64
2019/04/21 18:00:00   -9.074  -4.837  1008.46   0.006  -1.975 1.000 5.499e-09  101.68  304.95
2019/04/21 21:00:00   -8.092  -5.618  1008.76  -0.152  -2.289 1.000 4.675e-09   16.54  303.94
2019/04/22 00:00:00   -7.484  -6.868  1009.50  -0.565  -3.238 1.000 3.799e-09    0.00  299.16
2019/04/22 03:00:00   -7.371  -6.336  1009.34  -0.859  -3.972 1.000 8.430e-09    0.00  293.91
2019/04/22 06:00:00   -6.459  -6.965  1009.40  -0.888  -4.583 1.000 7.861e-09    1.99  293.87
2019/04/22 09:00:00   -6.066  -6.792  1009.91  -0.892  -5.140 1.000 1.591e-09  118.62  284.64
2019/04/22 12:00:00   -6.080  -5.934  1010.48  -1.416  -5.537 0.999 2.001e-09  212.39  292.64
2019/04/22 15:00:00   -5.432  -4.782  1010.70  -1.405  -5.927 1.000 1.019e-09  222.30  290.06
2019/04/22 18:00:00   -4.912  -4.548  1010.51  -1.334  -5.917 0.997 7.233e-10  174.73  282.79
2019/04/22 21:00:00   -5.174  -4.471  1010.39  -1.304  -5.911 0.983 3.859e-10   32.35  274.55
2019/04/23 00:00:00   -5.129  -4.425  1010.66  -1.202  -5.630 0.989 8.254e-10    0.00  287.07
2019/04/23 03:00:00   -6.431  -4.995  1010.11  -1.156  -5.069 0.996 3.869e-10    0.00  279.14
2019/04/23 06:00:00   -7.052  -5.029  1009.45  -0.703  -4.724 0.992 1.148e-09    3.75  285.22
2019/04/23 09:00:00   -7.536  -6.227  1009.23  -0.320  -4.818 0.978 1.595e-09   85.56  290.72
2019/04/23 12:00:00   -8.852  -8.572  1008.23   0.133  -3.263 0.983 2.135e-09  179.53  298.92
2019/04/23 15:00:00  -11.051  -7.855  1006.60   0.427  -3.189 0.999 1.113e-09  202.33  302.07
2019/04/23 18:00:00  -11.712 -10.326  1003.52   0.355  -2.186 1.000 1.222e-08  120.25  298.82
2019/04/23 21:00:00  -12.592 -11.850  1000.33   0.224  -1.376 1.000 5.766e-08    9.69  307.76
2019/04/24 00:00:00  -13.499 -10.606   998.22   0.907  -0.284 1.000 8.748e-08    0.00  311.92
2019/04/24 03:00:00  -11.882  -8.635   997.54   1.754   0.922 1.000 2.574e-08    0.00  315.27
2019/04/24 06:00:00   -8.192  -7.896   998.47   2.028   1.314 0.983 6.414e-09    4.16  305.22
2019/04/24 09:00:00   -8.415  -9.417  1001.50   1.251   0.570 1.000 7.700e-10  102.89  306.15
2019/04/24 12:00:00   -8.710 -10.037  1003.06   0.374  -0.633 1.000 1.732e-08  145.59  310.74
2019/04/24 15:00:00   -9.270  -9.646  1004.12   0.162  -0.984 1.000 2.523e-08  138.24  314.03
2019/04/24 18:00:00   -8.381 -10.091  1003.72   0.302  -0.817 1.000 2.154e-09   81.51  311.79
2019/04/24 21:00:00   -9.617  -9.650  1004.72   0.690  -0.343 1.000 5.736e-09   15.12  316.44
2019/04/25 00:00:00   -8.771  -9.590  1005.26   0.955   0.033 1.000 3.694e-08    0.00  317.86
2019/04/25 03:00:00   -9.725 -10.538  1004.86   0.853  -0.073 0.999 1.907e-08    0.00  319.23
2019/04/25 06:00:00   -9.264 -10.000  1003.64   1.368   0.483 0.990 2.103e-10    4.25  312.21
2019/04/25 09:00:00   -8.425  -7.088  1004.81   2.632   1.645 0.733 6.454e-10  181.22  288.37
2019/04/25 12:00:00   -9.073  -8.128  1006.51   3.578   2.138 0.311 4.348e-10  471.69  262.91
2019/04/25 15:00:00  -11.095  -8.875  1007.20   3.080   1.274 0.260 7.950e-10  518.62  281.24
2019/04/25 18:00:00  -10.859  -9.606  1007.56   1.751   0.507 0.384 4.318e-11  315.79  267.87
2019/04/25 21:00:00  -10.777 -10.992  1007.99   1.451   0.457 0.998 0.000e+00   48.74  294.44
2019/04/26 00:00:00  -10.866 -11.995  1007.39   1.800   0.676 0.975 5.531e-10    0.00  319.35
2019/04/26 03:00:00  -10.968 -12.761  1006.42   1.625   0.466 0.672 2.163e-10    0.00  313.93
2019/04/26 06:00:00  -11.083 -12.635  1005.63   1.589   0.459 0.995 3.819e-10    5.03  316.76
2019/04/26 09:00:00  -11.119 -13.408  1005.79   1.591   0.460 1.000 5.015e-08   40.78  321.16
2019/04/26 12:00:00  -11.469 -11.755  1007.58   1.863   0.903 1.000 3.275e-08   56.03  322.16
2019/04/26 15:00:00  -10.586 -10.583  1008.94   2.008   1.257 1.000 4.190e-09  111.64  324.03
2019/04/26 18:00:00  -10.157 -10.003  1010.36   1.970   1.283 1.000 1.849e-09   78.84  326.06
2019/04/26 21:00:00   -9.826 -10.534  1011.39   1.833   1.127 1.000 7.738e-10   16.05  323.55
2019/04/27 00:00:00  -11.016  -9.695  1011.43   2.204   1.334 1.000 1.889e-08    0.00  323.84
2019/04/27 03:00:00  -10.698  -9.336  1011.46   2.253   1.303 1.000 9.867e-08    0.00  325.21
2019/04/27 06:00:00  -10.396  -9.711  1012.21   1.740   0.873 1.000 1.394e-07    1.47  322.89
2019/04/27 09:00:00  -10.549  -9.650  1013.56   1.628   0.751 1.000 7.680e-08   33.27  324.04
2019/04/27 12:00:00  -11.150  -9.697  1014.81   2.391   1.550 1.000 1.107e-08   79.12  323.71
2019/04/27 15:00:00  -10.661  -7.277  1016.24   2.586   1.838 1.000 6.763e-09  196.60  323.98
2019/04/27 18:00:00   -9.772  -6.942  1017.33   2.521   1.870 1.000 2.918e-09  152.58  314.16
2019/04/27 21:00:00   -9.501  -7.643  1018.66   2.333   1.645 1.000 3.081e-09   36.74  316.23
2019/04/28 00:00:00   -9.548  -7.542  1019.15   2.073   1.404 1.000 1.751e-09    0.00  322.29
2019/04/28 03:00:00   -9.123  -7.399  1018.76   1.742   0.934 1.000 1.381e-08    0.00  319.25
2019/04/28 06:00:00   -9.089  -7.386  1018.12   1.630   0.561 1.000 6.969e-08    3.51  319.50
2019/04/28 09:00:00   -8.865  -7.769  1017.69   1.757   0.725 1.000 6.612e-08   51.72  316.19
2019/04/28 12:00:00   -8.912  -7.164  1017.54   1.849   1.035 1.000 4.055e-08  105.10  318.40
2019/04/28 15:00:00   -8.461  -7.042  1017.03   2.160   1.570 1.000 2.272e-08  129.22  321.79
2019/04/28 18:00:00   -8.834  -7.391  1017.25   2.376   1.737 1.000 4.670e-09   72.07  320.56
2019/04/28 21:00:00   -9.533  -7.710  1018.03   2.393   1.774 1.000 1.446e-09   32.17  321.73
2019/04/29 00:00:00  -10.287  -8.633  1018.66   2.435   1.909 1.000 2.089e-09    0.00  322.46
2019/04/29 03:00:00  -10.761  -8.090  1019.09   2.648   2.119 1.000 2.315e-09    0.00  322.04
2019/04/29 06:00:00  -11.025  -8.190  1020.27   2.714   2.101 1.000 5.476e-10    7.82  320.45
2019/04/29 09:00:00  -10.781  -7.825  1022.33   2.882   2.261 1.000 1.967e-08   43.21  329.92
2019/04/29 12:00:00  -10.543  -7.286  1023.81   3.940   3.252 1.000 1.016e-08   94.87  329.24
2019/04/29 15:00:00   -9.596  -6.619  1024.68   3.970   3.258 1.000 2.080e-09  164.43  330.53
2019/04/29 18:00:00   -9.074  -6.251  1024.82   3.945   3.211 1.000 3.411e-10  121.03  329.18
2019/04/29 21:00:00   -8.808  -5.841  1025.39   4.087   3.407 1.000 9.486e-10   30.32  327.42
2019/04/30 00:00:00   -8.434  -4.836  1026.14   4.236   3.687 1.000 1.409e-10    0.00  325.22
2019/04/30 03:00:00   -8.031  -5.054  1026.10   3.995   3.490 1.000 8.830e-11    0.00  328.80
2019/04/30 06:00:00   -7.959  -4.084  1026.02   3.967   3.464 1.000 6.474e-10    9.56  329.03
2019/04/30 09:00:00   -7.081  -3.401  1026.60   3.972   3.442 1.000 3.907e-10  116.05  327.04
2019/04/30 12:00:00   -6.393  -3.116  1026.75   3.545   3.053 0.954 5.164e-10  248.61  330.87
2019/04/30 15:00:00   -4.281  -1.695  1026.71   3.546   3.041 0.865 1.671e-09  255.92  325.00
2019/04/30 18:00:00   -3.111  -1.929  1026.21   3.460   2.941 0.884 7.396e-10  148.55  325.32
2019/04/30 21:00:00   -2.268  -1.276  1025.89   3.412   2.976 0.856 3.770e-10   69.94  303.19
2019/05/01 00:00:00   -1.125  -0.339  1025.73   3.183   2.769 0.763 7.739e-10    0.00  308.74
2019/05/01 03:00:00    0.057  -0.496  1025.23   3.247   2.933 0.808 1.830e-09    0.00  330.00
2019/05/01 06:00:00   -0.077  -1.850  1025.14   3.045   2.750 1.000 2.645e-09   12.33  325.81
2019/05/01 09:00:00   -2.956  -3.822  1026.82   3.173   2.708 1.000 2.276e-09  115.18  323.25
2019/05/01 12:00:00   -6.260  -5.960  1028.29   1.647   0.879 0.999 1.836e-09  232.97  321.24
2019/05/01 15:00:00   -8.007  -5.099  1029.16   0.696  -0.814 1.000 1.013e-09  331.38  302.03
2019/05/01 18:00:00   -9.297  -4.968  1029.64   1.135  -0.722 1.000 1.047e-09  172.49  311.16
2019/05/01 21:00:00   -9.961  -4.409  1030.80   1.254  -0.764 1.000 7.029e-10   36.19  310.15
2019/05/02 00:00:00   -9.249  -5.186  1031.76   1.558  -0.701 1.000 1.292e-09    0.00  310.95
2019/05/02 03:00:00  -10.077  -4.545  1032.41   1.427  -1.222 1.000 1.192e-09    0.00  310.15
2019/05/02 06:00:00  -10.018  -3.555  1033.15   1.210  -2.023 1.000 5.973e-10    9.15  307.76
2019/05/02 09:00:00   -9.817  -3.964  1034.51   0.838  -2.998 1.000 0.000e+00  143.79  301.70
2019/05/02 12:00:00   -9.418  -6.089  1036.55   0.637  -3.475 0.999 0.000e+00  306.65  290.68
2019/05/02 15:00:00   -9.398  -6.470  1038.15  -0.281  -4.476 0.916 0.000e+00  378.69  281.54
2019/05/02 18:00:00   -9.412  -6.611  1038.87  -0.844  -5.408 0.820 0.000e+00  339.90  260.55
2019/05/02 21:00:00   -8.694  -5.952  1039.15  -1.065  -5.171 0.944 0.000e+00   75.72  270.19
2019/05/03 00:00:00   -7.625  -4.956  1039.21  -0.984  -5.745 0.948 1.399e-10    0.00  258.64
2019/05/03 03:00:00   -6.587  -3.358  1039.08  -1.291  -6.268 0.948 1.414e-11    0.00  264.03
2019/05/03 06:00:00   -4.296  -1.447  1037.97  -1.328  -6.425 0.919 0.000e+00   25.00  259.35
2019/05/03 09:00:00   -1.934   0.088  1036.80  -1.075  -6.533 0.873 0.000e+00  214.77  270.95
2019/05/03 12:00:00    0.413   1.616  1034.86   0.236  -5.526 0.528 0.000e+00  487.94  255.32
2019/05/03 15:00:00    2.690   4.247  1033.20   1.020  -4.531 0.342 0.000e+00  627.55  219.95
2019/05/03 18:00:00    5.254   3.704  1031.14   1.239  -3.311 0.193 0.000e+00  425.18  222.12
2019/05/03 21:00:00    6.589   3.301  1029.61   1.367  -2.358 0.003 0.000e+00  125.09  222.39
2019/05/04 00:00:00    8.288   3.647  1028.56   1.460  -1.731 0.063 0.000e+00    0.00  228.73
2019/05/04 03:00:00    8.389   3.387  1027.57   2.060  -0.748 0.359 0.000e+00    0.00  259.95
2019/05/04 06:00:00    8.402   2.617  1026.46   2.706   0.370 0.700 1.116e-10   26.24  287.25
2019/05/04 09:00:00    8.195   1.751  1026.24   2.975   1.338 0.947 5.651e-10  167.46  301.58
2019/05/04 12:00:00    7.968   1.945  1026.45   3.286   1.986 0.991 8.677e-10  339.11  310.36
2019/05/04 15:00:00    7.228   2.104  1027.07   3.511   2.332 0.999 1.168e-09  313.86  315.67
2019/05/04 18:00:00    5.041   0.139  1028.06   3.281   2.312 0.996 2.734e-09  183.68  314.70
2019/05/04 21:00:00    2.456  -1.884  1028.85   2.832   2.037 0.997 4.657e-09   39.89  317.33
2019/05/05 00:00:00   -3.152  -3.043  1030.12   1.782   0.940 0.911 4.047e-09    0.00  310.99
2019/05/05 03:00:00   -6.005  -1.869  1030.87   2.137   0.328 0.844 7.892e-10    0.00  287.68
2019/05/05 06:00:00   -6.649   0.303  1031.18   1.737  -0.628 0.486 1.192e-09   21.93  298.74
2019/05/05 09:00:00   -6.195   1.660  1031.37   1.621  -0.848 0.858 5.910e-10  204.62  287.18
2019/05/05 12:00:00   -5.385   3.038  1031.52   2.574  -0.353 0.961 8.636e-11  373.08  288.10
2019/05/05 15:00:00   -4.283   4.264  1030.88   3.087   0.188 0.927 3.533e-10  384.58  286.48
2019/05/05 18:00:00   -3.219   5.268  1030.08   3.517   0.887 0.995 2.330e-09  198.19  297.42
2019/05/05 21:00:00   -1.990   5.369  1029.48   3.700   1.534 0.998 3.556e-09   58.03  315.59
2019/05/06 00:00:00   -0.270   4.979  1029.24   3.471   1.845 0.990 6.313e-09    0.00  316.56
2019/05/06 03:00:00    2.396   2.148  1028.97   2.637   1.919 0.886 5.953e-09    0.00  308.30
2019/05/06 06:00:00    3.302  -1.243  1028.36   1.134   0.131 0.706 1.513e-09   24.71  299.42
2019/05/06 09:00:00    3.533  -2.096  1028.82   0.430  -0.979 0.775 5.362e-10  218.93  279.24
2019/05/06 12:00:00    1.446  -2.331  1028.98   0.253  -1.307 0.822 2.121e-10  360.46  293.14
2019/05/06 15:00:00    1.521  -2.090  1028.87   0.513  -1.139 0.472 1.820e-10  427.04  293.47
2019/05/06 18:00:00    0.294  -1.581  1028.60   1.117  -0.817 0.546 1.859e-11  242.98  301.33
2019/05/06 21:00:00   -0.702  -0.138  1028.22   1.870  -0.106 0.749 1.744e-10   79.11  286.64
2019/05/07 00:00:00    1.399  -0.969  1028.07   2.202   0.380 0.752 1.841e-10    0.00  287.75
2019/05/07 03:00:00   -1.095   1.073  1026.21   2.433   0.433 0.924 1.315e-10    0.00  277.87
2019/05/07 06:00:00   -1.071   1.260  1025.71   2.647  -0.095 0.933 1.518e-10   28.18  277.49
2019/05/07 09:00:00   -3.536   1.223  1026.21   2.552  -1.670 0.946 9.362e-09  166.40  286.37
2019/05/07 12:00:00   -3.636  -0.745  1026.57   2.425  -1.174 0.712 1.160e-09  406.38  288.18
2019/05/07 15:00:00   -5.806  -6.339  1027.10   0.943  -0.842 0.885 7.773e-10  360.81  300.91
2019/05/07 18:00:00   -5.593  -6.437  1027.10   0.420  -2.620 0.786 5.079e-10  282.29  279.49
2019/05/07 21:00:00   -7.310  -5.934  1027.34   1.256  -2.144 0.672 6.603e-10  106.66  264.15
2019/05/08 00:00:00   -7.393  -6.848  1027.72   0.802  -3.067 0.858 3.229e-10    0.00  268.56
2019/05/08 03:00:00   -7.475  -4.962  1027.46   0.071  -4.081 0.986 3.983e-10    0.00  282.12
2019/05/08 06:00:00   -5.835  -5.593  1027.02  -0.229  -4.172 0.999 1.077e-09   22.16  281.47
2019/05/08 09:00:00   -5.325  -6.831  1027.38  -0.530  -4.763 0.985 1.699e-09  127.62  287.77
2019/05/08 12:00:00   -5.765  -7.672  1027.50  -0.712  -4.652 0.994 1.002e-09  355.70  283.17
2019/05/08 15:00:00   -5.809  -7.447  1027.08  -0.871  -4.674 0.999 1.463e-09  351.26  281.26
2019/05/08 18:00:00   -6.153  -6.522  1026.49  -0.733  -4.588 0.999 1.447e-09  183.08  292.38
2019/05/08 21:00:00   -6.183  -6.739  1026.72  -0.886  -4.764 0.985 4.698e-10   70.27  284.52
2019/05/09 00:00:00   -6.382  -8.525  1026.65  -0.936  -4.648 0.994 9.286e-10    0.00  293.84
2019/05/09 03:00:00   -6.856  -8.326  1026.37  -1.345  -5.203 0.999 3.034e-09    0.00  293.14
2019/05/09 06:00:00   -6.300  -7.836  1025.78  -1.267  -5.434 1.000 3.202e-09   21.27  288.39
2019/05/09 09:00:00   -6.237  -7.993  1026.55  -1.305  -5.402 0.998 1.166e-09  156.43  290.13
2019/05/09 12:00:00   -6.086  -7.910  1026.85  -1.147  -5.133 1.000 1.868e-09  250.62  292.06
2019/05/09 15:00:00   -6.453  -7.660  1026.83  -1.092  -5.064 0.965 8.567e-10  340.73  287.55
2019/05/09 18:00:00   -4.945  -7.144  1026.27  -1.082  -5.265 0.938 3.929e-10  306.43  269.17
2019/05/09 21:00:00   -4.210  -7.355  1026.76  -1.211  -5.346 0.978 8.830e-11  107.79  253.52
2019/05/10 00:00:00   -4.371  -8.569  1027.30  -0.903  -4.311 0.980 2.425e-10    0.00  261.35
2019/05/10 03:00:00   -4.856  -8.308  1027.08  -1.290  -4.274 0.929 1.916e-10    0.00  237.79
2019/05/10 06:00:00   -4.268  -7.540  1026.67  -1.482  -4.527 0.784 1.079e-10   55.23  232.46
2019/05/10 09:00:00   -2.421  -6.431  1027.08  -1.601  -4.620 0.405 3.369e-11  335.78  226.12
2019/05/10 12:00:00   -2.239  -6.539  1027.34  -1.114  -4.567 0.937 0.000e+00  591.29  224.56
2019/05/10 15:00:00   -1.485  -5.633  1027.25  -1.316  -4.579 0.958 2.386e-10  613.20  229.15
2019/05/10 18:00:00   -3.041  -4.813  1027.32  -1.420  -4.183 1.000 4.440e-09  313.74  267.20
2019/05/10 21:00:00   -1.336  -4.484  1027.26  -1.520  -5.049 0.988 9.601e-10  104.02  263.23
2019/05/11 00:00:00   -1.336  -4.965  1027.83  -1.080  -4.776 0.999 4.193e-11    0.00  239.90
2019/05/11 03:00:00   -1.072  -3.206  1027.80  -1.869  -5.377 0.978 1.658e-09    0.00  265.13
2019/05/11 06:00:00   -0.276  -0.237  1027.95  -2.212  -5.044 0.998 7.990e-09   27.58  281.04
2019/05/11 09:00:00    1.184   1.446  1028.15  -2.359  -5.317 0.989 5.442e-09  171.90  280.56
2019/05/11 12:00:00    3.951   2.831  1027.83   0.328  -4.309 0.960 5.981e-09  385.70  277.34
2019/05/11 15:00:00    4.807   0.455  1027.38   0.856  -2.549 0.813 3.218e-09  479.16  261.36
2019/05/11 18:00:00    5.016  -1.269  1026.70   0.638  -1.291 0.331 3.600e-10  429.44  246.50
2019/05/11 21:00:00    4.206  -2.034  1026.94   0.263  -1.513 0.804 1.285e-10  130.23  249.09
2019/05/12 00:00:00    3.334  -1.720  1026.89  -0.272  -2.945 0.701 0.000e+00    0.01  245.44
2019/05/12 03:00:00    1.839  -1.768  1027.77  -0.595  -3.424 0.640 0.000e+00    0.00  245.40
2019/05/12 06:00:00    2.585  -0.282  1028.21  -0.604  -3.559 0.206 0.000e+00   68.00  221.06
2019/05/12 09:00:00    2.558  -0.662  1028.54  -0.354  -3.281 0.000 0.000e+00  354.73  220.72
2019/05/12 12:00:00    2.339   0.371  1029.26   0.001  -3.145 0.000 0.000e+00  613.75  222.41
2019/05/12 15:00:00    0.049  -0.955  1029.12   0.378  -2.899 0.212 0.000e+00  658.57  224.86
2019/05/12 18:00:00   -2.838   0.385  1029.28   1.385  -2.352 1.000 0.000e+00  441.69  232.70
2019/05/12 21:00:00   -4.704  -0.600  1028.49   2.327  -1.464 0.993 0.000e+00  110.89  257.25
2019/05/13 00:00:00   -5.616  -3.313  1028.60   2.406  -1.225 0.991 0.000e+00    0.09  239.18
2019/05/13 03:00:00   -7.542  -3.469  1026.85   2.313  -1.423 0.980 0.000e+00    0.00  241.56
2019/05/13 06:00:00   -9.348  -3.874  1025.21   2.129  -0.147 1.000 0.000e+00   46.68  264.54
2019/05/13 09:00:00  -10.718  -5.197  1023.66   1.634  -0.217 1.000 8.367e-10  210.20  284.00
2019/05/13 12:00:00  -11.344  -7.377  1021.61   2.063   0.076 1.000 1.085e-08  186.50  313.44
2019/05/13 15:00:00  -11.550  -7.032  1020.27   1.749   0.613 1.000 6.373e-08  123.02  314.08
2019/05/13 18:00:00  -11.206  -7.929  1019.27   1.643   0.824 1.000 9.043e-08   48.04  317.25
2019/05/13 21:00:00  -10.751  -7.145  1019.67   1.952   0.881 1.000 3.325e-08   30.78  318.00
2019/05/14 00:00:00   -9.102  -6.296  1020.80   2.418   1.268 0.999 1.393e-08    0.08  319.60
2019/05/14 03:00:00   -7.839  -4.747  1021.41   2.647   1.705 1.000 1.629e-08    0.00  323.40
2019/05/14 06:00:00   -6.818  -3.557  1022.32   3.128   2.204 1.000 3.543e-09   12.77  325.27
2019/05/14 09:00:00   -5.352  -2.241  1023.29   3.603   2.876 1.000 3.443e-10   72.00  325.02
2019/05/14 12:00:00   -5.176  -2.438  1023.01   3.009   2.382 1.000 0.000e+00  219.04  323.67
2019/05/14 15:00:00   -4.818  -1.113  1022.39   3.382   2.784 1.000 0.000e+00  342.02  319.74
2019/05/14 18:00:00   -4.242  -1.608  1021.09   3.281   2.818 1.000 6.003e-11  270.67  316.54
2019/05/14 21:00:00   -4.789  -2.067  1020.70   3.073   2.686 0.999 3.021e-10   83.01  306.86
2019/05/15 00:00:00   -5.668  -2.692  1019.19   3.131   2.877 1.000 3.589e-10    0.36  318.94
2019/05/15 03:00:00   -6.467  -1.951  1017.43   3.065   2.941 0.992 1.727e-09    0.00  328.71
2019/05/15 06:00:00   -6.682  -1.686  1016.82   3.295   3.167 0.997 1.251e-09   20.05  327.91
2019/05/15 09:00:00   -4.827  -0.438  1016.84   3.391   3.201 1.000 3.013e-09  134.87  323.47
2019/05/15 12:00:00   -3.362  -3.142  1017.02   2.731   2.533 1.000 7.465e-09  187.15  327.36
2019/05/15 15:00:00   -3.703  -3.157  1017.47   2.637   2.349 1.000 6.788e-09  152.79  327.53
2019/05/15 18:00:00   -3.902  -2.875  1017.58   2.398   2.101 0.983 1.587e-09  176.15  325.30
2019/05/15 21:00:00   -3.963  -3.979  1017.96   2.232   1.920 0.924 9.227e-11   94.95  312.58
2019/05/16 00:00:00   -4.483  -3.495  1018.72   1.540   1.129 0.975 3.319e-10    0.45  318.57
2019/05/16 03:00:00   -5.051  -3.975  1018.08   1.571   1.214 1.000 8.226e-09    0.00  321.89
2019/05/16 06:00:00   -6.137  -3.249  1018.11   1.611   1.153 1.000 6.827e-08   14.95  321.60
2019/05/16 09:00:00   -6.060  -4.335  1017.90   1.821   1.255 1.000 6.066e-08   85.09  321.79
2019/05/16 12:00:00   -5.723  -4.500  1018.38   1.993   1.371 1.000 2.954e-08   84.84  322.73
2019/05/16 15:00:00   -6.032  -2.244  1018.72   2.323   1.735 0.997 7.999e-09  165.48  323.76
2019/05/16 18:00:00   -4.651  -2.154  1019.13   2.638   2.044 0.995 1.590e-09  126.77  327.03
2019/05/16 21:00:00   -4.483  -1.589  1020.43   2.700   2.178 0.988 3.357e-10   50.69  328.50
2019/05/17 00:00:00   -4.353  -2.131  1021.54   2.359   1.913 0.993 9.615e-10    0.73  322.54
2019/05/17 03:00:00   -4.506  -1.835  1021.95   2.328   1.909 1.000 3.920e-10    0.00  325.38
2019/05/17 06:00:00   -4.211  -3.615  1022.45   1.895   1.476 1.000 5.085e-10   28.99  321.59
2019/05/17 09:00:00   -4.353  -5.497  1022.60   1.271   0.745 1.000 1.673e-09  151.47  317.84
2019/05/17 12:00:00   -6.541  -6.206  1022.38   1.057   0.457 1.000 4.191e-09  277.37  310.96
2019/05/17 15:00:00   -6.457  -7.193  1021.71   1.179   0.448 1.000 1.030e-08  254.05  316.40
2019/05/17 18:00:00   -7.157  -7.620  1021.06   1.152   0.469 1.000 2.246e-08  106.64  317.23
2019/05/17 21:00:00   -8.228  -7.849  1020.79   1.408   0.676 1.000 4.305e-09   36.61  317.47
2019/05/18 00:00:00   -9.166  -6.861  1021.50   1.702   0.951 1.000 3.097e-09    0.57  318.70
2019/05/18 03:00:00   -8.814  -6.675  1021.59   1.596   0.662 1.000 2.079e-09    0.00  317.63
2019/05/18 06:00:00   -8.738  -6.904  1022.13   1.354   0.283 1.000 6.822e-09   27.87  313.38
2019/05/18 09:00:00   -8.454  -7.435  1023.19   1.312   0.196 1.000 4.482e-09  129.89  314.35
2019/05/18 12:00:00   -8.655  -7.369  1023.88   1.792   0.710 0.995 2.502e-09  212.87  316.55
2019/05/18 15:00:00   -8.823  -7.208  1024.21   1.693   0.642 0.999 2.012e-09  288.36  318.00
2019/05/18 18:00:00   -9.202  -7.998  1024.16   1.755   0.698 0.999 1.555e-09  152.79  317.77
2019/05/18 21:00:00   -9.182  -7.424  1024.70   1.800   0.808 0.999 1.602e-09   65.17  312.20
2019/05/19 00:00:00   -8.321  -7.193  1025.05   2.056   1.136 1.000 1.229e-09    1.25  320.73
2019/05/19 03:00:00   -8.320  -7.202  1024.69   2.029   1.217 1.000 1.838e-09    0.00  321.60
2019/05/19 06:00:00   -8.764  -7.583  1024.91   2.085   1.251 1.000 3.012e-09   18.47  321.67
2019/05/19 09:00:00   -8.750  -7.526  1024.85   2.086   1.169 1.000 1.179e-09   93.75  322.19
2019/05/19 12:00:00   -8.600  -8.694  1025.04   2.248   1.297 1.000 4.157e-10  254.53  317.83
2019/05/19 15:00:00   -9.541  -7.503  1024.49   2.082   0.936 1.000 4.670e-10  266.27  316.33
2019/05/19 18:00:00   -9.900  -7.740  1023.97   2.097   0.564 1.000 1.503e-10  160.51  314.39
2019/05/19 21:00:00   -9.936  -6.922  1023.91   2.290   0.715 1.000 1.330e-09   63.20  313.88
2019/05/20 00:00:00   -9.614  -7.222  1023.97   2.290   0.623 1.000 6.062e-09    1.61  316.22
2019/05/20 03:00:00   -9.198  -6.796  1023.15   2.125   0.476 0.929 3.902e-09    0.00  305.19
2019/05/20 06:00:00   -8.287  -8.119  1023.21   1.700   0.295 0.941 3.120e-09   52.26  285.61
2019/05/20 09:00:00   -8.334  -9.187  1023.28   1.917   0.839 1.000 3.550e-09  137.49  313.53
2019/05/20 12:00:00   -8.859  -8.506  1023.19   1.847   0.870 1.000 1.426e-09  259.41  316.35
2019/05/20 15:00:00   -8.326  -7.388  1023.76   2.143   1.063 1.000 7.970e-10  242.08  318.29
2019/05/20 18:00:00   -7.599  -7.796  1023.71   1.972   0.909 0.997 5.524e-10  209.62  308.84
2019/05/20 21:00:00   -7.701  -8.126  1024.08   1.663   0.694 0.982 1.328e-09   80.07  300.10
2019/05/21 00:00:00   -7.680  -8.154  1024.60   1.710   0.772 1.000 1.900e-09    2.07  314.18
2019/05/21 03:00:00   -7.620  -8.429  1024.87   1.598   0.721 0.999 5.684e-09    0.00  317.43
2019/05/21 06:00:00   -8.229  -9.001  1025.47   1.619   0.715 1.000 8.756e-09   15.75  318.65
2019/05/21 09:00:00   -8.088  -8.314  1026.26   1.739   0.777 1.000 9.307e-09   50.04  318.86
2019/05/21 12:00:00   -8.071  -8.053  1027.28   2.110   1.110 1.000 1.791e-08   96.00  319.52
2019/05/21 15:00:00   -8.014  -7.394  1027.49   2.211   1.258 1.000 9.616e-09  103.63  321.89
2019/05/21 18:00:00   -7.849  -7.655  1028.65   2.250   1.309 0.999 1.159e-08   77.10  322.80
2019/05/21 21:00:00   -7.233  -7.206  1029.31   2.328   1.404 1.000 4.406e-09   33.87  323.21
2019/05/22 00:00:00   -6.891  -6.999  1029.85   2.237   1.389 1.000 2.769e-09    1.32  321.56
2019/05/22 03:00:00   -6.077  -5.976  1029.97   2.197   1.393 1.000 1.314e-09    0.00  322.22
2019/05/22 06:00:00   -5.881  -6.125  1030.25   2.112   1.306 0.997 8.530e-10   28.39  318.43
2019/05/22 09:00:00   -5.601  -5.663  1030.82   2.092   1.308 1.000 2.051e-09  133.05  318.41
2019/05/22 12:00:00   -5.478  -6.038  1030.63   1.802   1.066 1.000 3.175e-10  311.77  312.78
2019/05/22 15:00:00   -5.219  -5.652  1030.34   1.721   0.991 1.000 1.766e-10  321.73  314.07
2019/05/22 18:00:00   -5.745  -4.847  1030.15   1.800   1.096 1.000 9.847e-11  207.52  313.56
2019/05/22 21:00:00   -5.027  -4.779  1030.15   1.649   1.035 1.000 2.106e-10   56.21  320.58
2019/05/23 00:00:00   -4.960  -5.207  1029.34   1.874   1.314 1.000 4.063e-10    2.67  317.69
2019/05/23 03:00:00   -5.126  -4.958  1028.48   1.922   1.322 1.000 6.072e-10    0.00  321.46
2019/05/23 06:00:00   -4.912  -4.047  1028.12   2.005   1.324 1.000 1.540e-09   22.59  320.03
2019/05/23 09:00:00   -4.712  -4.265  1027.89   1.999   1.354 1.000 7.932e-10  132.37  317.88
2019/05/23 12:00:00   -4.805  -4.341  1027.15   2.418   1.563 1.000 6.774e-10  320.66  315.68
2019/05/23 15:00:00   -4.842  -3.931  1026.73   2.524   1.460 1.000 1.329e-09  330.22  310.87
2019/05/23 18:00:00   -4.198  -3.820  1025.87   2.390   1.368 0.995 2.344e-09  206.23  316.56
2019/05/23 21:00:00   -4.150  -3.310  1025.67   2.334   1.318 0.977 7.429e-10   89.43  308.29
2019/05/24 00:00:00   -3.872  -4.535  1025.70   2.096   0.836 0.979 1.241e-09    4.31  312.31
2019/05/24 03:00:00   -3.880  -4.289  1025.20   1.768   0.583 0.939 5.844e-10    0.00  307.62
2019/05/24 06:00:00   -3.676  -3.755  1025.30   1.204   0.184 0.686 2.570e-10   60.43  293.73
2019/05/24 09:00:00   -2.909  -3.615  1025.57   0.549  -0.419 0.986 2.711e-10  233.45  292.06
2019/05/24 12:00:00   -1.898  -3.606  1025.17   0.518  -0.583 1.000 5.554e-10  383.43  289.88
2019/05/24 15:00:00   -1.851  -1.995  1024.85   0.664  -0.714 1.000 4.861e-11  497.07  287.95
2019/05/24 18:00:00   -0.299  -1.592  1024.29   0.739  -0.794 1.000 4.415e-11  344.46  284.22
2019/05/24 21:00:00   -0.246  -0.279  1023.99   0.598  -0.757 1.000 1.086e-10  116.32  294.61
2019/05/25 00:00:00   -0.335   0.935  1023.70   0.536  -0.536 1.000 2.431e-11    6.84  298.25
2019/05/25 03:00:00    2.243  -0.731  1023.25   0.375  -0.371 0.996 6.896e-11    0.01  289.16
2019/05/25 06:00:00    1.918  -1.251  1022.36  -0.370  -0.778 1.000 1.687e-10   72.22  281.84
2019/05/25 09:00:00    0.935   1.228  1022.72   0.221  -0.263 1.000 1.409e-10  235.13  306.59
2019/05/25 12:00:00    1.663   1.376  1022.76   0.552   0.060 1.000 6.352e-11  451.23  294.27
2019/05/25 15:00:00    2.265  -0.807  1022.43   0.597  -0.037 0.997 1.414e-11  547.84  287.99
2019/05/25 18:00:00   -0.934  -1.726  1021.85  -0.089  -0.580 1.000 4.241e-11  336.84  290.21
2019/05/25 21:00:00   -3.152  -0.321  1021.47  -0.044  -0.689 1.000 2.614e-10  112.86  300.96
2019/05/26 00:00:00   -3.509   0.240  1020.88   1.462   0.661 0.995 8.776e-10    7.00  294.98
2019/05/26 03:00:00   -2.999  -1.743  1020.72   1.458   0.435 1.000 1.551e-09    0.04  303.97
2019/05/26 06:00:00   -4.419  -0.577  1020.06   1.665   0.281 0.998 1.605e-09   43.20  310.18
2019/05/26 09:00:00   -4.114   0.119  1020.19   1.734   0.107 0.993 1.487e-09  170.38  309.78
2019/05/26 12:00:00   -3.996  -1.033  1019.74   2.099   0.067 0.999 1.305e-09  354.04  307.94
2019/05/26 15:00:00   -2.334  -0.837  1018.92   2.304   0.101 0.996 6.509e-10  436.89  305.20
2019/05/26 18:00:00   -1.223  -0.100  1017.63   2.556   0.324 0.940 5.060e-10  304.85  296.30
2019/05/26 21:00:00   -0.442  -0.206  1016.51   2.711   0.440 0.951 3.418e-10  106.69  295.28
2019/05/27 00:00:00   -1.052  -1.125  1016.04   2.113   0.521 0.863 5.139e-10    9.45  282.39
2019/05/27 03:00:00   -2.289  -2.755  1016.38   1.787   0.348 0.908 1.214e-09    0.14  292.60
2019/05/27 06:00:00   -4.466  -4.151  1017.40   1.223  -0.611 0.990 2.567e-09   44.73  306.20
2019/05/27 09:00:00   -5.441  -3.450  1018.61   0.554  -2.047 0.997 9.597e-10  203.80  300.09
2019/05/27 12:00:00   -5.674  -2.941  1019.29   0.916  -1.799 0.999 8.764e-10  297.07  299.16
2019/05/27 15:00:00   -5.169  -2.879  1019.55   1.056  -2.130 0.991 2.957e-10  407.43  300.69
2019/05/27 18:00:00   -5.239  -2.404  1020.04   0.843  -2.738 0.987 0.000e+00  331.06  288.13
2019/05/27 21:00:00   -5.284  -3.184  1020.65   0.576  -3.220 0.941 0.000e+00  141.79  282.68
2019/05/28 00:00:00   -6.220  -4.792  1021.32   0.127  -3.224 0.730 3.968e-12   12.03  273.65
2019/05/28 03:00:00   -7.221  -5.903  1023.31  -0.393  -3.617 0.999 1.466e-10    0.24  287.68
2019/05/28 06:00:00   -7.607  -6.646  1024.30  -0.229  -4.074 0.997 1.766e-10   49.01  292.54
2019/05/28 09:00:00   -6.126  -7.378  1025.13  -0.769  -4.413 0.949 1.307e-10  338.65  253.60
2019/05/28 12:00:00   -4.739  -6.679  1025.39  -0.586  -4.337 0.870 1.685e-11  613.54  234.93
2019/05/28 15:00:00   -3.194  -5.081  1025.00  -0.527  -4.392 0.115 0.000e+00  725.38  214.39
2019/05/28 18:00:00   -0.107  -3.976  1024.70  -0.338  -4.141 0.064 0.000e+00  521.92  218.75
2019/05/28 21:00:00    1.838  -3.636  1024.29  -0.115  -3.551 0.100 8.423e-12  205.96  228.61
2019/05/29 00:00:00    2.500  -4.687  1024.01  -0.378  -3.012 0.973 0.000e+00   16.44  226.19
2019/05/29 03:00:00    2.693  -4.179  1023.47  -0.722  -2.956 0.998 5.257e-11    0.61  269.97
2019/05/29 06:00:00    1.389  -3.600  1022.47  -0.871  -3.064 1.000 1.239e-11   91.47  246.53
2019/05/29 09:00:00    0.385  -1.684  1022.06  -0.857  -3.049 1.000 4.163e-11  259.47  288.40
2019/05/29 12:00:00    2.127  -0.640  1021.58  -1.572  -2.934 1.000 0.000e+00  507.70  290.34
2019/05/29 15:00:00    2.238  -1.523  1020.45  -1.347  -2.912 0.999 0.000e+00  550.62  282.77
2019/05/29 18:00:00   -0.143  -1.877  1020.32  -1.126  -2.819 0.993 0.000e+00  340.22  281.53
2019/05/29 21:00:00   -1.425  -0.332  1020.39  -0.559  -2.325 1.000 4.415e-11  136.30  290.12
2019/05/30 00:00:00   -1.835  -2.348  1020.52  -0.518  -2.123 0.949 0.000e+00   13.64  278.92
2019/05/30 03:00:00   -2.738  -1.205  1020.72  -0.541  -2.095 1.000 1.277e-10    0.68  292.13
2019/05/30 06:00:00   -2.363  -1.215  1020.69  -0.461  -2.383 1.000 1.912e-10   63.54  293.54
2019/05/30 09:00:00   -3.475  -2.091  1021.29  -0.463  -2.662 1.000 5.829e-11  235.46  297.49
2019/05/30 12:00:00   -4.171  -3.331  1021.79   0.317  -2.272 1.000 7.988e-11  415.18  294.91
2019/05/30 15:00:00   -4.861  -3.321  1022.46   0.521  -2.263 1.000 0.000e+00  387.69  300.25
2019/05/30 18:00:00   -5.756  -2.907  1022.64   0.972  -1.995 1.000 1.414e-11  270.55  300.65
2019/05/30 21:00:00   -5.448  -3.041  1023.26   1.055  -2.000 1.000 3.845e-11   97.93  301.38
2019/05/31 00:00:00   -5.942  -3.679  1023.08   0.511  -2.320 1.000 3.011e-10   10.33  298.20
2019/05/31 03:00:00   -5.805  -3.259  1023.03   0.685  -2.424 0.984 4.862e-10    0.77  305.58
2019/05/31 06:00:00   -5.712  -2.914  1022.71   1.296  -2.077 1.000 1.168e-09   41.59  308.41
2019/05/31 09:00:00   -6.208  -3.225  1022.99   1.676  -1.474 0.993 2.205e-09  150.89  305.58
2019/05/31 12:00:00   -6.717  -4.786  1023.31   1.684  -1.445 1.000 1.559e-09  289.54  310.37
2019/05/31 15:00:00   -6.260  -4.338  1023.21   1.410  -1.695 0.915 4.183e-10  422.65  298.39
2019/05/31 18:00:00   -6.051  -4.205  1022.58   1.033  -2.324 0.755 0.000e+00  368.35  279.45
2019/05/31 21:00:00   -6.072  -4.174  1022.61   0.764  -2.612 0.964 0.000e+00  139.89  274.11
2019/06/01 00:00:00   -6.331  -4.086  1022.24   0.348  -2.900 0.977 4.638e-11   14.98  275.49
2019/06/01 03:00:00   -6.120  -3.667  1022.26   0.558  -3.068 0.978 6.574e-11    1.45  289.33
2019/06/01 06:00:00   -6.070  -4.494  1022.15   0.499  -3.052 0.955 3.968e-12   77.31  272.11
2019/06/01 09:00:00   -5.819  -4.322  1022.64   0.565  -2.865 0.919 1.414e-11  265.56  280.07
2019/06/01 12:00:00   -4.593  -4.652  1023.07   0.893  -2.831 0.842 0.000e+00  564.58  265.21
2019/06/01 15:00:00   -3.952  -4.438  1023.14   0.794  -2.485 0.644 0.000e+00  618.63  252.04
2019/06/01 18:00:00   -3.017  -4.860  1022.61   0.585  -2.652 0.083 0.000e+00  486.17  239.60
2019/06/01 21:00:00   -1.759  -5.229  1022.74   0.719  -2.732 0.385 0.000e+00  206.33  234.78
2019/06/02 00:00:00   -0.487  -5.790  1022.14   0.658  -2.394 0.261 0.000e+00   24.04  228.30
2019/06/02 03:00:00   -0.918  -6.234  1021.89   0.762  -1.967 0.587 0.000e+00    3.13  230.25
2019/06/02 06:00:00   -1.482  -6.427  1021.20   0.977  -1.428 0.980 1.239e-11  111.28  241.09
2019/06/02 09:00:00   -2.284  -7.423  1021.06   0.932  -1.151 0.984 5.393e-10  276.04  275.24
2019/06/02 12:00:00   -2.663  -8.249  1020.24   1.078  -0.835 0.958 6.903e-10  420.10  281.71
2019/06/02 15:00:00   -3.331  -8.956  1019.31   1.317  -0.681 0.899 1.748e-09  430.87  289.96
2019/06/02 18:00:00   -4.544  -8.894  1018.60   1.477  -0.384 0.988 4.797e-09  242.76  295.94
2019/06/02 21:00:00   -5.641  -8.282  1018.09   1.538   0.100 0.998 2.054e-09  107.75  300.87
2019/06/03 00:00:00   -5.647  -7.740  1018.29   2.004   0.145 0.975 1.931e-09   11.82  312.44
2019/06/03 03:00:00   -5.488  -7.008  1017.77   1.591   0.370 0.995 7.801e-10    2.67  285.81
2019/06/03 06:00:00   -4.943  -7.071  1017.88   1.225   0.460 0.967 7.813e-11   93.78  272.33
2019/06/03 09:00:00   -5.134  -6.107  1018.18   1.290   0.242 0.930 4.861e-11  267.85  294.54
2019/06/03 12:00:00   -3.066  -6.409  1018.44   1.549   0.707 0.821 1.414e-11  581.69  278.21
2019/06/03 15:00:00   -2.848  -6.552  1018.44   1.073   0.301 0.996 1.890e-10  522.73  281.98
2019/06/03 18:00:00   -2.634  -6.992  1018.29   1.032  -0.497 0.997 1.163e-10  353.89  290.80
2019/06/03 21:00:00   -0.216  -6.482  1018.25   1.493  -0.633 0.978 7.417e-11  173.43  261.88
2019/06/04 00:00:00   -3.420  -8.190  1018.43   1.111  -0.818 0.946 7.481e-10   16.34  274.91
2019/06/04 03:00:00   -4.299  -6.931  1018.00   0.432  -2.015 0.852 5.856e-10    3.23  272.78
2019/06/04 06:00:00   -4.341  -6.874  1018.24   0.288  -2.386 0.664 9.774e-10   94.84  263.01
2019/06/04 09:00:00   -3.309  -8.195  1018.86   0.339  -2.328 0.755 2.689e-10  316.18  265.49
2019/06/04 12:00:00   -3.923  -9.065  1018.88   0.848  -1.854 0.996 6.613e-10  484.86  276.12
2019/06/04 15:00:00   -4.776  -8.037  1019.41   1.054  -1.598 0.998 2.703e-10  398.63  288.51
2019/06/04 18:00:00   -4.707  -7.166  1019.26   1.360  -1.409 1.000 3.343e-10  280.20  288.86
2019/06/04 21:00:00   -2.617  -7.103  1019.98   1.532  -1.056 1.000 1.143e-10  125.57  277.90
2019/06/05 00:00:00   -1.479  -7.923  1020.28   1.376  -0.783 0.999 1.382e-10   18.18  276.62
2019/06/05 03:00:00   -1.816  -7.085  1020.59   1.061  -0.713 0.892 2.314e-10    4.20  263.37
2019/06/05 06:00:00   -2.328  -5.869  1021.25   0.348  -1.104 0.691 1.448e-10  100.21  263.53
2019/06/05 09:00:00   -2.216  -5.149  1022.15   0.049  -1.193 0.364 0.000e+00  385.73  249.40
2019/06/05 12:00:00   -2.036  -5.473  1022.70   1.026  -0.622 0.355 0.000e+00  620.65  255.04
2019/06/05 15:00:00   -1.970  -5.284  1023.04   1.356  -0.628 0.209 0.000e+00  666.29  247.75
2019/06/05 18:00:00   -2.100  -3.630  1023.51   1.738  -0.827 0.150 0.000e+00  532.17  231.33
2019/06/05 21:00:00   -1.718  -2.882  1024.51   1.932  -0.882 0.010 0.000e+00  233.26  231.40
2019/06/06 00:00:00   -0.352  -2.774  1025.23   1.930  -0.566 0.009 0.000e+00   30.48  230.96
2019/06/06 03:00:00    0.262  -1.525  1025.67   2.071  -0.434 0.000 0.000e+00    6.75  230.66
2019/06/06 06:00:00    1.730  -0.235  1025.99   2.716  -0.611 0.030 0.000e+00  135.58  232.21
2019/06/06 09:00:00    1.604   0.580  1026.39   2.335  -0.248 0.467 2.431e-11  395.32  246.75
2019/06/06 12:00:00    2.535   1.783  1026.78   0.871  -0.093 0.731 0.000e+00  595.03  256.59
2019/06/06 15:00:00    3.322   1.664  1026.69   0.556  -0.148 0.786 0.000e+00  654.44  261.76
2019/06/06 18:00:00    3.742   1.795  1025.40   0.905   0.271 0.820 1.017e-11  454.51  276.50
2019/06/06 21:00:00    4.219   1.067  1024.97   0.832   0.284 0.920 2.138e-10  146.02  294.01
2019/06/07 00:00:00    2.818   2.567  1023.73   0.705   0.335 0.971 1.516e-09   17.55  296.97
2019/06/07 03:00:00    3.565   1.145  1023.09  -0.111  -0.435 1.000 9.193e-10    4.05  291.10
2019/06/07 06:00:00    2.743   1.897  1021.94  -0.505  -1.084 1.000 1.404e-10   80.02  300.66
2019/06/07 09:00:00    3.527   1.099  1022.10  -0.926  -1.394 1.000 2.500e-10  199.58  305.68
2019/06/07 12:00:00    2.539   0.255  1021.83  -0.921  -1.617 1.000 4.193e-11  472.54  298.01
2019/06/07 15:00:00    0.709   0.511  1021.99  -0.823  -1.610 1.000 2.644e-10  516.58  294.95
2019/06/07 18:00:00    0.283   0.446  1022.19   0.180  -1.101 1.000 0.000e+00  382.60  289.35
2019/06/07 21:00:00    0.042  -1.840  1022.87  -0.128  -1.215 0.975 8.830e-11  166.64  277.95
2019/06/08 00:00:00   -1.711  -1.142  1023.29  -0.516  -1.124 0.990 1.602e-10   19.69  287.90
2019/06/08 03:00:00   -0.718  -1.824  1023.87  -0.079  -0.970 1.000 6.003e-11    4.66  302.22
2019/06/08 06:00:00   -0.506  -2.647  1023.67   0.223  -1.183 0.884 2.159e-11   80.18  275.06
2019/06/08 09:00:00   -1.575  -2.755  1025.02   0.141  -1.674 0.235 0.000e+00  360.19  259.05
2019/06/08 12:00:00    0.038  -3.274  1025.18   1.213  -1.317 0.019 0.000e+00  657.86  245.97
2019/06/08 15:00:00   -0.318  -3.951  1025.47   2.206  -0.037 0.005 0.000e+00  724.17  239.97
2019/06/08 18:00:00   -1.925  -3.571  1025.41   2.295   0.391 0.023 0.000e+00  543.65  232.56
2019/06/08 21:00:00   -2.340  -4.499  1026.24   1.820   0.131 0.009 0.000e+00  241.73  235.85
2019/06/09 00:00:00   -3.907  -3.914  1026.23   1.677   0.281 0.091 0.000e+00   32.66  242.19
2019/06/09 03:00:00   -3.694  -4.794  1026.70   0.568  -0.258 0.420 7.243e-11    7.94  265.94
2019/06/09 06:00:00   -5.254  -5.107  1027.35   0.371  -0.065 1.000 2.649e-10   74.07  288.06
2019/06/09 09:00:00   -5.178  -5.739  1028.36   1.399   0.852 1.000 5.432e-11  210.14  314.41
2019/06/09 12:00:00   -4.256  -5.990  1028.66   2.508   1.761 1.000 2.456e-10  334.74  321.02
2019/06/09 15:00:00   -4.307  -4.861  1028.61   3.095   2.214 0.892 2.790e-10  448.56  318.61
2019/06/09 18:00:00   -3.651  -3.984  1028.26   3.286   2.460 0.774 1.051e-10  398.15  298.81
2019/06/09 21:00:00   -3.419  -3.084  1028.32   3.375   2.658 0.999 2.840e-10  119.46  315.66
2019/06/10 00:00:00   -3.237  -0.959  1028.16   4.159   3.462 0.972 6.429e-10   16.31  322.57
2019/06/10 03:00:00   -2.236   1.299  1027.94   4.562   3.894 0.923 1.299e-09    5.20  323.29
2019/06/10 06:00:00   -1.783   0.571  1027.90   4.761   3.942 0.915 7.213e-10   78.17  314.21
2019/06/10 09:00:00   -2.190   1.241  1029.01   4.566   3.767 0.957 3.885e-10  219.24  333.56
2019/06/10 12:00:00   -1.468   2.076  1029.36   5.169   4.086 1.000 1.498e-09  368.71  326.80
2019/06/10 15:00:00   -0.643   3.007  1029.82   5.333   4.134 1.000 2.283e-09  460.88  317.51
2019/06/10 18:00:00    1.608   3.258  1030.37   5.666   4.056 0.943 4.495e-10  352.53  317.12
2019/06/10 21:00:00    2.051   1.385  1031.18   5.554   4.336 0.792 1.107e-09  156.55  307.03
2019/06/11 00:00:00    3.597   1.724  1031.82   5.037   3.951 0.836 9.830e-10   20.41  317.22
2019/06/11 03:00:00    4.223   2.626  1032.80   4.729   3.637 0.609 8.449e-10    6.31  309.73
2019/06/11 06:00:00    4.863   3.641  1033.09   5.407   4.060 0.924 1.742e-09   51.73  327.91
2019/06/11 09:00:00    6.012   2.208  1034.54   5.031   3.949 0.946 5.705e-10  248.31  306.19
2019/06/11 12:00:00    5.808   3.985  1035.55   4.854   3.898 0.999 0.000e+00  572.92  280.22
2019/06/11 15:00:00    5.885   4.508  1035.62   5.227   4.214 0.462 7.936e-12  694.96  262.41
2019/06/11 18:00:00    7.691   3.651  1036.19   5.717   4.092 0.502 0.000e+00  515.41  264.37
2019/06/11 21:00:00    7.848   4.359  1035.92   5.705   3.859 0.789 0.000e+00  221.75  265.67
2019/06/12 00:00:00    8.182   4.807  1036.33   5.928   4.277 0.997 0.000e+00   30.33  270.07
2019/06/12 03:00:00    6.718   3.229  1035.86   5.554   4.474 0.948 0.000e+00    9.51  269.31
2019/06/12 06:00:00    7.250   3.865  1035.20   4.945   4.227 0.948 8.830e-11  100.36  282.93
2019/06/12 09:00:00    7.719   3.870  1034.52   5.009   4.347 0.839 0.000e+00  374.00  280.73
2019/06/12 12:00:00    7.667   4.762  1033.73   4.684   4.150 0.966 0.000e+00  474.49  318.84
2019/06/12 15:00:00    8.919   4.038  1032.44   4.944   4.478 0.951 0.000e+00  528.38  313.69
2019/06/12 18:00:00    8.819   3.375  1030.92   5.015   4.693 0.990 0.000e+00  359.61  324.18
2019/06/12 21:00:00    8.972   3.273  1029.76   4.565   4.439 0.995 1.052e-10  134.21  319.21
2019/06/13 00:00:00    8.285   2.056  1028.95   3.899   3.793 0.998 1.581e-09   17.05  326.09
2019/06/13 03:00:00    6.611   1.253  1028.11   3.268   2.987 0.969 1.142e-09    6.98  314.59
2019/06/13 06:00:00    5.375  -0.869  1027.13   2.277   1.917 0.960 6.635e-10   87.30  308.69
2019/06/13 09:00:00   -0.332  -2.427  1027.26   1.461   1.313 0.997 7.501e-10  310.11  304.22
2019/06/13 12:00:00   -2.648  -0.487  1027.03   2.179   2.009 1.000 3.611e-10  475.99  310.77
2019/06/13 15:00:00   -4.218  -0.659  1026.88   3.210   2.898 1.000 3.497e-10  457.19  319.42
2019/06/13 18:00:00   -3.851  -1.176  1026.86   3.849   3.454 1.000 1.200e-09  327.51  325.52
2019/06/13 21:00:00   -4.888  -0.429  1027.17   4.119   3.683 1.000 9.917e-10  126.56  314.67
2019/06/14 00:00:00   -5.000   0.608  1027.21   3.769   3.248 0.998 9.421e-10   23.36  311.03
2019/06/14 03:00:00   -5.451   0.857  1026.66   3.218   2.578 0.999 8.825e-10    6.90  312.90
2019/06/14 06:00:00   -4.499   0.099  1026.39   2.801   2.076 0.999 7.479e-10   72.58  311.40
2019/06/14 09:00:00   -5.156   0.122  1025.89   2.845   1.714 0.928 1.330e-10  258.96  312.60
2019/06/14 12:00:00   -4.170   0.105  1025.89   3.327   1.881 0.994 1.024e-10  499.83  311.93
2019/06/14 15:00:00   -4.316  -1.042  1024.94   3.465   2.117 0.999 1.042e-10  559.74  306.30
2019/06/14 18:00:00   -5.219  -0.474  1023.98   3.477   2.101 0.823 0.000e+00  455.90  293.63
2019/06/14 21:00:00   -4.885  -1.277  1024.05   3.390   2.126 0.847 5.073e-10  177.54  295.39
2019/06/15 00:00:00   -4.275  -2.742  1024.16   2.950   1.949 0.918 3.294e-10   27.35  295.05
2019/06/15 03:00:00   -4.360  -2.750  1024.10   2.764   1.937 0.967 1.547e-09    8.23  309.77
2019/06/15 06:00:00   -4.767  -2.345  1023.31   2.911   2.163 0.973 8.491e-10   75.57  317.75
2019/06/15 09:00:00   -3.689  -3.053  1023.72   2.785   2.208 1.000 1.181e-09  258.56  321.32
2019/06/15 12:00:00   -3.547  -4.125  1023.41   2.680   2.155 0.997 6.013e-10  394.06  313.68
2019/06/15 15:00:00   -3.568  -3.375  1022.19   3.058   2.473 0.987 7.248e-10  498.59  320.74
2019/06/15 18:00:00   -3.549  -1.927  1020.96   2.794   2.340 1.000 5.864e-10  357.11  311.23
2019/06/15 21:00:00   -2.717  -1.824  1020.19   2.805   2.431 1.000 2.642e-10  126.37  313.85
2019/06/16 00:00:00   -2.146  -2.802  1019.13   2.456   2.256 0.991 3.180e-10   18.58  313.44
2019/06/16 03:00:00   -2.009  -2.478  1018.44   2.223   2.014 1.000 2.590e-10    8.16  308.37
2019/06/16 06:00:00   -1.667  -1.962  1017.47   2.091   1.922 1.000 2.358e-09   69.21  323.32
2019/06/16 09:00:00   -1.801  -1.830  1017.57   2.399   2.229 1.000 2.002e-09  223.02  321.36
2019/06/16 12:00:00   -1.483  -2.661  1016.65   2.460   2.303 1.000 1.193e-09  394.38  327.49
2019/06/16 15:00:00   -0.834  -4.122  1016.35   2.368   2.219 1.000 1.148e-09  443.47  327.29
2019/06/16 18:00:00   -1.735  -3.429  1016.21   2.435   2.295 1.000 2.279e-09  309.47  320.50
2019/06/16 21:00:00   -2.199  -4.769  1016.10   2.075   1.933 1.000 2.902e-09   87.86  323.92
2019/06/17 00:00:00   -3.763  -5.486  1015.29   2.092   1.951 1.000 1.534e-09   10.52  325.54
2019/06/17 03:00:00   -4.108  -5.187  1014.95   1.930   1.693 0.868 3.320e-09    4.59  322.31
2019/06/17 06:00:00   -4.207  -5.807  1014.65   2.001   1.061 1.000 1.104e-08   52.69  312.90
2019/06/17 09:00:00   -4.448  -6.852  1014.50   2.180   0.631 0.968 6.296e-09  172.34  314.97
2019/06/17 12:00:00   -4.108  -7.077  1014.52   2.689   1.079 0.202 8.055e-11  566.06  272.33
2019/06/17 15:00:00   -3.517  -6.211  1014.22   3.104   1.268 0.094 0.000e+00  717.75  251.22
2019/06/17 18:00:00   -2.017  -4.841  1013.67   3.335   1.527 0.018 0.000e+00  541.84  252.20
2019/06/17 21:00:00    0.834  -5.356  1013.35   3.000   1.490 0.013 0.000e+00  242.16  250.38
2019/06/18 00:00:00    2.560  -6.656  1012.62   3.304   1.307 0.163 0.000e+00   39.83  252.50
2019/06/18 03:00:00   -0.716  -5.317  1012.75   2.750   1.339 0.393 2.083e-09   11.33  282.92
2019/06/18 06:00:00   -3.243  -4.679  1012.94   1.927   0.769 0.522 1.002e-09  125.19  264.96
2019/06/18 09:00:00   -2.963  -5.101  1013.53   1.318   0.306 0.328 1.690e-10  411.26  254.41
2019/06/18 12:00:00   -2.583  -5.295  1013.50   1.661   0.702 0.790 3.001e-11  525.13  286.17
2019/06/18 15:00:00    0.426  -4.561  1013.82   2.216   0.935 0.079 4.415e-11  597.90  284.83
2019/06/18 18:00:00    2.158  -3.637  1013.17   1.808   0.950 0.318 5.083e-11  474.50  271.68
2019/06/18 21:00:00    3.308  -2.363  1012.76   1.375   0.762 0.283 0.000e+00  228.83  261.40
2019/06/19 00:00:00    3.976  -2.197  1012.07   1.329   0.558 0.109 1.868e-10   34.36  256.99
2019/06/19 03:00:00    1.271  -3.071  1012.25   1.179   0.548 0.446 3.118e-10   11.83  262.14
2019/06/19 06:00:00    0.959  -2.567  1011.51   1.021   0.524 0.889 2.818e-10  109.90  271.04
2019/06/19 09:00:00    0.555  -2.670  1011.79   1.181   0.605 1.000 7.030e-10  239.43  295.94
2019/06/19 12:00:00   -0.468  -2.035  1011.43   0.754   0.182 1.000 2.550e-10  476.62  307.07
2019/06/19 15:00:00   -0.105  -2.139  1011.71   1.271   0.431 0.998 4.862e-11  518.42  301.63
2019/06/19 18:00:00   -1.156  -2.184  1011.22   1.110   0.429 0.997 3.176e-11  442.42  293.18
2019/06/19 21:00:00    1.257  -2.160  1011.70   0.771   0.307 0.988 5.035e-11  145.64  298.46
2019/06/20 00:00:00    2.296  -2.542  1011.32   0.521   0.277 1.000 1.598e-10   24.46  303.69
2019/06/20 03:00:00    2.481  -2.296  1010.83  -0.160  -0.300 1.000 1.493e-10    6.93  305.95
2019/06/20 06:00:00    3.351  -1.341  1009.66  -0.549  -0.673 1.000 1.312e-10   69.43  307.46
2019/06/20 09:00:00    2.834  -2.453  1009.68  -0.850  -0.972 1.000 1.518e-10  197.76  309.84
2019/06/20 12:00:00    2.609  -2.650  1008.99  -0.090  -0.399 1.000 8.830e-11  474.80  305.22
2019/06/20 15:00:00    2.257  -4.024  1008.87  -0.107  -0.317 1.000 2.034e-11  498.36  305.88
2019/06/20 18:00:00    1.095  -2.856  1008.53  -0.054  -0.227 1.000 1.148e-10  367.21  296.50
2019/06/20 21:00:00    1.495  -2.430  1008.74   0.023  -0.108 1.000 1.811e-11  128.75  310.37
2019/06/21 00:00:00    1.678  -2.462  1008.90   0.550   0.388 1.000 5.070e-10   19.84  310.41
2019/06/21 03:00:00    2.080  -2.904  1009.14   0.654   0.468 1.000 1.907e-09    6.01  314.74
2019/06/21 06:00:00    1.775  -3.284  1009.33   0.891   0.626 1.000 7.094e-10   53.01  310.74
2019/06/21 09:00:00    1.039  -3.042  1009.81   1.295   0.794 1.000 7.900e-10  164.54  318.53
2019/06/21 12:00:00    2.132  -2.499  1010.58   1.135   0.689 1.000 1.895e-09  317.98  320.40
2019/06/21 15:00:00    2.051  -2.492  1011.11   1.277   0.786 1.000 5.591e-10  284.80  319.48
2019/06/21 18:00:00    1.767  -1.352  1011.24   1.450   0.885 1.000 8.503e-10  265.95  316.05
2019/06/21 21:00:00    1.965  -0.048  1011.63   1.326   0.845 0.988 2.147e-09  132.34  318.21
2019/06/22 00:00:00    2.569   1.408  1012.48   1.687   1.078 1.000 1.681e-09   18.95  318.18
2019/06/22 03:00:00    2.939   2.243  1012.47   1.820   1.197 1.000 1.878e-09    6.16  318.32
2019/06/22 06:00:00    4.027   2.766  1012.17   1.882   1.198 0.999 2.008e-09   58.98  314.51
2019/06/22 09:00:00    5.130   3.243  1012.90   1.680   0.838 0.970 1.365e-09  236.63  305.79
2019/06/22 12:00:00    5.965   3.700  1013.67   1.961   0.827 1.000 7.302e-10  430.45  310.28
2019/06/22 15:00:00    6.469   3.744  1014.07   2.616   1.881 0.985 5.581e-10  456.40  309.97
2019/06/22 18:00:00    6.147   3.952  1014.23   3.410   2.412 0.986 2.649e-10  395.53  299.68
2019/06/22 21:00:00    5.667   4.509  1014.28   4.130   2.989 0.274 1.449e-10  196.23  277.15
2019/06/23 00:00:00    6.173   4.850  1013.97   3.846   3.039 0.066 1.166e-10   36.12  270.99
2019/06/23 03:00:00    6.470   5.265  1014.10   3.759   3.141 0.198 9.402e-11    9.63  293.25
2019/06/23 06:00:00    6.910   4.987  1014.17   3.487   3.204 0.953 5.243e-10   61.54  316.92
2019/06/23 09:00:00    7.373   5.523  1014.28   3.924   3.540 0.999 1.259e-09  217.71  324.70
2019/06/23 12:00:00    6.369   6.611  1015.00   4.083   3.574 0.985 1.369e-10  384.64  315.07
2019/06/23 15:00:00    7.478   6.570  1015.67   4.652   3.238 0.264 1.347e-10  593.53  302.34
2019/06/23 18:00:00    7.454   6.270  1015.51   4.765   3.112 0.094 0.000e+00  500.97  270.32
2019/06/23 21:00:00    7.309   6.622  1016.82   4.660   3.144 0.084 0.000e+00  235.94  258.24
2019/06/24 00:00:00    6.653   6.695  1018.24   4.577   3.294 0.401 6.003e-11   37.96  273.13
2019/06/24 03:00:00    6.142   6.390  1018.78   4.453   3.343 0.512 7.796e-10   11.23  277.78
2019/06/24 06:00:00    6.521   4.827  1019.33   4.273   3.190 0.501 6.928e-10  107.09  286.04
2019/06/24 09:00:00    6.242   3.980  1020.49   4.019   3.127 0.944 6.186e-10  287.89  304.45
2019/06/24 12:00:00    5.520   5.587  1021.58   4.400   3.500 1.000 4.549e-10  370.30  319.38
2019/06/24 15:00:00    6.793   6.461  1021.58   4.789   3.812 1.000 6.102e-10  301.58  335.71
2019/06/24 18:00:00    8.297   6.134  1021.72   5.025   4.102 1.000 2.198e-10  251.12  334.28
2019/06/24 21:00:00    7.834   7.135  1021.84   5.120   4.275 1.000 3.437e-09   52.35  337.61
2019/06/25 00:00:00    7.423   8.881  1020.71   5.324   4.852 0.963 5.682e-09    9.75  340.91
2019/06/25 03:00:00    8.576   8.757  1019.35   5.407   5.023 1.000 5.253e-09    2.40  343.37
2019/06/25 06:00:00    9.026   8.532  1017.34   5.421   5.192 1.000 7.194e-09   23.86  341.50
2019/06/25 09:00:00    9.985   8.187  1016.69   5.280   5.113 1.000 1.662e-09  102.79  343.95
2019/06/25 12:00:00    9.206   7.476  1016.34   5.678   5.395 1.000 7.950e-09  152.91  344.18
2019/06/25 15:00:00    8.912   5.880  1016.98   5.349   4.964 1.000 7.796e-09  279.66  339.96
2019/06/25 18:00:00    8.124   5.181  1017.07   5.149   4.668 1.000 6.427e-09  186.71  338.14
2019/06/25 21:00:00    6.792   4.332  1018.10   4.770   4.272 1.000 5.360e-09   79.99  331.55
2019/06/26 00:00:00    6.066   2.948  1018.82   4.000   3.779 1.000 2.384e-09   17.17  334.67
2019/06/26 03:00:00    4.328   1.207  1019.30   3.382   3.187 1.000 1.258e-09    5.23  328.15
2019/06/26 06:00:00    3.468   1.654  1019.62   3.034   2.796 0.988 3.088e-10   73.75  310.56
2019/06/26 09:00:00    2.913   1.823  1020.43   3.035   2.838 0.883 3.056e-10  267.65  295.81
2019/06/26 12:00:00    3.655   3.471  1020.66   2.796   2.542 0.893 3.723e-10  520.72  296.36
2019/06/26 15:00:00    4.906   3.986  1020.11   3.027   2.611 1.000 1.890e-10  564.40  293.59
2019/06/26 18:00:00    5.873   4.853  1019.78   3.422   3.147 1.000 4.212e-10  394.90  314.94
2019/06/26 21:00:00    6.377   5.877  1019.84   3.990   3.877 1.000 8.319e-10   98.00  323.86
2019/06/27 00:00:00    5.808   5.898  1019.12   4.073   3.988 1.000 3.721e-08   12.47  334.12
2019/06/27 03:00:00    4.004   5.561  1017.40   4.249   4.173 1.000 1.675e-08    3.39  337.72
2019/06/27 06:00:00    3.274   4.159  1016.02   3.902   3.811 1.000 2.507e-08   15.92  339.10
2019/06/27 09:00:00    3.804   4.585  1016.40   3.973   3.886 1.000 2.466e-08   44.08  339.91
2019/06/27 12:00:00    4.866   5.276  1016.46   4.283   4.183 1.000 4.150e-08   81.22  338.86
2019/06/27 15:00:00    4.310   4.703  1015.84   4.326   4.220 1.000 1.977e-09  142.98  337.93
2019/06/27 18:00:00    3.136   4.581  1015.58   4.459   4.358 1.000 7.052e-10  118.06  340.15
2019/06/27 21:00:00    1.080   2.576  1015.02   4.099   3.981 1.000 1.291e-08   39.25  341.01
2019/06/28 00:00:00   -3.137  -1.357  1014.36   4.098   4.004 1.000 1.215e-07    4.90  340.06
2019/06/28 03:00:00   -5.838  -1.131  1013.01   4.292   4.209 1.000 1.851e-07    0.92  337.62
2019/06/28 06:00:00   -5.258  -7.114  1011.53   3.233   3.027 1.000 1.701e-07   10.65  335.91
2019/06/28 09:00:00   -5.566  -8.107  1011.88   2.122   1.654 1.000 1.684e-07   34.11  328.84
2019/06/28 12:00:00   -5.130  -8.279  1014.00   1.808   1.176 1.000 9.324e-08   89.70  324.47
2019/06/28 15:00:00   -6.468  -8.613  1016.15   1.847   0.902 1.000 6.631e-08   86.22  323.15
2019/06/28 18:00:00   -7.135  -7.368  1018.08   2.282   0.867 0.980 2.999e-08   85.55  322.96
2019/06/28 21:00:00   -7.231  -6.711  1019.90   2.902   0.658 0.979 4.295e-10   43.15  321.28
2019/06/29 00:00:00   -6.473  -6.763  1020.86   2.589   0.739 0.209 0.000e+00   34.16  271.86
2019/06/29 03:00:00   -6.531  -5.406  1021.06   2.310   0.823 0.045 0.000e+00   10.45  251.63
2019/06/29 06:00:00   -6.390  -4.869  1020.71   2.344   0.977 0.353 0.000e+00  129.22  248.37
2019/06/29 09:00:00   -6.531  -3.506  1021.12   2.758   1.320 0.313 0.000e+00  369.22  268.92
2019/06/29 12:00:00   -4.909  -4.521  1020.07   2.677   0.973 0.240 0.000e+00  588.58  264.82
2019/06/29 15:00:00   -5.179  -4.324  1019.45   2.533   0.737 0.363 0.000e+00  683.32  269.55
2019/06/29 18:00:00   -4.131  -2.416  1018.09   2.572   0.855 0.714 0.000e+00  423.80  277.78
2019/06/29 21:00:00   -3.231  -3.611  1016.82   2.410   0.830 0.981 0.000e+00  155.50  291.12
2019/06/30 00:00:00   -4.251  -5.781  1015.63   2.302   0.596 1.000 2.527e-11   35.29  259.19
2019/06/30 03:00:00   -5.466  -5.876  1014.99   2.261   0.586 0.995 5.466e-10    9.76  263.08
2019/06/30 06:00:00   -7.467  -4.981  1014.95   2.529   0.818 1.000 9.328e-10  106.58  281.03
2019/06/30 09:00:00   -6.707  -4.272  1015.57   2.551   1.013 0.968 1.969e-10  313.71  290.34
2019/06/30 12:00:00   -2.990  -5.939  1016.12   2.603   0.845 0.998 1.166e-10  500.75  293.30
2019/06/30 15:00:00   -6.398  -5.316  1016.97   1.600  -0.058 0.598 1.290e-10  647.58  281.07
2019/06/30 18:00:00   -5.995  -6.350  1017.65   1.295  -0.542 0.836 6.399e-10  356.12  294.94
2019/06/30 21:00:00   -4.983  -6.153  1018.63   1.607  -0.456 0.790 3.091e-10  163.38  280.84
2019/07/01 00:00:00   -3.637  -5.296  1018.86   1.459  -0.332 0.519 1.677e-10   30.70  274.35
2019/07/01 03:00:00   -2.212  -3.937  1018.76   1.641  -0.320 0.070 9.179e-11    9.39  258.16
2019/07/01 06:00:00    0.826  -2.336  1019.05   1.445   0.008 0.523 1.483e-10  106.51  263.30
2019/07/01 09:00:00    3.945  -1.611  1019.09   1.334   0.219 0.721 9.375e-11  383.04  250.20
2019/07/01 12:00:00    5.954   1.280  1018.30   1.796   0.295 0.744 1.325e-10  514.83  279.48
2019/07/01 15:00:00    7.837   1.502  1018.62   2.051   0.273 0.139 0.000e+00  594.52  276.15
2019/07/01 18:00:00    8.288   1.541  1018.21   2.411   0.452 0.141 0.000e+00  525.80  251.15
2019/07/01 21:00:00    8.469   1.890  1018.05   2.614   0.723 0.008 0.000e+00  232.92  246.98
2019/07/02 00:00:00    8.353   1.886  1017.79   2.688   1.151 0.003 0.000e+00   38.27  246.20
2019/07/02 03:00:00    6.908  -0.293  1019.06   2.646   1.281 0.008 0.000e+00    9.24  246.93
2019/07/02 06:00:00    3.355  -0.831  1020.81   2.147   1.243 0.378 8.919e-10  123.30  263.68
2019/07/02 09:00:00    2.568   0.826  1021.97   1.899   1.253 0.422 1.126e-10  348.82  273.22
2019/07/02 12:00:00    0.091  -0.592  1023.30   2.020   1.321 0.446 8.434e-11  569.96  278.63
2019/07/02 15:00:00   -0.336   1.247  1024.05   2.488   1.797 0.233 0.000e+00  651.08  261.60
2019/07/02 18:00:00    0.682   0.926  1023.38   2.490   1.947 0.220 0.000e+00  502.27  263.09
2019/07/02 21:00:00   -1.118  -1.192  1022.95   2.580   1.991 0.261 9.847e-11  213.17  265.70
2019/07/03 00:00:00   -1.018  -0.542  1022.86   1.982   1.560 0.397 1.114e-10   32.40  263.62
2019/07/03 03:00:00   -2.527  -1.429  1021.36   1.998   1.599 0.812 1.369e-10    7.55  269.22
2019/07/03 06:00:00   -3.864  -1.943  1020.18   1.711   1.450 0.996 0.000e+00   97.63  281.14
2019/07/03 09:00:00   -5.222  -2.438  1018.53   1.657   1.331 1.000 0.000e+00  191.08  309.82
2019/07/03 12:00:00   -5.824  -1.889  1018.29   3.165   2.008 0.994 3.110e-09  288.56  307.73
2019/07/03 15:00:00   -5.692  -1.985  1017.15   4.057   2.224 1.000 0.000e+00  330.20  308.14
2019/07/03 18:00:00   -6.612  -3.603  1016.08   3.847   2.090 0.999 5.054e-11  189.89  313.81
2019/07/03 21:00:00   -7.130  -4.521  1015.95   2.716   1.772 0.980 4.068e-11   78.11  308.54
2019/07/04 00:00:00   -7.528  -6.190  1015.52   2.179   1.484 1.000 1.064e-10   11.50  315.81
2019/07/04 03:00:00   -7.355  -5.335  1015.08   2.178   1.275 1.000 1.045e-09    1.82  318.89
2019/07/04 06:00:00   -6.921  -6.437  1015.44   2.175   1.406 1.000 2.853e-08   17.80  320.42
2019/07/04 09:00:00   -6.661  -7.387  1015.63   1.915   1.296 1.000 8.683e-08   53.97  325.98
2019/07/04 12:00:00   -7.500  -8.351  1016.78   2.792   1.966 1.000 7.827e-08   75.82  327.28
2019/07/04 15:00:00   -7.026  -8.356  1017.68   2.756   1.868 1.000 4.948e-08  123.95  323.56
2019/07/04 18:00:00   -5.731  -7.765  1018.52   2.564   1.660 0.999 1.605e-08  175.80  319.09
2019/07/04 21:00:00   -4.846  -7.339  1019.51   2.440   1.605 0.884 1.017e-09  138.99  300.48
2019/07/05 00:00:00   -2.792  -6.688  1020.76   2.302   1.627 0.970 5.251e-10   16.55  312.05
2019/07/05 03:00:00   -1.622  -6.298  1021.55   2.049   1.416 0.831 9.498e-11    2.91  311.18
2019/07/05 06:00:00   -1.674  -4.675  1021.51   1.905   1.280 0.590 5.654e-11   65.39  302.87
2019/07/05 09:00:00    0.483  -3.529  1022.58   1.795   1.089 0.469 9.576e-11  331.52  277.94
2019/07/05 12:00:00    1.331  -1.599  1022.94   2.642   1.518 0.262 0.000e+00  592.89  260.70
2019/07/05 15:00:00    2.997  -0.122  1022.50   3.212   1.935 0.059 0.000e+00  712.19  253.19
2019/07/05 18:00:00    4.856   0.683  1022.41   2.781   1.775 0.841 5.432e-11  526.35  258.63
2019/07/05 21:00:00    5.121   1.241  1021.83   1.574   1.375 0.966 2.828e-11  169.37  295.02
2019/07/06 00:00:00    5.326   0.730  1021.69   0.758   0.648 1.000 3.160e-10   20.22  301.64
2019/07/06 03:00:00    5.360   0.339  1020.91   0.626   0.543 0.966 5.651e-10    3.70  314.88
2019/07/06 06:00:00    5.612   1.568  1019.95   1.164   1.088 0.877 4.093e-10   64.14  302.11
2019/07/06 09:00:00    4.913   0.628  1019.68   1.781   1.696 0.958 5.257e-11  326.26  285.59
2019/07/06 12:00:00    4.422   0.398  1019.45   2.005   1.908 1.000 1.059e-09  428.08  321.52
2019/07/06 15:00:00    4.308   0.075  1019.83   1.621   1.531 1.000 1.425e-09  483.30  322.32
2019/07/06 18:00:00    2.786  -1.162  1019.94   1.310   1.226 1.000 4.557e-10  263.54  312.87
2019/07/06 21:00:00   -0.143   0.068  1020.01   1.011   0.948 1.000 6.781e-10  101.73  315.86
2019/07/07 00:00:00    0.038  -0.174  1020.68   1.150   1.092 0.999 5.606e-10   15.70  316.55
2019/07/07 03:00:00   -1.727   0.218  1021.03   1.586   1.434 0.998 2.875e-10    3.05  314.93
2019/07/07 06:00:00    0.839   0.510  1021.61   1.937   1.634 0.974 1.059e-10   71.70  305.26
2019/07/07 09:00:00    0.453  -2.493  1022.22   1.617   1.431 0.987 1.788e-10  231.45  315.32
2019/07/07 12:00:00   -1.300  -2.444  1023.10   3.015   2.226 0.935 2.670e-09  339.53  309.68
2019/07/07 15:00:00    0.656  -2.805  1023.14   3.666   2.313 0.964 7.924e-09  342.97  314.86
2019/07/07 18:00:00   -0.195  -3.241  1023.12   3.690   2.298 0.992 4.829e-09  212.69  320.98
2019/07/07 21:00:00   -0.777  -3.327  1022.91   3.469   2.272 1.000 9.870e-09   35.64  328.17
2019/07/08 00:00:00   -0.170  -2.668  1022.23   3.176   2.297 1.000 2.597e-08    9.02  323.76
2019/07/08 03:00:00    1.890  -2.458  1021.29   3.113   2.301 1.000 1.359e-07    0.73  324.44
2019/07/08 06:00:00    4.516  -2.447  1020.04   2.965   2.212 1.000 3.950e-08   20.17  324.58
2019/07/08 09:00:00    4.275  -3.312  1020.04   2.781   2.023 1.000 1.699e-08   48.86  325.49
2019/07/08 12:00:00   -1.578  -3.595  1020.54   2.912   1.903 1.000 3.922e-08  120.15  324.73
2019/07/08 15:00:00    1.212  -4.249  1019.95   3.211   2.008 1.000 4.216e-08  127.51  324.04
2019/07/08 18:00:00   -1.320  -6.665  1019.50   2.507   1.574 1.000 1.741e-08   76.16  322.88
2019/07/08 21:00:00   -3.510  -5.654  1019.30   2.786   1.766 1.000 1.342e-08   23.57  326.23
2019/07/09 00:00:00   -4.835  -4.373  1019.48   3.373   2.509 1.000 8.372e-09    4.71  325.02
2019/07/09 03:00:00   -4.393  -2.668  1018.43   4.030   3.149 0.999 2.923e-09    0.89  326.67
2019/07/09 06:00:00   -4.304  -2.146  1018.75   4.450   3.591 1.000 6.480e-09   14.68  330.31
2019/07/09 09:00:00   -5.114  -1.449  1018.76   4.695   3.985 1.000 5.437e-09   56.14  333.50
2019/07/09 12:00:00   -5.322  -0.629  1018.29   4.661   4.000 1.000 4.056e-09  109.24  334.61
2019/07/09 15:00:00   -5.283  -0.473  1018.09   4.577   3.812 1.000 3.332e-09  151.17  332.16
2019/07/09 18:00:00   -4.493  -0.633  1017.78   4.561   3.777 0.986 1.254e-09  159.33  328.08
2019/07/09 21:00:00   -3.900  -0.352  1017.78   4.513   3.935 0.901 5.854e-10   96.83  330.32
2019/07/10 00:00:00   -3.255  -0.923  1017.09   4.277   3.974 0.598 3.939e-10   13.24  307.72
2019/07/10 03:00:00   -2.712  -2.263  1016.77   4.074   3.804 0.703 4.120e-10    1.68  311.42
2019/07/10 06:00:00   -2.968  -2.903  1015.81   4.042   3.783 0.994 9.468e-10   55.36  315.78
2019/07/10 09:00:00   -2.939  -3.316  1015.82   3.945   3.835 1.000 2.117e-09  157.15  328.33
2019/07/10 12:00:00   -3.342  -2.785  1015.29   4.128   4.003 1.000 9.694e-10  271.40  329.80
2019/07/10 15:00:00   -3.061  -3.242  1014.72   4.318   4.091 1.000 9.332e-10  336.23  335.88
2019/07/10 18:00:00   -2.744  -3.406  1014.51   4.086   3.767 1.000 3.200e-10  254.94  320.71
2019/07/10 21:00:00   -2.570  -3.533  1014.23   4.135   3.652 1.000 2.193e-09  109.81  329.54
2019/07/11 00:00:00   -1.969  -3.063  1013.82   3.831   3.485 1.000 3.601e-09   14.75  322.58
2019/07/11 03:00:00   -1.365  -2.460  1013.81   3.627   3.310 1.000 3.414e-09    1.04  326.17
2019/07/11 06:00:00    0.017  -2.977  1013.66   3.324   3.073 1.000 2.990e-09   45.91  327.66
2019/07/11 09:00:00   -0.799  -2.931  1014.02   3.273   2.986 1.000 1.072e-09  165.56  321.44
2019/07/11 12:00:00   -1.150  -2.218  1014.22   3.291   3.150 1.000 1.042e-09  391.86  321.19
2019/07/11 15:00:00   -0.897  -1.144  1014.55   3.612   3.263 1.000 1.387e-09  437.25  320.13
2019/07/11 18:00:00   -0.689  -2.468  1014.94   3.691   3.216 1.000 1.090e-09  257.35  328.27
2019/07/11 21:00:00   -1.652  -1.350  1015.14   3.572   3.166 1.000 8.865e-10  104.57  321.85
2019/07/12 00:00:00   -1.701  -1.761  1015.96   3.624   3.295 1.000 1.675e-09   12.50  325.17
2019/07/12 03:00:00   -2.360  -0.708  1016.17   3.675   3.416 1.000 9.573e-09    0.60  327.95
2019/07/12 06:00:00   -2.638  -1.561  1016.75   3.747   3.447 1.000 2.524e-08   24.50  332.37
2019/07/12 09:00:00   -3.233  -2.163  1017.45   3.737   3.384 1.000 2.164e-09  134.90  331.11
2019/07/12 12:00:00   -3.527  -0.360  1018.00   4.116   3.731 1.000 3.729e-09  187.09  333.79
2019/07/12 15:00:00   -3.169  -0.780  1017.87   4.321   3.798 1.000 2.557e-09  223.30  331.70
2019/07/12 18:00:00   -2.714  -1.037  1018.22   4.188   3.625 0.998 1.113e-09  209.33  331.21
2019/07/12 21:00:00   -3.201   0.172  1018.34   4.097   3.507 1.000 4.862e-11  121.62  312.35
2019/07/13 00:00:00   -2.010   1.521  1017.97   4.456   3.937 0.972 2.034e-11   12.64  324.60
2019/07/13 03:00:00   -1.379   0.959  1017.95   4.372   3.927 0.997 2.431e-11    0.54  319.44
2019/07/13 06:00:00   -2.470   0.769  1018.12   4.334   3.941 1.000 4.684e-10   42.19  329.24
2019/07/13 09:00:00   -3.600   1.564  1018.05   4.634   4.179 1.000 1.500e-08  166.77  328.93
2019/07/13 12:00:00   -3.949   2.107  1017.54   5.069   4.492 0.954 1.452e-08  176.46  338.56
2019/07/13 15:00:00   -2.446   3.352  1017.08   5.245   4.602 0.921 5.839e-08  185.54  340.84
2019/07/13 18:00:00   -0.058   1.758  1016.69   5.069   4.647 0.992 1.714e-08  154.31  334.67
2019/07/13 21:00:00    2.359   0.782  1016.40   4.215   3.962 0.951 1.531e-09   91.43  333.60
2019/07/14 00:00:00    4.578  -1.041  1016.54   3.434   2.989 0.800 7.242e-11   12.94  319.89
2019/07/14 03:00:00    3.850  -0.598  1016.48   2.971   2.283 0.957 3.686e-10    0.31  313.38
2019/07/14 06:00:00    5.059   2.113  1017.22   2.614   2.332 0.982 3.540e-10   51.24  316.74
2019/07/14 09:00:00    4.495   0.496  1017.83   2.192   1.890 1.000 7.974e-10  186.42  319.86
2019/07/14 12:00:00    3.536   1.319  1017.97   2.487   2.046 1.000 2.808e-10  394.93  319.48
2019/07/14 15:00:00    3.086  -0.490  1018.45   2.679   2.060 1.000 0.000e+00  510.06  316.50
2019/07/14 18:00:00    1.200  -0.568  1018.48   2.513   2.028 1.000 0.000e+00  344.23  302.56
2019/07/14 21:00:00   -1.399   0.519  1018.04   2.371   2.173 1.000 0.000e+00  134.98  302.48
2019/07/15 00:00:00   -2.228   0.447  1018.19   2.749   2.643 1.000 1.166e-10   12.04  309.79
2019/07/15 03:00:00   -3.526  -0.241  1017.78   3.120   3.024 1.000 4.857e-10    0.18  320.90
2019/07/15 06:00:00   -5.264  -0.882  1017.59   3.553   3.466 1.000 5.757e-10   43.00  323.20
2019/07/15 09:00:00   -5.724  -1.519  1017.16   4.136   3.962 1.000 3.203e-10  123.01  329.04
2019/07/15 12:00:00   -5.415  -1.627  1017.31   4.845   4.486 1.000 5.611e-09  147.19  336.20
2019/07/15 15:00:00   -6.035  -2.085  1017.15   5.274   4.817 1.000 3.644e-08  112.97  340.18
2019/07/15 18:00:00   -5.809  -2.340  1016.48   5.460   5.119 1.000 1.978e-08   60.29  342.89
2019/07/15 21:00:00   -5.478  -2.483  1016.01   5.303   5.081 1.000 9.429e-09   34.17  341.82
2019/07/16 00:00:00   -5.406  -2.606  1015.52   5.164   4.988 1.000 3.390e-08    4.50  340.05
2019/07/16 03:00:00   -4.170  -3.941  1013.96   4.978   4.781 1.000 5.127e-09    0.05  337.89
2019/07/16 06:00:00   -4.930  -4.777  1013.19   4.799   4.593 1.000 1.411e-09   28.53  339.26
2019/07/16 09:00:00   -5.039  -4.524  1011.59   4.881   4.601 1.000 6.721e-11  103.60  341.83
2019/07/16 12:00:00   -4.928  -5.994  1010.65   5.587   5.223 1.000 1.770e-09  144.23  343.54
2019/07/16 15:00:00   -5.877  -5.501  1009.21   5.684   5.270 1.000 2.366e-10  173.06  341.88
2019/07/16 18:00:00   -4.937  -6.974  1007.95   5.694   5.271 1.000 2.101e-10  176.01  342.86
2019/07/16 21:00:00   -6.024  -7.158  1007.23   5.775   5.449 1.000 1.053e-09   43.47  343.33
2019/07/17 00:00:00   -7.482  -5.933  1007.72   6.251   6.007 1.000 7.061e-09    2.86  344.43
2019/07/17 03:00:00   -7.706  -5.866  1008.09   6.049   5.665 1.000 8.810e-09    0.01  344.78
2019/07/17 06:00:00   -7.476  -7.446  1008.78   5.690   5.198 1.000 6.801e-09   11.28  342.42
2019/07/17 09:00:00   -7.698  -7.337  1009.67   5.543   4.991 1.000 7.525e-10   35.96  340.37
2019/07/17 12:00:00   -7.074  -7.059  1010.32   5.124   4.544 1.000 1.697e-09  106.49  338.71
2019/07/17 15:00:00   -6.321  -7.359  1010.73   4.922   4.304 1.000 6.518e-10  191.35  338.33
2019/07/17 18:00:00   -5.449  -7.535  1010.41   4.727   4.112 0.999 2.034e-11  143.82  336.50
2019/07/17 21:00:00   -5.022  -7.463  1010.40   4.586   4.003 1.000 0.000e+00   53.31  339.13
2019/07/18 00:00:00   -4.691  -6.711  1010.58   4.624   4.290 1.000 1.193e-10    4.09  339.25
2019/07/18 03:00:00   -3.283  -6.673  1009.79   4.471   4.245 1.000 9.233e-10    0.00  338.37
2019/07/18 06:00:00   -3.304  -6.504  1009.56   4.335   4.117 1.000 2.487e-09   11.68  336.34
2019/07/18 09:00:00   -3.148  -6.011  1009.46   4.200   3.946 1.000 3.261e-10   86.20  338.53
2019/07/18 12:00:00   -2.399  -5.366  1009.57   4.340   4.143 1.000 6.146e-10  148.12  338.66
2019/07/18 15:00:00   -2.617  -5.240  1009.67   4.301   4.052 1.000 6.233e-10  208.20  337.55
2019/07/18 18:00:00   -3.046  -4.328  1009.42   4.379   4.100 1.000 6.092e-10  146.17  341.56
2019/07/18 21:00:00   -2.587  -3.996  1010.31   4.541   4.274 1.000 7.496e-10   42.27  342.08
2019/07/19 00:00:00   -2.328  -3.855  1010.57   4.424   4.184 1.000 1.051e-10    4.48  344.34
2019/07/19 03:00:00   -2.803  -3.396  1011.27   4.432   4.325 1.000 1.008e-09    0.00  338.06
2019/07/19 06:00:00   -2.800  -3.298  1011.70   4.362   4.261 1.000 1.726e-09   36.81  332.11
2019/07/19 09:00:00   -2.448  -4.039  1012.18   4.135   4.017 1.000 1.669e-09  145.70  330.82
2019/07/19 12:00:00   -1.963  -4.163  1012.56   4.321   4.218 1.000 1.262e-09  337.22  324.32
2019/07/19 15:00:00   -2.502  -4.151  1012.38   4.188   4.092 1.000 4.234e-10  452.73  325.16
2019/07/19 18:00:00   -3.071  -3.587  1011.61   3.999   3.911 1.000 3.979e-10  322.87  322.11
2019/07/19 21:00:00   -3.546  -3.127  1011.70   3.762   3.682 1.000 2.800e-10  108.17  328.75
2019/07/20 00:00:00   -2.538  -3.552  1011.04   3.675   3.597 1.000 1.616e-09    6.70  329.30
2019/07/20 03:00:00   -2.655  -4.474  1010.55   3.407   3.332 1.000 1.951e-09    0.00  329.15
2019/07/20 06:00:00   -3.068  -4.438  1010.27   3.377   3.264 1.000 1.689e-09   42.00  322.04
2019/07/20 09:00:00   -3.303  -5.092  1010.24   3.441   3.301 1.000 2.808e-10  158.46  327.72
2019/07/20 12:00:00   -2.831  -4.995  1010.15   4.288   4.003 1.000 2.500e-10  199.19  334.24
2019/07/20 15:00:00   -3.245  -4.866  1010.34   4.834   4.368 1.000 1.371e-10  318.04  333.05
2019/07/20 18:00:00   -3.268  -4.598  1010.22   5.123   4.606 1.000 2.452e-10  229.04  337.92
2019/07/20 21:00:00   -3.640  -4.745  1010.69   5.151   4.769 1.000 1.196e-09   73.15  338.13
2019/07/21 00:00:00   -4.660  -3.156  1010.84   5.126   4.816 1.000 2.098e-09    4.68  339.72
2019/07/21 03:00:00   -2.831  -2.975  1010.57   5.319   5.117 1.000 6.047e-10    0.00  337.29
2019/07/21 06:00:00   -2.987  -3.479  1009.88   5.321   5.081 1.000 1.881e-09   30.25  342.42
2019/07/21 09:00:00   -3.391  -2.858  1010.57   5.445   5.152 1.000 9.916e-10  165.06  341.38
2019/07/21 12:00:00   -3.725  -1.918  1009.77   5.499   5.334 1.000 8.935e-10  324.28  343.61
2019/07/21 15:00:00   -2.804  -1.193  1010.15   5.687   5.460 0.999 6.162e-10  323.94  339.84
2019/07/21 18:00:00   -2.379  -1.862  1009.79   5.695   5.463 1.000 8.052e-10  252.41  345.52
2019/07/21 21:00:00   -2.348  -1.716  1009.95   5.484   5.358 1.000 1.240e-09   96.08  336.57
2019/07/22 00:00:00   -2.866  -1.014  1009.65   5.395   5.273 0.999 4.340e-09    5.47  341.32
2019/07/22 03:00:00   -2.108  -0.595  1009.15   5.194   5.065 1.000 4.093e-09    0.00  336.61
2019/07/22 06:00:00   -1.759  -0.198  1008.42   5.094   4.952 1.000 3.332e-09   28.63  339.97
2019/07/22 09:00:00   -1.103   0.295  1008.51   5.189   5.031 1.000 1.500e-09  170.80  340.75
2019/07/22 12:00:00   -1.337   0.316  1007.62   5.731   5.627 1.000 1.534e-09  295.86  333.44
2019/07/22 15:00:00    0.115  -1.232  1007.46   5.884   5.674 1.000 1.642e-09  331.69  343.16
2019/07/22 18:00:00   -1.302  -0.353  1007.00   6.143   5.818 1.000 1.917e-09  225.87  340.27
2019/07/22 21:00:00   -1.843   0.214  1007.86   6.215   5.931 0.994 1.999e-09   84.41  341.93
2019/07/23 00:00:00   -2.290  -1.029  1008.70   5.799   5.653 0.997 4.518e-09    4.32  337.47
2019/07/23 03:00:00   -2.443  -2.766  1009.88   5.215   5.067 1.000 6.230e-09    0.00  339.36
2019/07/23 06:00:00   -4.002  -3.654  1011.26   5.051   4.863 1.000 3.866e-09   20.57  339.06
2019/07/23 09:00:00   -5.597  -4.957  1013.09   4.642   4.107 1.000 1.509e-09  143.61  333.53
2019/07/23 12:00:00   -5.676  -6.105  1014.79   4.700   3.488 0.929 3.334e-10  286.40  328.20
2019/07/23 15:00:00   -5.285  -5.636  1014.98   4.624   3.083 0.605 1.449e-10  475.29  309.21
2019/07/23 18:00:00   -5.290  -5.633  1015.33   4.873   3.300 0.906 1.277e-10  331.56  311.78
2019/07/23 21:00:00   -5.452  -5.595  1016.06   5.062   3.437 0.979 4.901e-10   86.90  324.02
2019/07/24 00:00:00   -4.879  -6.017  1015.96   4.910   3.801 0.931 6.305e-10    3.96  310.58
2019/07/24 03:00:00   -3.756  -6.567  1015.68   4.684   3.701 0.996 1.191e-09    0.00  301.19
2019/07/24 06:00:00   -3.736  -6.829  1015.43   4.628   3.559 1.000 1.353e-09   41.15  310.47
2019/07/24 09:00:00   -3.758  -6.281  1015.29   4.809   3.547 1.000 1.034e-08   96.89  331.69
2019/07/24 12:00:00   -2.720  -7.258  1014.56   4.771   3.820 1.000 1.398e-08  192.91  328.40
2019/07/24 15:00:00   -4.424  -7.210  1013.94   4.673   3.796 1.000 3.670e-08  191.65  330.05
2019/07/24 18:00:00   -4.744  -7.486  1013.42   4.682   3.953 1.000 3.030e-08  103.91  333.32
2019/07/24 21:00:00   -5.915  -8.274  1013.65   4.641   3.986 1.000 1.762e-08   27.67  334.34
2019/07/25 00:00:00   -5.890  -8.809  1013.31   4.759   4.100 1.000 6.488e-09    1.16  334.19
2019/07/25 03:00:00   -6.837  -8.802  1012.59   4.729   4.080 0.996 1.717e-08    0.00  334.04
2019/07/25 06:00:00   -7.160  -8.303  1011.98   4.877   4.133 1.000 4.043e-09   17.12  334.50
2019/07/25 09:00:00   -6.763  -8.141  1011.90   4.927   4.008 1.000 1.314e-08  128.40  324.72
2019/07/25 12:00:00   -6.338  -8.668  1011.91   4.900   3.567 1.000 4.777e-08  141.22  330.37
2019/07/25 15:00:00   -6.947  -9.328  1011.95   4.600   3.463 1.000 2.952e-08  110.63  333.00
2019/07/25 18:00:00   -7.811  -8.999  1012.29   4.438   3.411 1.000 9.350e-09   56.66  332.09
2019/07/25 21:00:00   -8.449  -8.888  1013.48   4.438   3.350 1.000 1.536e-08   26.55  331.67
2019/07/26 00:00:00   -8.730  -8.747  1014.19   4.449   3.257 0.987 1.965e-09    1.50  330.24
2019/07/26 03:00:00   -8.806  -8.677  1014.78   4.296   3.024 1.000 1.216e-09    0.00  329.07
2019/07/26 06:00:00   -9.414  -9.475  1015.22   4.151   2.856 1.000 5.735e-09    9.59  329.14
2019/07/26 09:00:00   -9.002 -10.313  1015.77   3.945   2.704 1.000 4.068e-09   41.66  330.09
2019/07/26 12:00:00   -8.989 -10.334  1015.96   3.734   2.541 1.000 1.662e-08   73.32  327.98
2019/07/26 15:00:00   -9.633 -10.299  1016.03   3.629   2.506 1.000 1.114e-08   83.70  327.29
2019/07/26 18:00:00   -8.995 -10.617  1016.12   3.500   2.372 1.000 1.141e-08   73.54  326.69
2019/07/26 21:00:00   -8.250 -11.254  1016.20   3.429   2.187 1.000 5.582e-09   27.52  327.58
2019/07/27 00:00:00   -7.604 -11.543  1015.84   3.543   2.294 1.000 1.005e-08    0.57  326.90
2019/07/27 03:00:00   -7.404 -12.779  1015.26   3.606   2.226 1.000 1.673e-08    0.00  326.68
2019/07/27 06:00:00   -6.971 -13.176  1014.60   3.655   2.135 1.000 8.389e-09    5.83  326.72
2019/07/27 09:00:00   -7.848 -13.013  1014.71   3.888   2.203 1.000 2.548e-08   37.80  328.32
2019/07/27 12:00:00   -8.612 -13.648  1014.97   4.004   2.555 1.000 1.882e-08   70.68  329.58
2019/07/27 15:00:00  -11.324 -11.877  1014.54   4.043   2.602 1.000 1.354e-08  115.96  330.35
2019/07/27 18:00:00  -10.890 -11.120  1014.72   4.090   2.516 1.000 1.084e-08   82.49  331.88
2019/07/27 21:00:00  -11.295 -11.132  1014.73   4.141   2.601 1.000 1.361e-08   21.54  333.27
2019/07/28 00:00:00  -13.062 -10.222  1014.90   4.299   3.097 1.000 1.440e-07    0.57  333.33
2019/07/28 03:00:00  -11.777  -8.809  1015.41   4.599   3.592 1.000 9.949e-09    0.00  336.15
2019/07/28 06:00:00  -10.474  -7.905  1016.48   4.683   3.915 1.000 4.372e-09   17.19  334.29
2019/07/28 09:00:00  -10.397  -8.101  1017.79   4.624   3.757 1.000 6.577e-09   89.11  338.90
2019/07/28 12:00:00  -10.522  -7.251  1019.30   4.756   3.871 1.000 3.771e-09  135.68  337.87
2019/07/28 15:00:00  -10.627  -7.342  1020.39   4.620   3.742 1.000 1.448e-09  142.25  337.03
2019/07/28 18:00:00   -9.478  -8.188  1020.43   4.647   3.698 1.000 8.456e-10  147.68  334.91
2019/07/28 21:00:00   -9.201  -8.458  1020.82   4.634   3.848 1.000 4.162e-09   29.82  337.16
2019/07/29 00:00:00  -10.016  -7.968  1020.15   4.994   4.411 0.999 3.036e-09    0.50  338.80
2019/07/29 03:00:00  -10.792  -7.267  1019.92   5.207   4.796 1.000 1.377e-09    0.00  338.44
2019/07/29 06:00:00  -10.335  -6.335  1020.46   5.511   5.146 1.000 4.326e-10   22.23  340.29
2019/07/29 09:00:00   -9.946  -7.042  1021.38   5.431   5.000 1.000 2.112e-09  117.58  340.79
2019/07/29 12:00:00  -10.005  -8.290  1021.05   5.206   4.788 1.000 1.627e-09  177.02  341.05
2019/07/29 15:00:00  -10.184  -7.808  1020.86   5.365   4.914 1.000 4.231e-10  202.37  341.26
2019/07/29 18:00:00  -10.430  -8.414  1020.19   5.554   4.794 0.982 4.686e-11  261.91  331.93
2019/07/29 21:00:00  -10.788  -9.161  1020.48   5.997   4.667 0.880 1.382e-10  106.77  309.89
2019/07/30 00:00:00  -11.640  -8.920  1021.15   6.195   5.027 0.918 1.722e-10    1.05  304.63
2019/07/30 03:00:00  -11.795  -8.742  1021.59   5.863   5.175 1.000 2.366e-09    0.00  341.84
2019/07/30 06:00:00  -11.855  -9.328  1022.16   5.542   4.898 1.000 1.923e-09   20.15  337.76
2019/07/30 09:00:00  -12.093  -9.283  1022.80   5.735   4.759 0.760 2.157e-10  176.55  329.35
2019/07/30 12:00:00  -12.029  -8.939  1023.15   6.412   4.891 0.741 1.039e-09  422.63  309.63
2019/07/30 15:00:00  -11.826  -7.527  1023.91   6.490   4.961 0.659 6.138e-10  515.92  301.82
2019/07/30 18:00:00  -11.103  -6.991  1024.36   6.586   5.074 0.580 7.099e-10  303.29  309.63
2019/07/30 21:00:00  -10.592  -6.792  1025.09   6.569   5.169 0.881 4.318e-11  116.89  312.63
2019/07/31 00:00:00   -9.603  -6.487  1025.77   6.395   5.233 0.940 0.000e+00    0.85  294.65
2019/07/31 03:00:00   -9.576  -6.049  1025.80   6.286   5.260 0.958 1.414e-11    0.00  283.32
2019/07/31 06:00:00   -9.373  -5.479  1025.64   6.223   5.382 0.962 1.017e-11   44.17  285.90
2019/07/31 09:00:00   -9.357  -4.498  1026.04   6.233   5.548 1.000 2.315e-09  141.51  341.07
2019/07/31 12:00:00   -9.165  -4.302  1025.92   5.738   5.199 1.000 1.658e-09  280.20  337.16
2019/07/31 15:00:00   -8.647  -4.055  1025.64   5.585   4.970 0.964 1.566e-09  399.42  335.39
2019/07/31 18:00:00   -8.253  -4.182  1025.12   5.487   4.830 0.962 1.574e-09  266.69  326.97
2019/07/31 21:00:00   -7.952  -4.114  1025.22   5.492   4.766 0.977 1.368e-09   90.26  323.32
2019/08/01 00:00:00   -7.905  -2.636  1024.88   5.482   4.624 0.983 2.170e-09    0.32  319.30
2019/08/01 03:00:00   -6.569  -3.021  1024.69   5.542   4.506 0.678 1.928e-09    0.00  304.12
2019/08/01 06:00:00   -6.497  -4.208  1024.30   5.486   4.412 0.292 9.790e-10   41.96  294.52
2019/08/01 09:00:00   -6.845  -3.652  1024.37   5.552   4.385 0.036 8.260e-11  289.76  268.61
2019/08/01 12:00:00   -6.542  -2.329  1024.50   6.252   5.202 0.305 0.000e+00  573.40  261.85
2019/08/01 15:00:00   -5.644  -0.867  1024.40   6.446   5.545 0.430 0.000e+00  603.26  275.54
2019/08/01 18:00:00   -4.820  -1.608  1024.04   6.309   5.560 0.434 1.590e-10  393.61  285.48
2019/08/01 21:00:00   -4.581  -0.959  1024.10   6.099   5.424 0.560 3.832e-10  124.71  295.90
2019/08/02 00:00:00   -3.285   0.042  1024.08   5.754   5.221 0.562 1.064e-09    0.17  302.94
2019/08/02 03:00:00   -2.711  -0.298  1023.88   5.451   4.967 0.568 6.518e-10    0.00  314.08
2019/08/02 06:00:00   -2.427  -0.561  1023.66   5.003   4.666 0.996 2.256e-09   28.88  327.32
2019/08/02 09:00:00   -2.066   0.680  1023.79   4.564   4.234 1.000 7.793e-10  151.24  330.17
2019/08/02 12:00:00   -0.399  -1.031  1023.98   4.923   4.473 1.000 1.922e-09  332.26  326.38
2019/08/02 15:00:00   -0.445  -0.318  1023.82   4.911   4.246 1.000 2.871e-09  367.04  330.79
2019/08/02 18:00:00    0.718  -0.664  1023.55   4.768   4.095 0.998 1.032e-09  251.69  333.74
2019/08/02 21:00:00    0.264   0.521  1023.18   4.531   3.926 1.000 9.247e-10   65.18  334.54
2019/08/03 00:00:00    2.379   0.680  1022.76   4.618   4.139 1.000 1.804e-09    0.03  328.04
2019/08/03 03:00:00    2.478   0.494  1022.20   3.877   3.380 1.000 2.219e-09    0.00  328.42
2019/08/03 06:00:00    2.610   1.191  1021.80   3.276   2.750 1.000 1.541e-09   19.84  325.04
2019/08/03 09:00:00    3.050   1.301  1021.55   3.059   2.402 1.000 6.572e-10  149.66  325.50
2019/08/03 12:00:00    3.445   0.955  1021.31   3.374   2.752 1.000 8.284e-10  298.58  320.72
2019/08/03 15:00:00    2.899   0.655  1020.81   3.483   2.623 0.985 2.986e-10  387.23  311.62
2019/08/03 18:00:00    2.440   1.661  1020.46   3.841   2.819 0.995 1.334e-10  297.47  308.49
2019/08/03 21:00:00    2.631   1.579  1020.41   3.933   3.192 1.000 1.201e-10   89.38  317.90
2019/08/04 00:00:00    2.341   1.086  1020.96   3.422   3.225 1.000 8.778e-10    0.01  328.07
2019/08/04 03:00:00    0.722   0.694  1021.09   3.193   3.028 1.000 1.213e-09    0.00  325.86
2019/08/04 06:00:00    0.050  -0.493  1021.74   3.218   2.923 1.000 3.130e-09   17.91  323.93
2019/08/04 09:00:00   -2.461  -2.701  1022.02   3.725   3.069 1.000 8.042e-10  128.68  321.34
2019/08/04 12:00:00   -3.267  -4.555  1022.22   4.287   3.577 1.000 1.116e-09  245.47  329.66
2019/08/04 15:00:00   -4.858  -4.042  1021.97   4.668   3.460 1.000 7.769e-10  343.43  324.22
2019/08/04 18:00:00   -4.624  -3.515  1021.02   4.663   3.794 0.944 1.907e-10  245.07  319.84
2019/08/04 21:00:00   -3.383  -3.508  1020.48   4.730   3.958 0.971 1.055e-09   65.56  327.84
2019/08/05 00:00:00   -2.306  -3.113  1019.39   4.582   4.083 0.997 1.929e-09    0.00  331.11
2019/08/05 03:00:00   -1.485  -2.900  1018.17   4.281   3.912 1.000 4.313e-09    0.00  334.47
2019/08/05 06:00:00   -1.692  -2.049  1017.72   4.238   3.823 0.999 2.274e-09   15.35  333.03
2019/08/05 09:00:00   -1.487  -2.224  1017.49   4.384   3.952 0.999 1.216e-09  138.54  331.08
2019/08/05 12:00:00   -2.421  -2.158  1017.06   4.255   3.756 1.000 5.390e-10  358.03  321.99
2019/08/05 15:00:00   -2.664  -3.026  1017.66   3.778   3.471 0.978 3.160e-10  388.13  321.03
2019/08/05 18:00:00   -3.152  -3.842  1017.78   2.983   2.879 0.996 2.560e-10  237.43  323.30
2019/08/05 21:00:00   -5.025  -3.763  1018.40   3.340   3.165 1.000 1.161e-09   67.43  325.11
2019/08/06 00:00:00   -5.885  -3.668  1019.00   4.852   4.140 1.000 2.967e-10    0.00  332.39
2019/08/06 03:00:00   -5.500  -4.267  1019.48   4.655   4.048 0.997 1.188e-10    0.00  329.83
2019/08/06 06:00:00   -5.254  -4.671  1019.91   4.546   3.628 0.977 3.537e-10   15.81  326.44
2019/08/06 09:00:00   -5.484  -4.852  1020.62   4.121   3.176 0.943 8.830e-11  228.12  290.55
2019/08/06 12:00:00   -5.257  -5.637  1020.87   3.899   3.399 1.000 1.448e-10  375.30  310.51
2019/08/06 15:00:00   -4.476  -5.029  1021.21   4.094   3.357 0.999 4.584e-10  347.45  320.57
2019/08/06 18:00:00   -3.034  -4.757  1020.58   4.217   3.437 0.965 2.265e-10  239.46  317.40
2019/08/06 21:00:00   -3.059  -4.877  1020.67   4.245   3.369 0.726 1.414e-11   94.59  297.39
2019/08/07 00:00:00   -3.097  -5.119  1020.25   4.313   3.241 0.133 0.000e+00    0.00  282.67
2019/08/07 03:00:00   -2.572  -4.769  1019.71   4.244   2.332 0.197 0.000e+00    0.00  284.66
2019/08/07 06:00:00   -1.753  -3.473  1019.55   4.176   2.114 0.473 0.000e+00   25.84  292.43
2019/08/07 09:00:00   -0.780  -2.824  1019.85   4.224   1.939 0.574 0.000e+00  234.71  285.40
2019/08/07 12:00:00   -0.611  -3.928  1019.76   4.451   3.263 0.573 0.000e+00  382.54  294.88
2019/08/07 15:00:00    0.418  -4.279  1019.65   3.998   3.250 0.944 1.925e-10  422.31  294.52
2019/08/07 18:00:00    0.141  -3.845  1019.12   3.621   3.002 0.997 2.159e-11  275.66  292.04
2019/08/07 21:00:00    0.278  -4.618  1019.63   3.495   2.666 1.000 5.229e-10   84.93  315.16
2019/08/08 00:00:00    0.240  -4.312  1019.18   2.080   1.970 0.997 4.123e-10    0.00  312.57
2019/08/08 03:00:00    0.686  -4.268  1018.78   2.237   2.108 1.000 4.679e-10    0.00  316.48
2019/08/08 06:00:00    0.476  -3.288  1018.29   2.635   2.271 1.000 3.364e-10   17.80  316.20
2019/08/08 09:00:00    1.178  -3.765  1018.67   2.754   2.235 1.000 5.192e-10  139.24  317.13
2019/08/08 12:00:00    0.926  -3.942  1018.47   2.178   1.933 1.000 5.735e-10  304.65  317.82
2019/08/08 15:00:00    0.979  -4.643  1018.81   2.675   2.293 1.000 1.483e-10  338.40  318.30
2019/08/08 18:00:00   -0.591  -5.135  1018.80   2.922   2.231 1.000 2.111e-10  241.39  316.47
2019/08/08 21:00:00   -1.425  -5.045  1019.03   3.099   1.996 1.000 7.883e-10   64.82  314.43
2019/08/09 00:00:00    0.397  -5.186  1019.30   2.915   2.073 0.987 3.135e-10    0.00  316.66
2019/08/09 03:00:00   -0.185  -6.191  1019.46   2.985   2.152 1.000 4.253e-10    0.00  318.83
2019/08/09 06:00:00   -1.754  -5.903  1019.27   3.147   1.825 1.000 6.635e-10   14.31  318.01
2019/08/09 09:00:00   -0.763  -6.735  1020.15   3.469   1.725 0.955 1.776e-10  203.58  296.52
2019/08/09 12:00:00   -1.135  -7.219  1020.15   4.137   2.401 0.820 1.935e-10  412.97  304.64
2019/08/09 15:00:00   -1.113  -6.832  1020.46   4.113   2.272 0.432 2.247e-10  566.12  267.67
2019/08/09 18:00:00   -1.164  -6.615  1020.58   4.015   2.123 0.140 2.733e-10  394.16  262.92
2019/08/09 21:00:00   -1.087  -6.552  1020.85   3.881   2.010 0.082 8.423e-12  130.16  251.27
2019/08/10 00:00:00    0.642  -6.903  1020.80   3.953   2.263 0.717 0.000e+00    0.00  258.60
2019/08/10 03:00:00    3.689  -6.107  1019.92   3.547   2.473 0.918 1.801e-10    0.00  276.12
2019/08/10 06:00:00    4.590  -6.164  1019.26   3.501   2.748 0.968 3.993e-10   17.45  296.75
2019/08/10 09:00:00   -2.118  -6.081  1020.14   3.818   2.881 0.981 2.876e-09  150.98  312.84
2019/08/10 12:00:00   -0.595  -5.574  1020.20   4.061   2.278 0.999 7.578e-09  247.67  311.91
2019/08/10 15:00:00    0.617  -5.853  1020.85   4.337   2.413 0.961 3.123e-09  342.25  299.48
2019/08/10 18:00:00    0.667  -6.219  1021.12   4.528   2.601 0.952 1.558e-09  259.61  304.63
2019/08/10 21:00:00    0.719  -7.366  1021.40   4.604   2.715 0.753 1.947e-10   97.35  278.59
2019/08/11 00:00:00    1.237  -8.041  1021.49   4.497   2.813 0.869 1.560e-09    0.00  299.21
