2018/10/13 00:00:00   -9.002  -4.755   985.65   1.156  -1.677 1.000 5.298e-11    0.00  294.01
2018/10/13 03:00:00   -6.136  -3.939   984.20   1.198  -2.013 1.000 1.060e-10    0.00  288.89
2018/10/13 06:00:00   -4.533   0.273   982.63   1.135  -1.893 1.000 7.417e-10    0.00  287.22
2018/10/13 09:00:00   -0.184   2.187   982.35   1.376  -1.275 1.000 2.649e-10    0.18  279.01
2018/10/13 12:00:00    2.662   2.237   981.50   1.259  -0.422 1.000 2.146e-09   73.17  286.83
2018/10/13 15:00:00    1.134   2.965   981.20   1.368  -0.200 1.000 2.031e-09  114.61  278.21
2018/10/13 18:00:00   -0.544   4.786   981.73   1.256  -0.085 1.000 8.300e-10   32.46  279.43
2018/10/13 21:00:00   -0.903   4.972   982.45   1.519   0.209 1.000 5.740e-10    0.00  284.30
2018/10/14 00:00:00   -1.882   4.825   982.79   2.149   0.436 1.000 0.000e+00    0.00  277.90
2018/10/14 03:00:00   -0.773   5.290   982.52   2.197   0.490 0.950 0.000e+00    0.00  256.94
2018/10/14 06:00:00    0.229   5.138   981.75   2.334   0.573 0.902 0.000e+00    0.00  276.38
2018/10/14 09:00:00    0.890   5.004   981.94   2.470   0.558 0.867 0.000e+00    0.06  266.57
2018/10/14 12:00:00    1.152   4.243   982.08   2.740   1.014 0.732 3.267e-10  113.99  290.92
2018/10/14 15:00:00    2.461   3.021   982.07   2.613   1.541 0.886 1.325e-09  127.74  292.08
2018/10/14 18:00:00    1.157   1.827   982.86   2.501   1.662 0.988 4.239e-10   31.61  283.38
2018/10/14 21:00:00    0.879   3.660   984.35   2.652   1.787 0.928 3.002e-10    0.00  293.89
2018/10/15 00:00:00    2.830   3.376   984.88   2.481   1.702 0.976 3.532e-11    0.00  262.13
2018/10/15 03:00:00    2.523   2.008   986.11   2.143   1.498 0.966 7.947e-11    0.00  260.39
2018/10/15 06:00:00    1.071   0.677   986.99   1.721   1.334 0.970 3.620e-10    0.00  266.90
2018/10/15 09:00:00   -1.328  -0.015   988.26   1.795   1.491 0.972 1.413e-10    0.00  261.80
2018/10/15 12:00:00   -2.621  -1.983   988.54   1.706   1.249 0.531 1.413e-10  121.74  265.61
2018/10/15 15:00:00   -4.333  -2.610   988.39   2.085   1.268 0.420 6.164e-09  175.93  275.21
2018/10/15 18:00:00   -5.054  -1.209   987.97   2.404   1.406 0.501 1.004e-08   28.96  283.77
2018/10/15 21:00:00   -5.296  -0.013   988.06   2.671   1.458 0.408 3.276e-09    0.00  269.23
2018/10/16 00:00:00   -6.266  -0.519   987.65   2.675   1.590 0.326 3.532e-10    0.00  251.41
2018/10/16 03:00:00   -6.732  -2.154   986.94   2.546   1.508 0.356 4.327e-10    0.00  259.64
2018/10/16 06:00:00   -6.326  -5.253   986.48   2.286   1.470 0.334 5.298e-11    0.00  261.92
2018/10/16 09:00:00   -5.397  -7.531   986.42   1.695   1.171 1.000 6.623e-10    0.00  298.69
2018/10/16 12:00:00   -6.056  -9.857   986.12   1.571   0.913 1.000 2.278e-09   59.24  311.94
2018/10/16 15:00:00   -5.055  -9.974   986.15   1.778   0.422 1.000 5.122e-10  106.66  292.19
2018/10/16 18:00:00   -3.595  -9.929   986.99   1.777   0.064 1.000 3.894e-09   22.65  276.71
2018/10/16 21:00:00    1.959  -9.005   989.08   1.644   0.054 1.000 6.402e-08    0.00  313.70
2018/10/17 00:00:00    7.104  -6.928   990.03   1.373  -0.509 1.000 5.004e-08    0.00  307.09
2018/10/17 03:00:00    8.248  -4.632   992.27   1.302   0.363 1.000 3.743e-08    0.00  302.80
2018/10/17 06:00:00    7.380  -1.787   994.29   1.316   0.650 1.000 2.498e-08    0.00  301.44
2018/10/17 09:00:00    4.965   1.119   996.96   1.799   0.441 0.976 3.073e-09    0.00  292.10
2018/10/17 12:00:00    2.988   2.681   999.19   1.667   0.334 0.138 1.060e-10  144.59  238.62
2018/10/17 15:00:00   -0.023   3.193  1000.39   1.773   0.365 0.992 7.064e-11  179.91  243.85
2018/10/17 18:00:00   -0.662   3.840  1001.15   1.816  -0.247 1.000 0.000e+00   21.35  272.85
2018/10/17 21:00:00   -2.691   2.610  1002.00   1.775  -0.702 1.000 0.000e+00    0.00  286.02
2018/10/18 00:00:00   -6.764   0.245  1001.02   1.976  -0.790 1.000 1.483e-09    0.00  288.93
2018/10/18 03:00:00   -9.770  -1.584   998.50   2.272  -0.368 1.000 3.246e-08    0.00  307.36
2018/10/18 06:00:00  -12.582  -2.874   995.20   1.648   0.512 1.000 7.027e-08    0.00  314.40
2018/10/18 09:00:00  -12.943  -2.671   992.31   2.124   0.969 1.000 8.698e-08    0.00  316.46
2018/10/18 12:00:00  -10.817  -0.018   989.48   2.883   1.440 1.000 1.131e-07   27.29  321.36
2018/10/18 15:00:00   -9.897  -1.211   986.84   2.944   1.946 1.000 4.811e-08   51.36  321.29
2018/10/18 18:00:00   -8.446  -4.570   984.83   2.515   1.408 1.000 8.550e-08    9.77  315.38
2018/10/18 21:00:00   -9.780  -8.997   983.55   1.608   0.816 1.000 7.377e-08    0.00  317.81
2018/10/19 00:00:00   -9.867  -8.084   982.77   1.069   0.466 1.000 1.557e-08    0.00  318.31
2018/10/19 03:00:00   -8.041  -5.595   981.94   0.943   0.303 1.000 9.095e-09    0.00  304.34
2018/10/19 06:00:00   -4.619  -5.362   982.30   1.048   0.309 1.000 3.179e-09    0.00  308.17
2018/10/19 09:00:00   -3.402  -5.443   984.92   1.102   0.338 1.000 1.528e-09    0.00  317.52
2018/10/19 12:00:00   -2.464  -4.023   987.19   0.848   0.256 1.000 1.978e-09   60.92  309.77
2018/10/19 15:00:00   -3.739  -2.307   989.01   0.686   0.219 1.000 7.347e-09   35.96  317.61
2018/10/19 18:00:00   -5.320   0.083   989.93   0.666   0.265 1.000 3.400e-09    8.13  305.16
2018/10/19 21:00:00   -3.962   2.509   990.00   1.060   0.551 1.000 3.656e-09    0.00  314.25
2018/10/20 00:00:00   -2.504   3.943   989.14   1.725   0.829 1.000 7.488e-09    0.00  311.62
2018/10/20 03:00:00   -3.356   3.234   986.59   1.961   0.534 0.992 6.693e-09    0.00  285.69
2018/10/20 06:00:00   -5.645  -1.850   983.47   1.428   0.202 0.998 2.755e-09    0.00  281.24
2018/10/20 09:00:00   -9.613  -6.649   980.64   0.965   0.225 1.000 5.709e-08    0.00  313.74
2018/10/20 12:00:00   -9.823 -12.055   978.25   0.646  -0.119 1.000 1.011e-07   23.74  313.74
2018/10/20 15:00:00   -9.054 -12.230   977.90   0.138  -1.324 1.000 6.533e-08   28.10  309.85
2018/10/20 18:00:00   -8.404 -11.991   979.09   0.144  -1.625 1.000 4.281e-08    5.06  308.20
2018/10/20 21:00:00   -5.491 -10.378   982.08   0.294  -1.643 1.000 1.879e-08    0.00  301.76
2018/10/21 00:00:00   -3.307  -8.650   985.07   0.219  -2.281 1.000 9.378e-09    0.00  287.24
2018/10/21 03:00:00   -0.638  -2.161   986.96   0.216  -3.146 1.000 4.742e-09    0.00  288.52
2018/10/21 06:00:00    4.497   3.226   989.14   0.477  -2.468 1.000 8.124e-09    0.00  291.68
2018/10/21 09:00:00    3.344   6.433   990.28   1.286  -0.904 0.584 5.298e-10    0.00  276.05
2018/10/21 12:00:00    5.547   6.587   991.21   2.397  -0.127 0.458 2.826e-10  105.56  253.89
2018/10/21 15:00:00    7.316   4.986   992.77   2.327  -0.762 0.379 0.000e+00  155.75  246.98
2018/10/21 18:00:00    4.097   6.189   993.17   2.051  -1.524 0.790 0.000e+00   13.91  257.21
2018/10/21 21:00:00    2.843   4.643   993.49   2.153  -1.439 0.618 2.057e-09    0.00  269.11
2018/10/22 00:00:00    4.695   4.497   993.17   1.253  -1.892 0.642 1.713e-09    0.00  264.25
2018/10/22 03:00:00    4.305   3.536   992.83   1.192  -3.701 0.587 1.325e-10    0.00  277.12
2018/10/22 06:00:00    3.873   2.543   992.55   1.172  -4.207 0.483 7.947e-11    0.00  267.80
2018/10/22 09:00:00    3.580   1.236   994.23   0.925  -4.319 0.642 9.272e-10    0.00  241.88
2018/10/22 12:00:00    4.765   1.068   995.59   0.666  -3.977 0.565 1.978e-09   93.72  248.19
2018/10/22 15:00:00    4.905  -2.737   997.94   0.757  -2.576 0.622 2.472e-10  141.47  240.68
2018/10/22 18:00:00   -1.380  -5.158  1001.83   0.164  -1.896 0.564 4.768e-10   12.43  252.29
2018/10/22 21:00:00   -3.050  -5.754  1005.86  -0.187  -3.182 0.776 1.325e-10    0.00  254.86
2018/10/23 00:00:00   -2.873  -3.740  1009.32  -0.364  -4.728 0.460 3.797e-10    0.00  268.73
2018/10/23 03:00:00   -1.071  -0.566  1010.81  -0.398  -5.065 0.863 0.000e+00    0.00  230.91
2018/10/23 06:00:00   -1.231   1.116  1011.33  -0.460  -6.064 1.000 0.000e+00    0.00  238.81
2018/10/23 09:00:00   -1.819   1.514  1012.21  -0.330  -5.905 0.816 6.181e-11    0.00  251.64
2018/10/23 12:00:00    0.577  -0.919  1012.82  -0.184  -5.235 0.992 5.298e-11   87.90  255.32
2018/10/23 15:00:00   -2.965  -1.802  1012.43  -0.229  -5.793 1.000 0.000e+00  124.27  248.57
2018/10/23 18:00:00   -5.061  -1.322  1011.87  -0.257  -4.883 1.000 0.000e+00    7.61  269.39
2018/10/23 21:00:00   -7.585  -5.989  1010.46   0.077  -3.475 1.000 5.298e-10    0.00  282.64
2018/10/24 00:00:00   -8.744  -8.604  1008.15   0.627  -1.957 1.000 1.128e-08    0.00  293.95
2018/10/24 03:00:00  -10.077  -7.256  1007.38   0.493  -0.885 1.000 5.038e-08    0.00  302.32
2018/10/24 06:00:00   -9.084 -10.148  1011.45  -0.079  -3.415 1.000 6.278e-09    0.00  279.79
2018/10/24 09:00:00   -7.619  -8.466  1015.01   0.297  -5.118 0.892 4.503e-10    0.00  222.55
2018/10/24 12:00:00   -5.317  -5.891  1018.22  -0.140  -3.997 0.956 1.060e-10   92.29  233.88
2018/10/24 15:00:00   -2.327  -3.196  1020.11  -0.318  -5.352 0.300 0.000e+00  158.92  212.17
2018/10/24 18:00:00   -1.294  -1.155  1021.64  -0.333  -5.990 0.526 0.000e+00    9.48  212.28
2018/10/24 21:00:00   -0.569   0.545  1022.46  -0.329  -6.204 0.495 1.060e-10    0.00  221.53
2018/10/25 00:00:00    0.187   0.276  1022.92  -0.575  -7.110 0.109 1.766e-10    0.00  226.40
2018/10/25 03:00:00   -0.021  -0.987  1023.40  -0.608  -6.766 0.168 2.561e-10    0.00  215.32
2018/10/25 06:00:00   -0.810  -2.011  1023.90  -0.599  -6.031 0.157 5.298e-11    0.00  217.02
2018/10/25 09:00:00   -0.342  -1.915  1025.37  -0.561  -5.818 0.574 6.005e-10    0.00  219.74
2018/10/25 12:00:00    1.009  -1.930  1026.56  -0.970  -5.060 0.961 2.155e-09   86.20  234.35
2018/10/25 15:00:00    0.976  -2.381  1027.60  -1.213  -4.571 0.842 8.300e-09  125.10  230.89
2018/10/25 18:00:00    0.806  -1.204  1029.21  -1.228  -5.108 0.659 9.448e-10    6.66  223.39
2018/10/25 21:00:00    0.993  -2.471  1031.01  -1.242  -6.681 0.502 8.830e-11    0.00  220.07
2018/10/26 00:00:00    0.196  -3.157  1032.54  -1.523  -8.450 0.729 2.208e-10    0.00  239.64
2018/10/26 03:00:00    1.126  -3.714  1033.94  -1.348  -9.470 0.237 0.000e+00    0.00  216.47
2018/10/26 06:00:00    0.286  -3.615  1035.94  -1.119  -7.803 0.163 4.415e-11    0.00  220.80
2018/10/26 09:00:00    0.216  -2.456  1038.36  -1.017  -5.276 0.839 1.192e-09    0.00  246.06
2018/10/26 12:00:00    1.134  -1.780  1040.26  -1.200  -6.588 0.996 1.519e-09   74.08  238.14
2018/10/26 15:00:00   -0.001  -1.080  1042.14  -0.953  -6.200 0.483 5.263e-09  115.16  228.33
2018/10/26 18:00:00   -2.746   0.224  1043.19  -0.635  -5.913 0.990 5.378e-09    3.89  246.34
2018/10/26 21:00:00   -4.734   2.174  1044.73  -0.224  -5.972 1.000 8.036e-09    0.00  250.67
2018/10/27 00:00:00   -5.888   4.326  1044.88   0.434  -5.517 1.000 9.537e-10    0.00  279.34
2018/10/27 03:00:00   -6.341   5.730  1043.54   0.571  -4.897 1.000 1.041e-08    0.00  293.10
2018/10/27 06:00:00   -5.639   7.058  1041.51   0.278  -4.202 1.000 3.088e-08    0.00  294.81
2018/10/27 09:00:00   -5.422   7.734  1038.50   0.576  -4.002 1.000 2.107e-08    0.00  293.67
2018/10/27 12:00:00   -6.252   7.586  1034.36   1.144  -3.152 1.000 4.486e-09   22.09  292.28
2018/10/27 15:00:00   -7.799   5.976  1029.15   0.859  -1.777 1.000 5.014e-08   26.44  298.93
2018/10/27 18:00:00   -9.533   4.714  1021.84   0.931   0.136 1.000 1.898e-07    0.47  306.46
2018/10/27 21:00:00   -9.635   6.463  1012.38   1.778   1.492 1.000 1.584e-07    0.00  318.98
2018/10/28 00:00:00    0.080   9.679  1004.00   4.131   3.602 1.000 5.545e-08    0.00  332.79
2018/10/28 03:00:00    4.894   5.618  1000.14   2.421   2.283 1.000 4.415e-09    0.00  325.09
2018/10/28 06:00:00    3.414   3.156   997.51   1.991   1.857 1.000 3.506e-09    0.00  319.18
2018/10/28 09:00:00    3.976   4.200   995.57   1.623   1.510 1.000 1.155e-08    0.00  306.63
2018/10/28 12:00:00    4.787   0.298   993.92   0.173  -0.550 0.912 8.742e-10   32.02  314.11
2018/10/28 15:00:00   -0.040  -3.829   992.13  -0.043  -1.597 1.000 2.296e-10   75.80  280.05
2018/10/28 18:00:00    1.145  -2.002   990.10  -0.165  -1.730 1.000 1.033e-09    1.31  292.11
2018/10/28 21:00:00    1.350  -4.989   989.06  -0.165  -2.128 1.000 1.082e-08    0.00  285.85
2018/10/29 00:00:00    0.967  -4.429   987.19  -0.040  -1.465 1.000 4.882e-08    0.00  287.32
2018/10/29 03:00:00    1.832  -3.543   986.13  -0.213  -1.170 0.990 2.860e-08    0.00  294.70
2018/10/29 06:00:00   -2.469  -3.914   986.20  -0.289  -1.050 0.992 1.983e-08    0.00  297.82
2018/10/29 09:00:00  -13.230  -6.096   988.79  -0.688  -2.286 1.000 5.057e-08    0.00  286.59
2018/10/29 12:00:00  -12.963  -7.709   991.69  -0.999  -3.993 1.000 4.320e-08   18.10  294.74
2018/10/29 15:00:00  -11.730  -5.920   993.30  -1.116  -4.513 0.976 1.197e-08   49.49  281.56
2018/10/29 18:00:00  -11.330  -6.525   995.56  -1.010  -4.420 1.000 7.691e-09    1.06  273.40
2018/10/29 21:00:00  -11.018  -7.043   997.08  -0.969  -3.807 0.992 4.203e-09    0.00  291.34
2018/10/30 00:00:00  -11.491  -6.616   998.74  -0.228  -1.735 0.811 6.658e-09    0.00  298.21
2018/10/30 03:00:00  -11.361  -8.030  1000.01  -0.383  -1.589 0.896 8.760e-09    0.00  291.40
2018/10/30 06:00:00  -11.740  -7.727  1001.10  -0.507  -2.099 0.848 1.104e-09    0.00  289.17
2018/10/30 09:00:00  -11.050  -8.869  1002.06  -0.799  -2.588 0.988 1.721e-08    0.00  286.60
2018/10/30 12:00:00  -12.637  -9.741  1002.84  -0.566  -2.202 1.000 3.126e-08   27.39  303.37
2018/10/30 15:00:00  -10.344  -9.828  1002.89  -0.664  -2.589 1.000 2.799e-09   42.96  294.75
2018/10/30 18:00:00   -9.936 -11.557  1002.59  -0.929  -3.048 1.000 1.155e-08    0.47  291.30
2018/10/30 21:00:00   -7.918 -13.000  1002.28  -1.216  -3.571 1.000 3.337e-08    0.00  285.77
2018/10/31 00:00:00   -5.941 -16.254  1000.48  -1.354  -4.166 1.000 1.003e-07    0.00  293.58
2018/10/31 03:00:00   -9.076 -15.712   996.88  -1.119  -3.274 1.000 1.599e-07    0.00  296.54
2018/10/31 06:00:00  -15.070 -12.017   994.86  -0.350  -1.924 1.000 5.614e-08    0.00  305.85
2018/10/31 09:00:00  -15.401 -12.686   995.83  -0.088  -1.515 1.000 3.300e-08    0.00  307.76
2018/10/31 12:00:00  -15.405 -12.780   997.26  -0.227  -1.773 1.000 6.172e-08    9.20  308.35
2018/10/31 15:00:00  -16.299 -11.652   999.17  -0.398  -2.216 1.000 2.955e-08   31.62  299.24
2018/10/31 18:00:00  -15.933 -11.426  1001.17  -0.519  -2.655 1.000 6.967e-09    0.14  300.96
2018/10/31 21:00:00  -14.979 -11.815  1002.78  -0.565  -2.971 0.998 3.170e-09    0.00  297.02
2018/11/01 00:00:00  -15.973 -11.585  1004.12  -0.589  -2.789 1.000 5.281e-09    0.00  295.39
2018/11/01 03:00:00  -14.564 -10.995  1004.31  -0.566  -2.571 0.990 1.060e-08    0.00  292.49
2018/11/01 06:00:00  -14.059  -9.451  1005.39  -0.578  -2.616 0.998 1.808e-08    0.00  279.77
2018/11/01 09:00:00  -13.133  -8.538  1006.29  -0.350  -3.134 0.998 1.592e-08    0.00  293.20
2018/11/01 12:00:00  -13.063  -7.978  1007.19  -0.119  -2.326 1.000 1.943e-10   39.60  271.47
2018/11/01 15:00:00  -11.393  -6.732  1007.84  -0.025  -2.691 0.877 4.415e-10   80.49  264.57
2018/11/01 18:00:00  -11.770  -6.019  1008.60  -0.164  -2.561 0.880 6.358e-09    0.13  276.32
2018/11/01 21:00:00  -11.835  -5.743  1009.53  -0.292  -2.544 0.976 2.155e-09    0.00  288.56
2018/11/02 00:00:00  -11.459  -4.616  1010.02  -0.105  -4.147 0.982 1.183e-09    0.00  279.84
2018/11/02 03:00:00   -9.968  -4.402  1010.72  -0.095  -4.740 0.984 2.561e-10    0.00  250.62
2018/11/02 06:00:00   -7.489  -3.818  1011.05  -0.172  -4.533 0.994 9.625e-10    0.00  261.47
2018/11/02 09:00:00   -5.029  -3.678  1011.63  -0.048  -3.660 0.932 5.298e-10    0.00  257.43
2018/11/02 12:00:00   -2.863  -1.844  1011.42  -0.220  -2.855 0.908 0.000e+00   54.94  224.48
2018/11/02 15:00:00   -4.349   0.037  1010.73  -0.589  -3.575 0.113 0.000e+00   91.66  228.86
2018/11/02 18:00:00   -7.461  -1.431  1010.76  -0.786  -3.860 0.208 3.885e-10    0.03  238.96
2018/11/02 21:00:00   -8.773  -6.483  1009.88  -0.868  -3.579 0.531 1.589e-10    0.00  219.45
2018/11/03 00:00:00   -9.164  -7.865  1007.74  -1.002  -4.499 0.976 1.192e-09    0.00  273.35
2018/11/03 03:00:00   -5.626  -6.927  1005.32  -1.086  -5.121 0.563 0.000e+00    0.00  220.28
2018/11/03 06:00:00   -2.191  -5.233  1003.20  -1.179  -5.582 0.193 1.678e-10    0.00  256.00
2018/11/03 09:00:00    0.068  -3.971  1001.38  -1.267  -5.091 0.040 0.000e+00    0.00  221.22
2018/11/03 12:00:00    1.376  -4.559   999.27  -0.613  -3.968 0.024 0.000e+00   57.56  214.73
2018/11/03 15:00:00   -0.209  -2.804   997.98  -0.806  -4.713 0.000 0.000e+00   96.59  212.18
2018/11/03 18:00:00   -2.757   0.316   998.27  -1.021  -4.797 0.142 0.000e+00    0.00  208.30
2018/11/03 21:00:00   -1.328   0.883   998.17  -0.996  -4.490 0.000 0.000e+00    0.00  210.93
2018/11/04 00:00:00    1.390   0.039   997.81  -1.265  -5.312 0.000 0.000e+00    0.00  210.24
2018/11/04 03:00:00    0.409  -0.876   997.30  -1.146  -5.117 0.978 0.000e+00    0.00  223.06
2018/11/04 06:00:00   -1.056  -0.415   997.12  -0.919  -4.938 1.000 0.000e+00    0.00  245.77
2018/11/04 09:00:00   -1.361  -1.174   997.66  -0.596  -4.623 1.000 0.000e+00    0.00  233.53
2018/11/04 12:00:00   -2.625  -2.576   997.78  -0.963  -4.456 1.000 0.000e+00   30.58  248.74
2018/11/04 15:00:00   -3.772  -4.060   997.96  -0.791  -3.984 1.000 6.005e-10   43.17  266.92
2018/11/04 18:00:00   -5.741  -5.069   998.69  -0.604  -3.758 1.000 1.340e-08    0.00  285.02
2018/11/04 21:00:00   -9.710  -7.864   998.36  -1.042  -3.003 1.000 5.204e-08    0.00  293.13
2018/11/05 00:00:00  -11.672  -8.045   997.27  -1.343  -3.101 1.000 4.772e-08    0.00  294.87
2018/11/05 03:00:00  -10.791  -7.276   995.63  -1.408  -3.352 1.000 9.396e-08    0.00  290.49
2018/11/05 06:00:00  -12.547  -8.753   994.57  -1.193  -3.032 1.000 4.179e-08    0.00  290.16
2018/11/05 09:00:00  -14.477  -7.049   995.70  -1.047  -3.058 1.000 4.835e-08    0.00  298.48
2018/11/05 12:00:00  -14.961  -6.337   998.03  -0.768  -2.938 1.000 2.049e-08   13.97  292.95
2018/11/05 15:00:00  -11.805  -6.308   998.94  -0.390  -2.712 0.990 2.103e-08   28.46  291.90
2018/11/05 18:00:00  -11.501  -6.556  1000.31  -0.332  -2.536 1.000 1.745e-08    0.00  291.32
2018/11/05 21:00:00  -12.630  -6.900  1002.12  -0.178  -2.849 1.000 2.174e-08    0.00  291.63
2018/11/06 00:00:00  -12.932  -7.227  1003.89  -0.178  -3.141 1.000 2.208e-10    0.00  264.11
2018/11/06 03:00:00  -11.703  -7.685  1004.37  -0.196  -3.831 1.000 1.766e-10    0.00  260.06
2018/11/06 06:00:00  -11.190  -9.298  1004.74  -0.275  -3.667 1.000 3.885e-10    0.00  274.81
2018/11/06 09:00:00  -11.685  -9.648  1004.92  -0.102  -3.064 1.000 5.095e-09    0.00  295.65
2018/11/06 12:00:00  -11.876 -12.054  1005.38   0.274  -2.672 1.000 3.311e-09   15.14  291.27
2018/11/06 15:00:00  -13.759 -13.247  1003.83   0.078  -2.572 1.000 2.402e-09   32.97  282.23
2018/11/06 18:00:00  -12.879 -13.427  1003.19   0.127  -2.466 1.000 3.029e-09    0.00  289.51
2018/11/06 21:00:00  -14.549 -14.399  1002.11   0.064  -2.704 1.000 8.989e-09    0.00  297.18
2018/11/07 00:00:00  -13.497 -14.146  1001.50   0.190  -2.023 1.000 7.576e-09    0.00  302.84
2018/11/07 03:00:00  -14.821 -13.591  1000.35  -0.015  -2.357 1.000 6.534e-09    0.00  300.63
2018/11/07 06:00:00  -16.057 -14.020  1000.64  -0.297  -3.004 1.000 5.130e-09    0.00  295.99
2018/11/07 09:00:00  -15.599 -14.374  1000.75  -0.675  -3.392 1.000 2.006e-08    0.00  300.56
2018/11/07 12:00:00  -16.434 -15.317  1001.29  -0.761  -3.603 1.000 2.042e-08    7.28  300.95
2018/11/07 15:00:00  -17.096 -14.388  1001.13  -0.539  -3.362 1.000 7.259e-09   19.03  292.08
2018/11/07 18:00:00  -16.466 -14.493  1002.10  -0.345  -2.686 1.000 4.556e-08    0.00  302.80
2018/11/07 21:00:00  -15.455 -13.459  1002.93  -0.221  -2.378 0.992 4.058e-08    0.00  302.66
2018/11/08 00:00:00  -14.425 -13.173  1003.61  -0.193  -2.262 0.984 3.828e-08    0.00  304.41
2018/11/08 03:00:00  -13.491 -13.360  1002.43  -0.055  -2.354 1.000 4.144e-08    0.00  304.82
2018/11/08 06:00:00  -14.423 -13.273  1000.56   0.019  -2.000 1.000 3.208e-08    0.00  307.01
2018/11/08 09:00:00  -13.413 -12.153   998.78   0.204  -1.705 1.000 1.823e-08    0.00  311.55
2018/11/08 12:00:00  -14.703 -12.093   995.21   0.140  -1.619 1.000 2.186e-08    4.96  309.93
2018/11/08 15:00:00  -16.598 -11.307   993.15   0.266  -1.367 1.000 2.172e-09   10.54  313.77
2018/11/08 18:00:00  -13.740  -9.536   992.57   0.185  -1.100 1.000 6.617e-08    0.00  313.11
2018/11/08 21:00:00  -14.328  -7.726   992.86   0.653  -0.586 0.998 6.665e-08    0.00  312.23
2018/11/09 00:00:00  -12.375  -6.508   993.72   1.171   0.221 0.896 2.208e-10    0.00  294.18
2018/11/09 03:00:00  -11.695  -7.174   994.39   1.711   0.489 0.946 5.651e-10    0.00  284.98
2018/11/09 06:00:00  -10.862  -9.383   995.24   1.082  -0.089 1.000 1.934e-08    0.00  284.79
2018/11/09 09:00:00  -11.414  -8.942   994.79   1.394   0.438 1.000 1.060e-10    0.00  287.99
2018/11/09 12:00:00  -12.571  -8.340   995.02   1.381   0.475 0.874 1.766e-11   19.18  294.03
2018/11/09 15:00:00  -12.731  -7.711   994.35   1.409   0.421 0.992 1.766e-11   42.35  287.30
2018/11/09 18:00:00  -11.761  -8.136   995.11   1.282   0.318 0.945 7.506e-10    0.00  307.04
2018/11/09 21:00:00  -10.764  -7.463   996.23   1.298   0.261 0.911 3.356e-10    0.00  296.84
2018/11/10 00:00:00   -9.182  -8.586   996.41   1.180   0.386 1.000 1.068e-09    0.00  320.21
2018/11/10 03:00:00   -9.198  -8.985   996.02   1.085   0.295 1.000 6.137e-09    0.00  314.28
2018/11/10 06:00:00   -9.231  -9.836   996.18   0.747  -0.089 1.000 3.170e-09    0.00  311.86
2018/11/10 09:00:00   -9.347 -11.035   995.91   0.216  -0.805 1.000 1.104e-09    0.00  312.78
2018/11/10 12:00:00  -10.323 -11.686   995.58   0.544  -0.893 1.000 2.243e-09   10.19  306.00
2018/11/10 15:00:00  -10.284 -12.701   994.69   0.459  -0.979 1.000 5.916e-09   14.31  313.32
2018/11/10 18:00:00  -11.467 -12.478   995.09   0.663  -0.944 1.000 7.771e-10    0.00  314.88
2018/11/10 21:00:00  -12.401 -12.502   995.69   0.575  -1.158 1.000 4.318e-09    0.00  315.87
2018/11/11 00:00:00  -12.444 -12.483   996.51   0.507  -1.345 0.960 4.945e-10    0.00  287.86
2018/11/11 03:00:00  -13.933 -13.548   996.84   0.199  -1.591 1.000 4.583e-08    0.00  308.06
2018/11/11 06:00:00  -14.339 -13.166   998.48  -0.378  -2.148 1.000 2.505e-08    0.00  303.93
2018/11/11 09:00:00  -12.568 -12.268  1000.84  -0.498  -2.643 1.000 7.373e-09    0.00  296.47
2018/11/11 12:00:00  -12.312 -11.516  1003.92  -0.620  -2.927 1.000 1.508e-08    7.57  301.76
2018/11/11 15:00:00  -12.946 -10.897  1005.66  -0.783  -3.932 1.000 9.342e-09   14.68  299.98
2018/11/11 18:00:00  -13.468 -10.128  1007.82  -0.836  -4.812 1.000 6.375e-09    0.00  299.01
2018/11/11 21:00:00  -13.421  -9.140  1009.39  -0.965  -5.682 0.988 2.914e-10    0.00  271.77
2018/11/12 00:00:00  -12.123  -9.011  1010.07  -1.253  -6.064 0.956 3.532e-11    0.00  239.55
2018/11/12 03:00:00  -10.711  -8.293  1010.23  -1.528  -6.102 0.964 1.060e-10    0.00  245.33
2018/11/12 06:00:00  -10.934  -9.076  1010.15  -1.607  -5.618 0.982 3.329e-09    0.00  262.56
2018/11/12 09:00:00  -11.076 -10.504  1010.16  -1.701  -5.246 1.000 1.483e-09    0.00  269.81
2018/11/12 12:00:00  -10.846 -11.124  1009.62  -1.360  -4.934 1.000 2.843e-09   11.60  277.81
2018/11/12 15:00:00   -9.865 -11.156  1008.24  -1.448  -3.958 1.000 1.167e-08   13.37  297.09
2018/11/12 18:00:00  -10.615 -10.690  1007.30  -1.156  -3.542 1.000 5.634e-09    0.00  301.86
2018/11/12 21:00:00  -10.757  -9.652  1007.02  -1.027  -2.914 1.000 4.592e-09    0.00  304.39
2018/11/13 00:00:00   -9.160 -10.510  1006.71  -0.489  -2.104 1.000 3.221e-08    0.00  303.12
2018/11/13 03:00:00   -8.763 -10.653  1005.26  -0.773  -2.298 1.000 1.260e-08    0.00  298.45
2018/11/13 06:00:00   -9.201 -10.725  1003.97  -0.701  -2.264 1.000 1.399e-08    0.00  302.86
2018/11/13 09:00:00  -11.221 -10.119  1003.47  -0.308  -1.793 1.000 3.641e-08    0.00  306.01
2018/11/13 12:00:00   -9.911  -9.613  1003.69  -0.076  -1.278 1.000 3.682e-08    4.42  306.55
2018/11/13 15:00:00  -10.154  -8.467  1002.96  -0.125  -1.521 1.000 1.868e-08   17.59  304.07
2018/11/13 18:00:00   -8.485  -9.237  1002.67  -0.169  -1.713 1.000 1.325e-08    0.00  303.38
2018/11/13 21:00:00   -8.799  -9.714  1002.72  -0.430  -1.988 1.000 6.464e-09    0.00  300.03
2018/11/14 00:00:00   -8.630  -9.180  1002.42  -0.740  -2.206 1.000 3.091e-10    0.00  289.48
2018/11/14 03:00:00   -7.112  -9.741  1002.04  -0.914  -2.587 1.000 7.594e-10    0.00  292.64
2018/11/14 06:00:00   -6.904 -10.171  1001.78  -0.927  -2.580 1.000 3.170e-09    0.00  295.29
2018/11/14 09:00:00   -8.132  -8.719  1002.17  -0.251  -1.556 1.000 1.907e-09    0.00  301.54
2018/11/14 12:00:00   -8.367  -8.854  1003.04  -0.531  -1.823 1.000 1.262e-08    5.73  296.30
2018/11/14 15:00:00   -8.564  -9.097  1003.06  -0.628  -1.933 1.000 4.352e-08    8.95  304.74
2018/11/14 18:00:00   -9.960  -9.218  1002.67  -0.558  -1.979 0.934 3.373e-09    0.00  295.48
2018/11/14 21:00:00  -10.074  -9.905  1002.53  -0.768  -2.185 0.984 3.497e-08    0.00  303.64
2018/11/15 00:00:00  -10.140  -9.841  1001.99  -0.243  -1.605 0.894 2.940e-08    0.00  300.25
2018/11/15 03:00:00  -10.384  -9.434  1000.49  -0.088  -1.880 0.902 5.386e-10    0.00  293.82
2018/11/15 06:00:00   -9.572 -11.312   999.57  -1.014  -2.773 1.000 5.740e-10    0.00  271.68
2018/11/15 09:00:00   -9.263 -11.375   999.66  -1.148  -3.301 1.000 2.472e-10    0.00  257.76
2018/11/15 12:00:00   -9.119 -11.181  1000.25  -1.452  -4.089 1.000 1.342e-09    7.19  276.05
2018/11/15 15:00:00  -10.184  -9.782   999.89  -1.920  -5.647 1.000 1.766e-10   21.01  283.24
2018/11/15 18:00:00  -11.126  -9.843  1000.37  -2.545  -6.193 1.000 1.413e-10    0.00  264.14
2018/11/15 21:00:00  -11.538  -8.604  1002.32  -2.164  -6.164 1.000 1.210e-09    0.00  269.24
2018/11/16 00:00:00  -10.586  -7.698  1003.63  -2.398  -6.402 1.000 6.534e-10    0.00  266.27
2018/11/16 03:00:00  -10.554  -7.294  1004.49  -2.345  -6.747 0.917 0.000e+00    0.00  248.84
2018/11/16 06:00:00   -9.763  -6.994  1006.86  -1.676  -6.035 0.899 3.532e-11    0.00  243.76
2018/11/16 09:00:00  -11.674  -5.354  1008.34  -1.145  -4.736 0.967 2.208e-10    0.00  279.32
2018/11/16 12:00:00  -12.578  -7.510  1009.34  -0.331  -3.249 1.000 2.119e-10    5.49  294.00
2018/11/16 15:00:00  -13.982  -8.427  1009.28  -0.248  -2.854 1.000 3.497e-09   11.26  302.11
2018/11/16 18:00:00  -15.467  -9.442  1005.65  -0.130  -2.001 1.000 2.312e-08    0.00  299.93
2018/11/16 21:00:00  -17.150  -9.981  1003.52   0.619  -0.567 1.000 2.233e-07    0.00  307.31
2018/11/17 00:00:00  -15.197  -8.484  1002.02   0.863   0.278 1.000 1.948e-07    0.00  313.82
2018/11/17 03:00:00  -10.713  -5.887   999.58   2.719   1.287 1.000 2.244e-07    0.00  323.37
2018/11/17 06:00:00   -8.577   0.882   997.44   4.937   3.868 1.000 1.387e-07    0.00  336.31
2018/11/17 09:00:00   -6.121   6.156   997.81   4.662   4.150 1.000 6.398e-08    0.00  342.82
2018/11/17 12:00:00   -9.563   7.746   997.08   4.630   4.181 1.000 4.869e-08    0.83  344.79
2018/11/17 15:00:00   -7.164  10.267   998.44   5.008   4.308 1.000 3.974e-10   11.01  341.46
2018/11/17 18:00:00   -5.633   8.830  1001.05   4.876   4.240 1.000 1.086e-09    0.00  343.77
2018/11/17 21:00:00   -6.902   5.525  1002.47   4.269   3.811 1.000 1.297e-08    0.00  341.59
2018/11/18 00:00:00   -6.322   5.783  1001.63   3.839   3.492 1.000 7.509e-08    0.00  323.60
2018/11/18 03:00:00   -5.641   7.119  1001.69   3.835   2.510 1.000 3.406e-08    0.00  313.35
2018/11/18 06:00:00   -6.350   8.181  1002.29   4.257   2.052 0.472 1.740e-09    0.00  282.39
2018/11/18 09:00:00   -6.106   9.895  1002.47   4.055   2.743 0.664 3.197e-08    0.00  290.08
2018/11/18 12:00:00    3.833   6.835  1005.94   2.285   0.498 0.607 7.506e-10    3.77  306.89
2018/11/18 15:00:00    1.348   7.195  1009.96   1.956  -0.401 0.156 1.766e-10   31.36  248.54
2018/11/18 18:00:00    0.519   6.024  1013.44   2.010  -1.044 0.844 0.000e+00    0.00  251.43
2018/11/18 21:00:00    0.492   5.671  1016.37   2.088  -1.170 0.554 0.000e+00    0.00  271.94
2018/11/19 00:00:00    1.349   4.239  1018.22   1.784  -0.872 0.130 0.000e+00    0.00  235.09
2018/11/19 03:00:00   -1.673   2.965  1019.13   1.154  -0.776 0.438 0.000e+00    0.00  240.06
2018/11/19 06:00:00   -3.451   0.987  1020.05   1.115  -0.720 0.611 0.000e+00    0.00  233.40
2018/11/19 09:00:00   -5.692  -1.490  1020.86   1.702  -0.718 0.890 0.000e+00    0.00  255.09
2018/11/19 12:00:00   -8.293  -5.363  1021.80   1.894   0.221 1.000 2.725e-08    1.25  328.38
2018/11/19 15:00:00   -9.077   0.549  1022.26   3.518   2.625 1.000 5.335e-08    2.84  333.20
2018/11/19 18:00:00   -9.757   2.232  1024.65   3.473   1.902 0.605 7.682e-09    0.00  327.56
2018/11/19 21:00:00   -8.148   0.574  1026.64   2.517   1.439 0.818 2.446e-09    0.00  307.77
2018/11/20 00:00:00   -8.446  -0.557  1027.78   2.569   1.218 0.996 8.830e-12    0.00  291.24
2018/11/20 03:00:00   -8.921  -0.549  1028.34   1.622   1.123 1.000 8.830e-11    0.00  310.14
2018/11/20 06:00:00   -8.436  -2.086  1028.43   1.096   0.953 1.000 5.122e-10    0.00  319.60
2018/11/20 09:00:00   -8.953  -1.842  1028.67   1.125   0.820 0.992 1.589e-10    0.00  309.12
2018/11/20 12:00:00   -7.843  -1.693  1028.56   1.361   0.839 0.863 3.532e-10    2.89  287.64
2018/11/20 15:00:00   -7.721  -0.515  1028.65   1.068   0.610 0.751 7.417e-10   13.25  310.30
2018/11/20 18:00:00   -8.014  -0.785  1028.46   1.235   0.027 0.988 1.236e-10    0.00  300.94
2018/11/20 21:00:00   -7.885   1.235  1028.91   1.820   0.231 1.000 9.466e-09    0.00  320.93
2018/11/21 00:00:00   -7.522   3.737  1028.34   2.434   1.268 0.998 4.397e-09    0.00  314.86
2018/11/21 03:00:00   -5.238   5.484  1027.01   2.649   1.776 1.000 2.905e-09    0.00  314.55
2018/11/21 06:00:00   -3.719   6.160  1026.40   2.609   2.076 0.812 1.183e-09    0.00  310.65
2018/11/21 09:00:00    6.715   2.270  1027.01   1.469   0.832 1.000 8.565e-09    0.00  328.78
2018/11/21 12:00:00    6.787   0.117  1028.52   1.152  -1.968 0.741 1.263e-09    0.95  303.97
2018/11/21 15:00:00    7.898   1.652  1028.78   0.907  -3.322 0.435 0.000e+00   23.26  237.56
2018/11/21 18:00:00    7.447   2.729  1029.72   0.696  -2.420 0.006 0.000e+00    0.00  217.87
2018/11/21 21:00:00    6.478   3.736  1029.19   0.589  -2.331 0.000 0.000e+00    0.00  215.86
2018/11/22 00:00:00    7.405   2.926  1028.70   0.437  -4.120 0.000 0.000e+00    0.00  214.61
2018/11/22 03:00:00    8.867   3.951  1027.46  -0.130  -4.841 0.002 0.000e+00    0.00  206.90
2018/11/22 06:00:00    7.470   2.659  1025.80  -0.267  -3.328 0.002 0.000e+00    0.00  207.93
2018/11/22 09:00:00    8.357   0.691  1025.81   0.021  -6.086 0.004 0.000e+00    0.00  201.97
2018/11/22 12:00:00    5.835  -1.409  1027.48  -0.125  -7.042 0.006 0.000e+00    2.18  196.60
2018/11/22 15:00:00    3.551  -1.650  1027.37  -0.027  -5.751 0.028 0.000e+00   24.91  206.24
2018/11/22 18:00:00    2.199   0.264  1028.23  -0.157  -4.545 0.016 0.000e+00    0.00  204.18
2018/11/22 21:00:00    3.389   0.192  1029.51  -0.304  -3.726 0.048 0.000e+00    0.00  201.69
2018/11/23 00:00:00   -1.648  -2.611  1030.28  -0.769  -4.994 0.008 0.000e+00    0.00  197.21
2018/11/23 03:00:00    0.250   3.907  1029.81  -0.978  -4.668 0.000 0.000e+00    0.00  196.67
2018/11/23 06:00:00    2.740   1.680  1029.44  -1.019  -4.610 0.000 0.000e+00    0.00  199.25
2018/11/23 09:00:00    2.726   1.409  1029.32  -0.904  -4.597 0.000 0.000e+00    0.00  207.55
2018/11/23 12:00:00    2.414   2.547  1030.01  -1.190  -4.526 0.000 0.000e+00    1.33  212.71
2018/11/23 15:00:00    4.340   2.121  1029.33  -0.893  -4.409 0.028 0.000e+00   21.99  208.80
2018/11/23 18:00:00    3.345   1.683  1029.53  -0.655  -4.804 0.024 0.000e+00    0.00  211.11
2018/11/23 21:00:00    2.757   3.476  1029.14  -0.337  -4.645 0.000 0.000e+00    0.00  214.03
2018/11/24 00:00:00    2.705   1.990  1030.28  -0.006  -3.499 0.056 0.000e+00    0.00  227.55
2018/11/24 03:00:00    2.656   2.567  1029.65   0.069  -2.720 0.167 0.000e+00    0.00  240.94
2018/11/24 06:00:00    2.335   2.738  1030.24  -0.006  -2.537 0.138 0.000e+00    0.00  245.95
2018/11/24 09:00:00    1.298   2.046  1030.39  -0.140  -2.221 0.034 0.000e+00    0.00  242.38
2018/11/24 12:00:00    0.885   0.427  1031.33  -0.247  -1.366 0.030 0.000e+00    0.75  234.89
2018/11/24 15:00:00    1.286   2.223  1030.47  -0.185  -0.767 0.059 1.766e-11   16.44  249.25
2018/11/24 18:00:00    2.540   2.357  1030.65  -0.172  -0.396 0.929 1.060e-10    0.00  246.10
2018/11/24 21:00:00    2.742   2.523  1029.63  -0.198  -0.418 0.935 3.532e-10    0.00  291.72
2018/11/25 00:00:00    2.899   2.401  1029.94  -0.225  -0.384 1.000 3.179e-10    0.00  296.73
2018/11/25 03:00:00    2.432   2.900  1028.31  -0.486  -0.688 0.919 4.062e-10    0.00  287.85
2018/11/25 06:00:00    1.368   3.435  1028.31  -0.919  -1.126 1.000 2.296e-10    0.00  286.39
2018/11/25 09:00:00    0.679   2.039  1028.52  -1.445  -1.580 1.000 1.104e-09    0.00  303.13
2018/11/25 12:00:00    0.210   0.632  1028.40  -1.680  -1.919 1.000 1.007e-09    0.22  288.06
2018/11/25 15:00:00   -0.625   0.211  1027.53  -1.634  -1.922 0.990 1.183e-09    8.24  289.72
2018/11/25 18:00:00   -1.174   0.531  1027.15  -1.444  -1.859 0.729 5.740e-10    0.00  270.00
2018/11/25 21:00:00   -1.111  -0.368  1026.24  -1.447  -1.794 0.932 5.651e-10    0.00  275.63
2018/11/26 00:00:00   -1.057   0.175  1024.81  -1.716  -1.960 0.870 9.360e-10    0.00  288.72
2018/11/26 03:00:00   -0.744  -0.056  1023.59  -1.506  -1.877 0.918 8.565e-10    0.00  280.01
2018/11/26 06:00:00   -0.066   1.522  1022.66  -1.129  -1.849 0.940 1.024e-09    0.00  291.39
2018/11/26 09:00:00    0.726   0.669  1021.30  -0.905  -2.064 0.822 1.501e-10    0.00  268.66
2018/11/26 12:00:00    0.377   0.536  1021.21  -1.466  -2.367 0.871 3.444e-10    0.10  272.58
2018/11/26 15:00:00   -0.657   0.655  1020.10  -1.523  -2.254 0.928 2.649e-10    9.09  275.97
2018/11/26 18:00:00   -2.299   1.025  1019.82  -1.364  -2.182 0.870 2.208e-10    0.00  283.82
2018/11/26 21:00:00   -3.601  -1.654  1020.51  -1.245  -2.249 0.992 9.184e-10    0.00  294.99
2018/11/27 00:00:00   -6.126  -4.029  1021.63  -1.504  -2.551 0.996 2.587e-09    0.00  297.50
2018/11/27 03:00:00   -6.794  -4.177  1020.92  -2.804  -4.409 0.990 3.276e-09    0.00  294.49
2018/11/27 06:00:00   -5.528  -5.593  1020.01  -3.430  -5.615 0.992 3.771e-09    0.00  287.94
2018/11/27 09:00:00   -7.290  -6.279  1019.21  -3.308  -5.100 0.992 3.921e-09    0.00  291.45
2018/11/27 12:00:00   -7.914  -7.895  1018.97  -2.404  -3.700 1.000 1.514e-08    0.03  293.31
2018/11/27 15:00:00   -8.073  -9.423  1018.12  -3.058  -4.433 0.990 1.966e-08    4.08  295.77
2018/11/27 18:00:00   -8.958 -10.242  1016.61  -3.400  -4.911 1.000 2.001e-08    0.00  293.82
2018/11/27 21:00:00  -10.321 -11.234  1016.53  -3.743  -5.463 1.000 1.544e-08    0.00  288.14
2018/11/28 00:00:00  -11.194 -11.817  1016.26  -4.528  -6.602 0.992 3.347e-09    0.00  273.07
2018/11/28 03:00:00   -9.974 -11.286  1015.31  -5.100  -7.487 1.000 2.534e-09    0.00  261.27
2018/11/28 06:00:00   -9.606 -11.668  1013.99  -5.570  -8.350 1.000 2.525e-09    0.00  243.36
2018/11/28 09:00:00   -9.974 -12.753  1013.26  -5.641  -8.901 0.962 1.899e-09    0.00  240.15
2018/11/28 12:00:00  -10.974 -12.856  1011.98  -5.584  -8.967 0.982 1.837e-09    0.00  236.47
2018/11/28 15:00:00  -11.136 -12.324  1011.14  -5.957  -9.685 0.954 1.007e-09    8.36  230.65
2018/11/28 18:00:00  -10.807 -11.982  1010.59  -6.512 -10.734 0.664 1.413e-10    0.00  217.77
2018/11/28 21:00:00  -10.619 -11.957  1009.92  -6.693 -11.492 0.798 4.150e-10    0.00  212.56
2018/11/29 00:00:00  -10.469 -12.593  1008.18  -6.971 -12.089 0.431 1.413e-10    0.00  198.26
2018/11/29 03:00:00   -9.530 -12.564  1006.86  -7.291 -12.243 0.347 2.208e-10    0.00  203.38
2018/11/29 06:00:00   -8.756 -13.553  1005.85  -7.497 -12.258 0.700 2.914e-10    0.00  193.87
2018/11/29 09:00:00   -9.090 -13.557  1005.74  -7.736 -12.586 0.497 3.797e-10    0.00  205.08
2018/11/29 12:00:00   -9.274 -13.621  1005.09  -7.526 -12.282 0.807 2.296e-10    0.00  202.93
2018/11/29 15:00:00   -6.432 -13.154  1004.77  -7.659 -12.424 0.731 3.091e-10    7.96  205.19
2018/11/29 18:00:00   -6.903 -12.868  1004.48  -7.562 -12.549 0.533 3.444e-10    0.00  210.58
2018/11/29 21:00:00   -6.252 -13.211  1004.71  -7.352 -12.460 0.499 2.649e-10    0.00  211.74
2018/11/30 00:00:00   -7.296 -13.652  1003.31  -7.243 -12.542 0.960 4.503e-10    0.00  212.97
2018/11/30 03:00:00   -5.247 -11.643  1003.09  -6.770 -12.812 1.000 1.457e-09    0.00  238.81
2018/11/30 06:00:00   -2.771 -11.782  1002.95  -6.247 -12.980 1.000 1.775e-09    0.00  245.06
2018/11/30 09:00:00   -5.059 -13.507  1003.26  -5.675 -11.855 1.000 5.386e-09    0.00  251.86
2018/11/30 12:00:00   -2.380 -11.355  1003.00  -5.429 -12.053 1.000 3.011e-09    0.00  253.04
2018/11/30 15:00:00   -6.069 -11.635  1002.82  -4.744 -10.920 1.000 2.737e-09    5.26  251.10
2018/11/30 18:00:00   -8.831 -11.963  1003.49  -3.993  -9.639 1.000 1.192e-09    0.00  252.45
2018/11/30 21:00:00  -10.260 -12.839  1004.63  -4.018  -9.469 1.000 2.296e-10    0.00  245.91
2018/12/01 00:00:00   -9.280 -12.148  1004.96  -4.130  -9.517 0.988 3.532e-11    0.00  233.28
2018/12/01 03:00:00  -10.236 -11.103  1005.86  -4.245 -10.145 0.976 0.000e+00    0.00  208.74
2018/12/01 06:00:00  -10.296  -8.486  1006.18  -4.157 -10.669 0.918 0.000e+00    0.00  209.38
2018/12/01 09:00:00   -9.754  -6.595  1007.33  -4.001 -10.923 1.000 0.000e+00    0.00  210.55
2018/12/01 12:00:00   -6.510  -5.339  1007.38  -4.240 -10.629 1.000 0.000e+00    0.00  211.87
2018/12/01 15:00:00   -4.019  -4.728  1007.13  -4.355 -10.716 0.970 0.000e+00    5.83  225.52
2018/12/01 18:00:00   -1.172  -2.922  1006.92  -4.583 -10.623 0.944 0.000e+00    0.00  208.51
2018/12/01 21:00:00    0.411  -1.430  1007.17  -4.682 -10.537 0.684 0.000e+00    0.00  221.17
2018/12/02 00:00:00    0.341   0.113  1006.64  -4.300  -9.509 0.249 2.208e-10    0.00  213.04
2018/12/02 03:00:00   -0.328   0.821  1005.89  -4.341  -9.490 0.363 0.000e+00    0.00  190.62
2018/12/02 06:00:00    0.659   0.580  1005.54  -4.377  -9.612 0.719 0.000e+00    0.00  189.15
2018/12/02 09:00:00   -1.011  -1.927  1005.82  -4.992  -8.986 0.486 1.678e-10    0.00  196.88
2018/12/02 12:00:00   -1.911  -3.299  1006.46  -6.475  -8.963 0.888 1.854e-10    0.00  231.58
2018/12/02 15:00:00   -2.117  -3.041  1006.85  -6.306  -8.873 0.815 2.472e-10    4.63  243.06
2018/12/02 18:00:00   -1.957  -2.559  1007.29  -5.785  -9.778 1.000 4.592e-10    0.00  242.40
2018/12/02 21:00:00   -2.386  -3.887  1008.11  -6.357  -8.950 1.000 2.649e-10    0.00  244.85
2018/12/03 00:00:00   -3.504  -3.748  1008.02  -6.801  -8.985 0.960 1.589e-10    0.00  248.32
2018/12/03 03:00:00   -5.002  -1.325  1007.66  -5.069  -9.112 0.998 1.210e-09    0.00  243.08
2018/12/03 06:00:00   -6.247   0.461  1006.94  -4.440  -9.064 1.000 4.548e-09    0.00  255.91
2018/12/03 09:00:00   -7.238   1.508  1006.49  -4.011  -9.023 1.000 3.983e-08    0.00  250.95
2018/12/03 12:00:00   -7.810   0.346  1005.72  -2.719  -6.307 1.000 2.441e-08    0.00  278.55
2018/12/03 15:00:00   -6.777  -1.088  1004.11  -2.489  -4.964 1.000 4.011e-08    1.78  283.80
2018/12/03 18:00:00   -5.842  -1.336  1003.43  -2.094  -4.759 0.992 4.750e-08    0.00  277.88
2018/12/03 21:00:00   -7.126   0.122  1003.28  -1.689  -5.570 1.000 2.764e-08    0.00  285.26
2018/12/04 00:00:00   -6.580  -4.617  1004.23  -2.492  -6.090 0.988 2.896e-09    0.00  278.69
2018/12/04 03:00:00   -6.271  -8.175  1005.16  -4.248  -6.680 0.862 8.742e-10    0.00  233.33
2018/12/04 06:00:00   -4.887  -8.410  1006.99  -4.665  -6.619 0.718 3.091e-10    0.00  217.96
2018/12/04 09:00:00   -5.233  -8.103  1008.68  -4.600  -6.498 0.546 1.943e-10    0.00  217.91
2018/12/04 12:00:00   -5.955  -7.155  1010.32  -5.258  -7.079 0.168 1.589e-10    0.00  213.41
2018/12/04 15:00:00   -4.827  -5.879  1011.57  -5.562  -7.388 0.052 1.766e-10    3.45  212.63
2018/12/04 18:00:00   -3.768  -6.618  1012.71  -5.800  -7.646 0.126 7.947e-11    0.00  207.64
2018/12/04 21:00:00   -3.632  -6.548  1013.29  -5.804  -7.774 0.032 0.000e+00    0.00  195.99
2018/12/05 00:00:00   -4.418  -6.660  1013.63  -7.054 -10.385 0.990 0.000e+00    0.00  193.21
2018/12/05 03:00:00   -4.304  -5.609  1012.72  -6.930 -10.389 0.970 7.064e-11    0.00  206.92
2018/12/05 06:00:00   -3.358  -6.929  1012.18  -6.654  -9.659 1.000 1.060e-10    0.00  227.52
2018/12/05 09:00:00   -4.165  -7.136  1011.57  -6.532  -9.339 0.998 1.766e-11    0.00  229.20
2018/12/05 12:00:00   -4.471  -7.213  1011.30  -6.415  -8.828 0.998 0.000e+00    0.00  215.57
2018/12/05 15:00:00   -4.797  -5.771  1009.10  -5.802  -7.664 0.998 0.000e+00    2.58  222.60
2018/12/05 18:00:00   -3.986  -6.621  1007.99  -6.115  -7.874 0.341 0.000e+00    0.00  207.10
2018/12/05 21:00:00   -4.654  -7.032  1006.16  -6.012  -7.734 0.080 0.000e+00    0.00  201.14
2018/12/06 00:00:00   -5.008  -7.978  1005.07  -6.359  -8.174 0.208 0.000e+00    0.00  214.40
2018/12/06 03:00:00   -5.604  -7.426  1002.74  -5.582  -6.972 0.631 0.000e+00    0.00  233.09
2018/12/06 06:00:00   -5.611  -7.374  1001.11  -4.716  -6.360 0.201 0.000e+00    0.00  229.46
2018/12/06 09:00:00   -5.740  -8.860   999.94  -4.764  -6.692 0.625 0.000e+00    0.00  210.39
2018/12/06 12:00:00   -6.482  -9.810   998.88  -4.804  -6.654 0.923 0.000e+00    0.00  217.91
2018/12/06 15:00:00   -6.796 -11.224   996.91  -4.295  -6.283 0.944 2.472e-10    1.46  264.59
2018/12/06 18:00:00   -8.292 -12.025   996.50  -3.983  -5.801 0.984 4.768e-10    0.00  274.33
2018/12/06 21:00:00  -10.330 -12.347   997.55  -3.417  -4.936 0.996 8.742e-10    0.00  244.44
2018/12/07 00:00:00  -10.069 -11.864   998.80  -3.194  -4.876 1.000 3.073e-09    0.00  257.44
2018/12/07 03:00:00   -6.945 -12.036  1000.34  -3.948  -5.699 1.000 9.484e-09    0.00  276.53
2018/12/07 06:00:00   -7.294 -11.803  1001.89  -3.706  -5.775 1.000 6.499e-09    0.00  276.60
2018/12/07 09:00:00   -6.914 -10.459  1003.93  -3.652  -5.763 1.000 3.108e-09    0.00  270.72
2018/12/07 12:00:00   -6.161  -9.828  1005.51  -3.728  -5.698 1.000 2.658e-09    0.00  266.94
2018/12/07 15:00:00   -5.389  -9.431  1006.50  -3.948  -5.958 1.000 3.320e-09    1.10  265.63
2018/12/07 18:00:00   -4.667  -9.289  1006.55  -4.460  -6.415 1.000 2.420e-09    0.00  261.00
2018/12/07 21:00:00   -4.414  -9.302  1007.10  -4.471  -6.129 1.000 1.296e-08    0.00  274.70
2018/12/08 00:00:00   -5.422  -8.804  1006.40  -3.949  -5.288 1.000 5.625e-09    0.00  276.02
2018/12/08 03:00:00   -5.852  -7.761  1005.69  -3.023  -4.621 1.000 2.517e-09    0.00  272.15
2018/12/08 06:00:00   -5.029  -8.252  1006.15  -2.759  -4.540 1.000 2.084e-09    0.00  271.25
2018/12/08 09:00:00   -5.255  -7.392  1006.74  -3.232  -4.772 0.990 1.413e-10    0.00  254.22
2018/12/08 12:00:00   -4.790  -6.926  1007.75  -3.394  -4.868 0.920 0.000e+00    0.00  240.20
2018/12/08 15:00:00   -4.351  -6.441  1008.93  -3.284  -4.680 0.897 0.000e+00    0.86  243.87
2018/12/08 18:00:00   -4.595  -5.602  1010.04  -3.514  -4.853 0.362 0.000e+00    0.00  231.60
2018/12/08 21:00:00   -3.919  -5.049  1011.39  -3.955  -5.177 0.255 0.000e+00    0.00  214.81
2018/12/09 00:00:00   -3.665  -5.244  1012.90  -4.789  -6.157 0.071 0.000e+00    0.00  213.87
2018/12/09 03:00:00   -4.249  -4.541  1013.90  -5.242  -6.293 0.232 0.000e+00    0.00  206.12
2018/12/09 06:00:00   -4.465  -4.544  1014.59  -5.705  -6.252 0.663 1.766e-11    0.00  236.75
2018/12/09 09:00:00   -5.070  -5.015  1015.83  -4.862  -6.069 0.719 3.532e-11    0.00  248.01
2018/12/09 12:00:00   -4.933  -5.523  1017.12  -4.667  -6.030 0.687 2.208e-10    0.00  257.12
2018/12/09 15:00:00   -4.867  -5.831  1017.37  -4.482  -5.804 0.838 4.415e-10    0.41  253.81
2018/12/09 18:00:00   -5.611  -6.131  1017.60  -3.865  -5.349 0.948 1.024e-09    0.00  271.64
2018/12/09 21:00:00   -5.718  -6.140  1017.94  -3.272  -4.992 0.956 1.245e-09    0.00  280.33
2018/12/10 00:00:00   -5.994  -6.723  1017.29  -3.201  -5.099 0.703 6.888e-10    0.00  255.98
2018/12/10 03:00:00   -6.101  -6.183  1015.85  -3.183  -4.965 0.336 1.325e-10    0.00  255.90
2018/12/10 06:00:00   -5.725  -6.148  1015.15  -2.741  -4.904 0.649 6.358e-10    0.00  274.72
2018/12/10 09:00:00   -6.250  -6.087  1013.72  -1.914  -4.273 1.000 0.000e+00    0.00  251.73
2018/12/10 12:00:00   -7.066  -7.869  1012.45  -2.253  -4.460 1.000 1.024e-09    0.00  280.52
2018/12/10 15:00:00   -9.064  -7.414  1008.71  -1.347  -3.345 1.000 3.002e-10    0.18  304.69
2018/12/10 18:00:00  -11.564  -8.861  1004.32  -0.896  -2.793 1.000 6.384e-09    0.00  291.94
2018/12/10 21:00:00  -14.813 -11.929   997.77  -0.716  -2.080 1.000 5.385e-08    0.00  286.59
2018/12/11 00:00:00  -17.201  -9.896   994.79  -1.731  -2.744 1.000 1.751e-07    0.00  298.28
2018/12/11 03:00:00  -12.769  -6.680   995.37   0.005  -0.717 1.000 4.265e-08    0.00  307.64
2018/12/11 06:00:00  -11.800  -9.069   994.59  -0.605  -1.417 1.000 1.143e-08    0.00  302.10
2018/12/11 09:00:00  -14.438 -11.821   991.15  -1.952  -2.831 1.000 4.806e-08    0.00  300.32
2018/12/11 12:00:00  -18.034 -14.686   985.22  -2.053  -3.197 1.000 1.963e-07    0.00  302.91
2018/12/11 15:00:00  -18.068  -5.446   984.34  -0.472  -1.606 1.000 6.432e-08    0.03  308.86
2018/12/11 18:00:00  -12.479  -1.908   985.80   0.703  -0.334 0.960 6.806e-08    0.00  301.60
2018/12/11 21:00:00  -12.457  -1.863   986.57   1.446   0.077 0.998 7.023e-08    0.00  300.74
2018/12/12 00:00:00  -11.409   1.845   986.51   1.807   0.095 0.880 5.406e-08    0.00  303.37
2018/12/12 03:00:00  -11.820   2.654   986.44   1.910   0.329 0.948 2.542e-08    0.00  311.51
2018/12/12 06:00:00  -10.651   3.257   987.09   1.892   0.112 1.000 5.012e-08    0.00  314.07
2018/12/12 09:00:00   -4.759   4.973   989.60   1.521   0.256 1.000 3.921e-09    0.00  302.92
2018/12/12 12:00:00   -4.021   4.129   994.14   1.301   0.035 0.992 3.294e-09    0.00  288.34
2018/12/12 15:00:00   -3.231   4.227   996.41   1.290  -0.151 0.489 2.649e-10    0.08  265.77
2018/12/12 18:00:00   -3.378   4.134   999.14   1.397   0.083 1.000 2.208e-10    0.00  276.88
2018/12/12 21:00:00   -4.677   1.804  1001.06   1.430   0.368 0.984 1.766e-11    0.00  271.80
2018/12/13 00:00:00   -6.539  -0.139  1002.29   1.133   0.093 1.000 1.414e-08    0.00  305.38
2018/12/13 03:00:00   -8.627  -3.376  1000.77   1.168  -0.202 1.000 7.623e-08    0.00  296.06
2018/12/13 06:00:00   -8.876  -4.481   999.31   1.156  -0.252 1.000 0.000e+00    0.00  292.46
2018/12/13 09:00:00   -9.075  -4.658   997.19   1.334  -0.453 1.000 8.300e-10    0.00  301.39
2018/12/13 12:00:00   -9.657  -6.658   995.91   1.056  -0.205 1.000 7.947e-10    0.00  304.66
2018/12/13 15:00:00  -10.501  -6.040   993.47   0.846   0.137 1.000 9.395e-09    0.00  305.78
2018/12/13 18:00:00   -9.919  -6.644   990.78   1.235   0.023 1.000 3.046e-09    0.00  302.74
2018/12/13 21:00:00  -10.031  -7.673   989.81   1.142   0.087 1.000 3.606e-08    0.00  316.23
2018/12/14 00:00:00   -9.844  -6.945   988.32   0.920   0.291 1.000 5.837e-08    0.00  319.28
2018/12/14 03:00:00   -8.993  -6.943   988.25   0.579  -0.280 1.000 3.550e-09    0.00  311.16
2018/12/14 06:00:00   -8.969  -5.480   989.06   0.361  -0.524 0.984 1.104e-09    0.00  299.11
2018/12/14 09:00:00   -9.373  -5.017   990.98   0.183  -0.611 1.000 4.680e-09    0.00  317.88
2018/12/14 12:00:00   -9.966  -4.208   992.18   0.019  -0.945 1.000 4.786e-09    0.00  318.88
2018/12/14 15:00:00   -6.136  -1.704   992.21   0.377  -0.264 1.000 1.061e-08    0.00  317.20
2018/12/14 18:00:00   -5.510  -3.074   991.92   0.293  -0.295 1.000 8.830e-10    0.00  298.37
2018/12/14 21:00:00   -7.892  -5.835   990.58   0.353  -0.254 1.000 3.620e-10    0.00  292.85
2018/12/15 00:00:00   -8.384  -7.753   987.93   0.158  -0.451 1.000 1.148e-10    0.00  306.06
2018/12/15 03:00:00   -8.372  -8.491   986.07   0.272  -0.419 1.000 1.254e-08    0.00  313.64
2018/12/15 06:00:00   -9.317  -8.997   984.18   0.265  -0.622 1.000 4.813e-08    0.00  308.33
2018/12/15 09:00:00   -9.622  -7.089   983.45   0.532  -0.343 0.992 3.583e-08    0.00  306.80
2018/12/15 12:00:00   -9.335  -7.184   984.53   0.670  -0.097 0.686 2.647e-08    0.00  290.23
2018/12/15 15:00:00  -13.516 -10.226   985.37  -0.430  -2.066 0.886 1.279e-08    0.00  277.63
2018/12/15 18:00:00  -13.107  -9.712   987.40  -2.149  -4.073 1.000 9.367e-08    0.00  294.25
2018/12/15 21:00:00  -16.073 -10.034   990.32  -2.722  -5.020 1.000 4.653e-08    0.00  297.33
2018/12/16 00:00:00  -15.583 -10.687   992.70  -3.170  -5.752 1.000 3.265e-08    0.00  291.35
2018/12/16 03:00:00  -14.460 -11.129   994.09  -3.574  -6.157 1.000 3.991e-08    0.00  289.08
2018/12/16 06:00:00  -13.983 -10.533   994.65  -3.315  -5.776 1.000 2.760e-08    0.00  290.42
2018/12/16 09:00:00  -13.471 -10.930   995.45  -3.192  -5.681 1.000 3.391e-09    0.00  292.12
2018/12/16 12:00:00  -12.776 -11.306   995.38  -2.758  -5.208 1.000 9.837e-09    0.00  292.08
2018/12/16 15:00:00  -12.776 -11.994   994.12  -2.917  -5.365 1.000 3.640e-08    0.00  293.43
2018/12/16 18:00:00  -13.015 -13.739   992.88  -2.869  -5.398 1.000 6.619e-08    0.00  291.64
2018/12/16 21:00:00  -13.418 -14.469   992.09  -2.958  -5.258 1.000 9.293e-08    0.00  291.65
2018/12/17 00:00:00  -14.776 -11.943   990.78  -2.759  -4.777 1.000 8.067e-08    0.00  293.94
2018/12/17 03:00:00  -15.540 -10.092   991.08  -2.500  -4.428 1.000 3.926e-08    0.00  294.83
2018/12/17 06:00:00  -14.731  -8.295   992.51  -1.893  -3.739 1.000 7.462e-09    0.00  299.95
2018/12/17 09:00:00  -14.702  -8.472   993.98  -1.434  -3.188 1.000 2.490e-09    0.00  298.20
2018/12/17 12:00:00  -13.587  -8.735   995.84  -1.312  -2.670 1.000 5.651e-10    0.00  297.90
2018/12/17 15:00:00  -13.277 -10.050   995.57  -1.358  -2.743 1.000 6.711e-10    0.00  300.46
2018/12/17 18:00:00  -13.081 -12.147   995.81  -1.298  -2.853 0.998 1.793e-09    0.00  298.87
2018/12/17 21:00:00  -11.976 -12.410   995.91  -1.113  -2.682 1.000 4.503e-10    0.00  298.05
2018/12/18 00:00:00  -11.056 -13.411   994.03  -0.835  -2.604 1.000 5.210e-10    0.00  291.30
2018/12/18 03:00:00  -11.243 -13.553   991.80  -0.452  -2.539 1.000 1.996e-09    0.00  301.05
2018/12/18 06:00:00  -13.116 -15.527   990.29  -0.237  -2.092 1.000 3.955e-08    0.00  300.07
2018/12/18 09:00:00  -13.807 -14.981   989.89  -0.182  -1.878 1.000 7.077e-08    0.00  307.41
2018/12/18 12:00:00  -13.745 -13.094   990.79  -0.203  -1.766 1.000 6.102e-08    0.00  306.85
2018/12/18 15:00:00  -12.579 -12.474   990.52  -0.055  -1.783 0.950 1.256e-08    0.00  307.02
2018/12/18 18:00:00  -11.272 -13.967   990.89   0.122  -1.900 1.000 1.351e-09    0.00  308.90
2018/12/18 21:00:00   -9.126 -16.249   988.86   0.211  -1.630 1.000 3.012e-08    0.00  289.23
2018/12/19 00:00:00   -8.431 -17.772   986.57   0.334  -1.393 1.000 5.408e-08    0.00  309.66
2018/12/19 03:00:00  -10.125 -17.145   986.46   0.513  -1.400 1.000 2.481e-08    0.00  310.80
2018/12/19 06:00:00  -11.615 -14.051   990.71   0.427  -1.247 0.982 2.720e-09    0.00  315.19
2018/12/19 09:00:00  -10.766 -12.007   994.72   0.230  -1.546 0.980 9.272e-10    0.00  297.81
2018/12/19 12:00:00  -10.603 -10.960   997.66   0.443  -1.222 1.000 1.589e-09    0.00  304.38
2018/12/19 15:00:00   -8.222 -12.070   998.54   0.301  -1.153 1.000 1.909e-08    0.00  300.94
2018/12/19 18:00:00   -5.647 -12.405  1000.52   0.323  -1.260 1.000 1.508e-08    0.00  308.50
2018/12/19 21:00:00   -7.497  -9.971  1001.84   0.426  -1.441 1.000 2.372e-08    0.00  311.19
2018/12/20 00:00:00   -8.501  -8.176  1003.90   0.585  -1.145 1.000 1.067e-08    0.00  312.26
2018/12/20 03:00:00   -7.466  -8.044  1005.08   0.500  -1.616 0.996 7.594e-10    0.00  310.40
2018/12/20 06:00:00   -6.326  -7.000  1006.23   0.549  -1.636 0.944 2.914e-10    0.00  301.71
2018/12/20 09:00:00   -4.381  -6.097  1006.92   0.588  -1.537 0.870 1.060e-10    0.00  290.32
2018/12/20 12:00:00   -3.396  -3.500  1007.31   0.042  -1.701 0.970 1.413e-10    0.00  300.05
2018/12/20 15:00:00    0.775  -3.633  1006.38  -0.379  -1.735 0.838 0.000e+00    0.00  258.41
2018/12/20 18:00:00   -0.690  -5.121  1006.07  -0.355  -2.607 0.968 0.000e+00    0.00  296.80
2018/12/20 21:00:00   -4.306  -7.296  1005.32   0.451  -1.167 0.914 3.267e-10    0.00  250.45
2018/12/21 00:00:00   -2.699  -7.521  1005.18  -0.051  -0.954 0.984 2.976e-09    0.00  298.22
2018/12/21 03:00:00   -3.317  -7.058  1004.55  -0.152  -1.156 0.980 3.620e-10    0.00  258.28
2018/12/21 06:00:00   -2.973  -6.307  1004.60  -0.345  -1.449 0.611 0.000e+00    0.00  250.53
2018/12/21 09:00:00   -1.888  -5.451  1005.35  -0.445  -1.492 0.685 8.830e-11    0.00  277.22
2018/12/21 12:00:00   -1.926  -5.208  1006.07  -0.570  -2.072 0.635 3.532e-11    0.00  275.66
2018/12/21 15:00:00   -0.894  -5.246  1006.93  -0.677  -2.260 0.641 0.000e+00    0.00  279.14
2018/12/21 18:00:00   -1.801  -4.537  1008.91  -0.935  -2.579 0.641 2.296e-10    0.00  268.17
2018/12/21 21:00:00   -1.205  -4.499  1010.23  -0.782  -2.141 0.930 7.064e-11    0.00  253.32
2018/12/22 00:00:00   -1.052  -4.636  1011.19  -0.964  -1.650 1.000 3.267e-10    0.00  295.06
2018/12/22 03:00:00   -0.919  -3.571  1012.34  -1.066  -1.792 1.000 1.987e-09    0.00  302.50
2018/12/22 06:00:00    0.765  -2.873  1012.38  -1.246  -1.906 0.972 2.031e-10    0.00  292.19
2018/12/22 09:00:00    1.558  -1.960  1013.12  -1.473  -2.131 0.890 1.060e-10    0.00  279.09
2018/12/22 12:00:00    1.906  -1.315  1013.46  -1.647  -2.310 0.774 1.943e-10    0.00  275.92
2018/12/22 15:00:00    1.759   0.903  1013.69  -1.579  -2.438 0.996 7.064e-10    0.00  285.68
2018/12/22 18:00:00    0.827   3.005  1013.67  -0.830  -1.920 1.000 3.541e-09    0.00  303.07
2018/12/22 21:00:00    2.445   4.347  1013.52   0.357  -0.924 1.000 1.625e-08    0.00  308.76
2018/12/23 00:00:00    2.563   1.496  1012.98  -0.391  -1.306 1.000 4.680e-10    0.00  289.03
2018/12/23 03:00:00    0.386   2.612  1012.94  -0.613  -1.243 1.000 6.720e-09    0.00  296.92
2018/12/23 06:00:00    3.723   2.429  1012.54  -0.267  -1.060 1.000 2.102e-09    0.00  301.65
2018/12/23 09:00:00    2.561   2.497  1011.88  -0.552  -1.083 1.000 1.236e-09    0.00  294.66
2018/12/23 12:00:00    0.189   2.712  1009.85  -0.490  -0.895 1.000 1.727e-08    0.00  301.86
2018/12/23 15:00:00    1.699   2.314  1006.94  -0.422  -0.792 1.000 1.462e-08    0.00  306.35
2018/12/23 18:00:00    6.205   4.994  1004.66   0.183  -0.456 1.000 2.502e-08    0.00  309.72
2018/12/23 21:00:00    7.798   6.351  1003.83   0.759  -0.015 1.000 4.511e-08    0.00  311.32
2018/12/24 00:00:00   10.723  10.494  1001.49   2.081   0.182 1.000 1.646e-08    0.00  316.30
2018/12/24 03:00:00   11.750  10.492   999.60   2.091   0.282 1.000 1.053e-08    0.00  319.18
2018/12/24 06:00:00   12.292  10.614   998.30   2.207   0.433 1.000 2.066e-09    0.00  318.36
2018/12/24 09:00:00   13.080   8.524   999.01   2.477   0.635 1.000 2.464e-09    0.00  319.77
2018/12/24 12:00:00   11.386   8.093  1000.44   1.803   0.326 1.000 2.755e-09    0.00  319.55
2018/12/24 15:00:00   11.374   8.025  1001.35   1.723   0.453 1.000 3.108e-09    0.00  319.75
2018/12/24 18:00:00   11.254   7.969  1003.21   1.721   0.461 1.000 3.691e-09    0.00  322.32
2018/12/24 21:00:00    9.468   8.701  1005.10   1.592   0.116 1.000 3.197e-09    0.00  317.92
2018/12/25 00:00:00    6.145   9.058  1006.29   1.178  -0.484 1.000 5.466e-09    0.00  314.68
2018/12/25 03:00:00    3.031   6.880  1008.21   0.632  -0.990 0.982 4.945e-09    0.00  304.96
2018/12/25 06:00:00    1.365   4.315  1007.33   0.154  -1.174 1.000 4.203e-09    0.00  282.57
2018/12/25 09:00:00   -2.353  -0.367  1006.74  -0.580  -1.442 0.998 7.594e-10    0.00  298.39
2018/12/25 12:00:00   -8.229  -5.929  1005.86  -1.252  -2.036 1.000 7.506e-10    0.00  295.08
2018/12/25 15:00:00   -8.551  -7.828  1002.23  -1.987  -2.838 1.000 2.663e-08    0.00  304.96
2018/12/25 18:00:00   -9.538 -10.099   998.11  -2.031  -3.050 1.000 5.898e-08    0.00  303.02
2018/12/25 21:00:00  -10.662 -11.803   994.07  -2.341  -3.291 1.000 6.386e-08    0.00  304.30
2018/12/26 00:00:00  -12.737 -11.712   990.62  -2.015  -2.930 1.000 8.634e-08    0.00  302.62
2018/12/26 03:00:00  -13.234  -8.979   988.71  -0.364  -1.112 1.000 1.144e-07    0.00  306.59
2018/12/26 06:00:00  -10.200  -4.356   990.12   0.586  -0.657 1.000 1.050e-07    0.00  310.09
2018/12/26 09:00:00   -8.002   1.496   992.29   0.630  -0.878 0.984 1.350e-07    0.00  309.62
2018/12/26 12:00:00   -7.025   3.223   993.38   1.729   0.107 0.558 3.070e-08    0.00  308.72
2018/12/26 15:00:00   -7.217  -1.020   994.25   0.728  -0.482 0.653 2.774e-08    0.00  288.70
2018/12/26 18:00:00   -7.695  -3.971   994.46  -0.374  -1.360 1.000 5.190e-08    0.00  294.17
2018/12/26 21:00:00   -6.761  -2.204   994.93  -0.257  -1.248 1.000 3.573e-08    0.00  306.32
2018/12/27 00:00:00   -7.154  -1.770   994.17   0.571  -0.903 0.952 3.863e-08    0.00  309.77
2018/12/27 03:00:00   -5.567  -0.533   993.44   1.057  -1.054 0.976 3.404e-08    0.00  301.72
2018/12/27 06:00:00   -1.981   0.192   993.92   1.226  -0.445 0.952 1.824e-08    0.00  310.42
2018/12/27 09:00:00   -0.453   2.097   995.72   0.783  -0.570 0.823 8.124e-10    0.00  289.71
2018/12/27 12:00:00   -0.483   2.418   996.67  -0.239  -0.988 0.998 4.327e-10    0.00  285.80
2018/12/27 15:00:00   -4.626   0.546   995.77   0.053  -0.826 0.958 1.625e-08    0.00  293.48
2018/12/27 18:00:00   -8.453  -3.657   994.01   0.268  -0.108 0.976 7.910e-08    0.00  316.96
2018/12/27 21:00:00   -9.403  -2.762   992.88   0.320  -0.178 1.000 6.643e-08    0.00  304.83
2018/12/28 00:00:00   -6.324   1.367   991.94   1.172  -0.815 0.416 1.106e-08    0.00  287.74
2018/12/28 03:00:00   -7.383   1.990   991.46   1.195  -0.818 0.920 2.201e-08    0.00  292.54
2018/12/28 06:00:00   -8.114   2.239   991.02   1.237  -0.539 0.960 5.471e-08    0.00  297.95
2018/12/28 09:00:00   -8.997  -0.162   991.44  -0.280  -1.591 1.000 3.216e-08    0.00  305.07
2018/12/28 12:00:00  -11.326  -4.990   992.59  -0.659  -1.872 1.000 8.044e-08    0.00  288.04
2018/12/28 15:00:00  -14.154  -7.453   994.59  -2.314  -3.458 0.998 7.764e-08    0.00  290.21
2018/12/28 18:00:00  -15.533  -9.113   995.31  -2.282  -3.452 1.000 8.109e-08    0.00  298.51
2018/12/28 21:00:00  -15.581 -11.060   996.92  -2.529  -3.638 1.000 6.090e-08    0.00  296.96
2018/12/29 00:00:00  -14.505 -11.823   998.81  -2.950  -4.476 1.000 4.943e-08    0.00  298.30
2018/12/29 03:00:00  -11.617 -13.144  1000.50  -2.978  -4.438 0.992 4.895e-08    0.00  293.06
2018/12/29 06:00:00   -9.842 -13.389  1003.74  -3.334  -5.004 1.000 2.354e-08    0.00  291.47
2018/12/29 09:00:00   -7.745 -12.047  1008.29  -4.092  -5.958 1.000 7.947e-09    0.00  280.95
2018/12/29 12:00:00   -6.482 -10.074  1011.99  -3.994  -6.309 1.000 1.086e-09    0.00  273.19
2018/12/29 15:00:00   -7.938  -8.321  1014.31  -4.196  -6.660 1.000 6.888e-10    0.03  275.18
2018/12/29 18:00:00  -10.087  -5.293  1015.75  -4.007  -6.520 1.000 1.060e-10    0.00  271.98
2018/12/29 21:00:00   -8.915  -3.677  1016.31  -3.262  -5.882 1.000 1.828e-09    0.00  284.78
2018/12/30 00:00:00   -8.072  -5.941  1015.78  -2.058  -5.499 1.000 3.700e-09    0.00  291.91
2018/12/30 03:00:00   -7.961  -6.780  1013.62  -1.906  -5.271 1.000 2.172e-09    0.00  285.82
2018/12/30 06:00:00   -7.825  -6.134  1011.35  -2.113  -5.287 1.000 7.153e-10    0.00  247.25
2018/12/30 09:00:00   -6.950  -7.553  1010.22  -1.807  -5.000 1.000 4.530e-09    0.00  285.15
2018/12/30 12:00:00   -8.306 -10.332  1007.92  -2.380  -4.736 1.000 2.066e-09    0.00  279.08
2018/12/30 15:00:00  -10.097 -10.708  1004.24  -2.229  -4.360 1.000 5.687e-09    0.08  283.89
2018/12/30 18:00:00  -10.074 -12.355  1002.41  -2.769  -6.127 1.000 9.819e-09    0.00  277.91
2018/12/30 21:00:00   -8.317 -14.197  1001.24  -4.772  -8.256 1.000 1.999e-08    0.00  274.78
2018/12/31 00:00:00   -7.968 -14.966  1001.65  -5.389  -8.859 1.000 1.944e-08    0.00  270.34
2018/12/31 03:00:00   -6.690 -13.948  1005.75  -5.181 -10.370 1.000 7.868e-09    0.00  260.48
2018/12/31 06:00:00   -3.012 -11.277  1011.16  -5.033 -11.216 1.000 5.386e-10    0.00  245.48
2018/12/31 09:00:00   -0.995  -4.611  1016.63  -5.048 -13.314 0.000 0.000e+00    0.00  186.01
2018/12/31 12:00:00    0.535   1.204  1022.17  -4.612 -11.896 0.000 0.000e+00    0.00  192.37
2018/12/31 15:00:00    4.759   4.289  1024.95  -2.281  -8.592 0.795 0.000e+00    0.28  217.62
2018/12/31 18:00:00    3.548   8.666  1027.26  -0.525  -6.445 0.836 8.830e-10    0.00  260.63
2018/12/31 21:00:00    3.782   9.609  1028.55   0.408  -4.457 0.954 7.064e-10    0.00  287.70
2019/01/01 00:00:00    4.323   7.263  1029.68   0.756  -2.284 0.454 1.943e-09    0.00  257.26
2019/01/01 03:00:00    3.986   2.886  1030.31   0.083  -1.649 1.000 1.943e-10    0.00  238.06
2019/01/01 06:00:00    2.876   2.339  1030.38  -0.095  -1.749 1.000 2.119e-10    0.00  242.61
2019/01/01 09:00:00    2.151   4.372  1030.74   0.700  -1.391 1.000 3.868e-09    0.00  271.13
2019/01/01 12:00:00   -0.252   5.239  1030.26   0.639  -2.138 1.000 1.589e-10    0.00  280.23
2019/01/01 15:00:00   -4.968   3.756  1027.30   0.384  -3.166 1.000 1.766e-10    0.33  284.68
2019/01/01 18:00:00   -9.010   1.670  1023.61   0.317  -1.950 1.000 1.436e-08    0.00  304.06
2019/01/01 21:00:00  -10.848   7.883  1017.64   2.319   0.770 1.000 1.388e-07    0.00  320.67
2019/01/02 00:00:00    0.731  12.093  1015.69   3.771   3.002 1.000 3.550e-08    0.00  335.26
2019/01/02 03:00:00    3.139   8.304  1017.70   2.563   1.770 1.000 1.448e-09    0.00  322.42
2019/01/02 06:00:00    0.549   8.761  1017.44   2.688   1.776 1.000 1.748e-09    0.00  325.19
2019/01/02 09:00:00    0.121   7.708  1017.23   2.549   1.826 1.000 1.438e-08    0.00  328.90
2019/01/02 12:00:00    0.102   7.613  1015.64   2.227   1.610 1.000 8.541e-08    0.00  319.91
2019/01/02 15:00:00    0.915   4.810  1013.99   1.513   0.828 1.000 9.939e-08    0.08  324.42
2019/01/02 18:00:00   -3.176   0.446  1012.09   0.997   0.416 1.000 6.973e-08    0.00  324.04
2019/01/02 21:00:00   -4.177   3.551  1009.36   0.734   0.159 1.000 1.743e-07    0.00  326.81
2019/01/03 00:00:00   -5.631   6.302  1004.39   2.685   2.089 1.000 9.132e-08    0.00  332.12
2019/01/03 03:00:00   -6.447   8.116  1000.47   3.157   2.719 1.000 2.076e-07    0.00  335.44
2019/01/03 06:00:00   -9.720   8.968   994.52   3.643   3.108 1.000 2.095e-07    0.00  336.26
2019/01/03 09:00:00   -4.665  10.856   992.89   4.447   3.446 1.000 2.084e-09    0.00  338.10
2019/01/03 12:00:00   -4.889  11.726   992.74   4.449   3.361 1.000 1.996e-08    0.00  333.22
2019/01/03 15:00:00    3.637  11.474   995.54   3.471   2.235 1.000 9.643e-09    0.38  330.48
2019/01/03 18:00:00    3.628   9.497  1000.92   2.945   1.849 1.000 6.252e-09    0.00  328.93
2019/01/03 21:00:00    2.780   9.103  1005.63   2.656   1.340 1.000 1.748e-09    0.00  319.94
2019/01/04 00:00:00    1.262   5.948  1008.11   2.156   0.982 0.998 7.135e-09    0.00  322.87
2019/01/04 03:00:00   -3.855   3.794  1009.13   1.789   0.813 1.000 1.907e-09    0.00  319.23
2019/01/04 06:00:00   -7.944  -0.507  1007.10   1.841   1.002 1.000 2.186e-08    0.00  319.74
2019/01/04 09:00:00  -10.922  -2.076  1004.02   2.113   1.061 1.000 2.438e-07    0.00  326.36
2019/01/04 12:00:00   -5.141   6.868  1003.56   3.432   3.291 1.000 5.994e-08    0.00  336.42
2019/01/04 15:00:00   -1.202   9.860  1004.45   3.343   2.940 1.000 6.508e-09    0.66  330.41
2019/01/04 18:00:00   -0.631   8.551  1005.42   3.145   2.871 1.000 1.906e-08    0.00  337.97
2019/01/04 21:00:00    0.480   7.520  1006.82   3.026   1.691 1.000 1.766e-11    0.00  275.05
2019/01/05 00:00:00   -1.333   6.452  1007.47   2.591   1.301 1.000 5.122e-10    0.00  302.97
2019/01/05 03:00:00   -2.512   4.566  1006.06   1.854   0.925 1.000 1.179e-08    0.00  313.25
2019/01/05 06:00:00   -3.056   4.364  1004.22   1.605   0.554 1.000 3.112e-08    0.00  303.58
2019/01/05 09:00:00    0.466   5.598  1003.08   1.783   0.204 1.000 2.888e-08    0.00  297.45
2019/01/05 12:00:00    8.399   4.917  1004.25   0.931  -1.564 0.810 3.152e-09    0.00  271.28
2019/01/05 15:00:00    8.063   6.919  1005.88   0.420  -3.359 0.122 4.503e-10    2.82  221.47
2019/01/05 18:00:00    8.014   8.299  1007.05   0.018  -4.854 0.435 8.300e-10    0.00  228.96
2019/01/05 21:00:00    7.652   9.647  1006.55  -0.556  -3.725 0.651 1.526e-08    0.00  226.09
2019/01/06 00:00:00    9.762   8.599  1005.76  -0.280  -3.407 0.704 8.106e-09    0.00  238.45
2019/01/06 03:00:00   10.900   6.532  1006.57  -0.235  -4.374 0.222 1.589e-10    0.00  224.46
2019/01/06 06:00:00   10.653   7.253  1007.39   0.045  -5.407 0.062 0.000e+00    0.00  217.59
2019/01/06 09:00:00    9.442   7.752  1007.90   0.191  -4.810 0.554 0.000e+00    0.00  221.53
2019/01/06 12:00:00    7.785   7.344  1009.33   0.313  -4.231 0.086 0.000e+00    0.00  218.96
2019/01/06 15:00:00    6.679   5.399  1009.11   0.220  -3.563 0.118 0.000e+00    3.78  219.48
2019/01/06 18:00:00    4.263   2.776  1008.26   0.061  -3.344 0.080 0.000e+00    0.00  224.56
2019/01/06 21:00:00    3.471   0.781  1007.72  -0.327  -3.382 0.915 0.000e+00    0.00  222.56
2019/01/07 00:00:00    3.891   0.813  1008.41  -1.334  -5.200 0.333 0.000e+00    0.00  216.13
2019/01/07 03:00:00    6.811   3.255  1009.88  -1.701  -6.916 0.356 0.000e+00    0.00  204.55
2019/01/07 06:00:00    7.221   1.016  1011.44  -2.067  -6.579 0.462 0.000e+00    0.00  210.11
2019/01/07 09:00:00    5.170  -2.554  1015.14  -3.180  -7.405 0.309 0.000e+00    0.00  221.80
2019/01/07 12:00:00    3.117  -3.117  1020.11  -4.686  -8.287 0.775 0.000e+00    0.00  223.51
2019/01/07 15:00:00    2.614  -1.355  1022.60  -4.590  -8.893 1.000 0.000e+00    4.24  225.49
2019/01/07 18:00:00    2.300   0.369  1024.42  -3.593  -8.984 0.992 0.000e+00    0.00  226.53
2019/01/07 21:00:00    2.240   1.983  1025.67  -2.509  -8.633 0.984 0.000e+00    0.00  215.48
2019/01/08 00:00:00   -0.304   1.241  1025.66  -2.421  -7.932 0.000 0.000e+00    0.00  206.98
2019/01/08 03:00:00   -0.758   2.222  1026.33  -1.443  -5.783 1.000 0.000e+00    0.00  218.80
2019/01/08 06:00:00   -2.466   1.260  1025.21  -0.860  -3.566 1.000 0.000e+00    0.00  247.52
2019/01/08 09:00:00   -4.941  -0.731  1024.08  -0.397  -2.532 1.000 4.141e-09    0.00  285.52
2019/01/08 12:00:00   -6.935   0.215  1021.68   0.180  -1.043 1.000 4.235e-08    0.00  306.01
2019/01/08 15:00:00   -9.258   1.814  1016.25   0.672   0.098 1.000 6.003e-08    1.44  315.79
2019/01/08 18:00:00   -9.272   1.726  1010.52   1.888   1.251 1.000 1.067e-07    0.00  322.58
2019/01/08 21:00:00    1.778  10.542  1006.44   3.166   3.136 1.000 1.125e-07    0.00  332.81
2019/01/09 00:00:00    1.798  12.499  1003.31   3.492   3.395 1.000 1.038e-07    0.00  335.68
2019/01/09 03:00:00    4.068  12.214  1000.60   3.640   3.285 1.000 3.644e-08    0.00  335.73
2019/01/09 06:00:00    4.964  12.581   996.86   3.848   3.628 1.000 1.505e-07    0.00  336.40
2019/01/09 09:00:00    5.982  13.968   993.56   4.245   3.685 1.000 9.569e-08    0.00  338.72
2019/01/09 12:00:00    8.540  13.947   990.15   4.731   3.780 1.000 1.363e-08    0.00  338.09
2019/01/09 15:00:00   12.121  12.264   989.18   2.878   1.665 1.000 1.307e-09    2.44  328.45
2019/01/09 18:00:00   16.274  10.988   988.42   2.473  -1.467 0.229 1.766e-11    0.00  266.00
2019/01/09 21:00:00   18.961   0.869   992.22  -3.070 -11.298 0.004 0.000e+00    0.00  203.66
2019/01/10 00:00:00   20.590  -2.605   999.63  -4.256 -13.298 0.066 0.000e+00    0.00  174.45
2019/01/10 03:00:00   18.374  -3.841  1004.80  -3.968 -13.906 0.010 0.000e+00    0.00  176.56
2019/01/10 06:00:00   16.641  -4.070  1007.36  -4.175 -13.853 0.000 0.000e+00    0.00  176.87
2019/01/10 09:00:00   14.118  -4.911  1010.22  -4.556 -13.540 0.000 0.000e+00    0.00  177.74
2019/01/10 12:00:00   11.806  -4.454  1012.80  -4.650 -13.399 0.008 0.000e+00    0.00  182.50
2019/01/10 15:00:00    9.626  -5.056  1014.56  -4.628 -13.392 0.032 0.000e+00    9.36  187.85
2019/01/10 18:00:00    4.611  -4.490  1016.53  -4.891 -13.600 1.000 0.000e+00    0.00  209.51
2019/01/10 21:00:00   -2.331  -1.924  1018.51  -4.839 -13.781 1.000 0.000e+00    0.00  268.33
2019/01/11 00:00:00   -7.914  -2.034  1018.03  -3.935 -10.326 1.000 1.536e-08    0.00  281.08
2019/01/11 03:00:00  -11.250  -4.527  1015.90  -2.438  -6.187 1.000 6.683e-08    0.00  286.84
2019/01/11 06:00:00  -13.646 -10.123  1012.56  -3.052  -4.983 1.000 1.339e-07    0.00  289.13
2019/01/11 09:00:00  -14.176 -12.287  1009.19  -2.705  -4.349 1.000 1.459e-07    0.00  293.56
2019/01/11 12:00:00  -13.542 -14.948  1006.66  -4.422  -6.076 1.000 1.237e-07    0.00  289.91
2019/01/11 15:00:00  -10.792 -16.059  1005.17  -5.223  -6.978 1.000 1.126e-07    1.05  286.33
2019/01/11 18:00:00   -8.659 -15.063  1007.01  -5.321  -7.259 1.000 5.755e-08    0.00  283.48
2019/01/11 21:00:00   -7.204 -12.517  1009.78  -4.932  -7.183 1.000 3.488e-09    0.00  263.10
2019/01/12 00:00:00   -7.085 -11.514  1011.48  -5.191  -7.987 1.000 8.124e-10    0.00  262.65
2019/01/12 03:00:00   -8.944  -9.025  1013.29  -5.414  -8.297 0.874 3.656e-09    0.00  275.81
2019/01/12 06:00:00  -10.587  -8.207  1012.63  -5.939  -8.702 1.000 7.038e-09    0.00  273.14
2019/01/12 09:00:00  -11.829  -8.435  1011.45  -6.137  -8.692 1.000 4.062e-09    0.00  273.42
2019/01/12 12:00:00  -11.666 -10.906  1010.18  -6.240  -8.560 1.000 7.965e-09    0.00  275.28
2019/01/12 15:00:00  -12.794 -10.998  1008.85  -6.786  -9.063 1.000 1.219e-08    5.44  270.83
2019/01/12 18:00:00  -12.337 -11.278  1008.89  -7.090  -9.466 1.000 1.199e-08    0.00  261.04
2019/01/12 21:00:00  -12.180 -11.000  1010.32  -7.067  -9.744 1.000 1.379e-08    0.00  262.17
2019/01/13 00:00:00  -11.250  -9.093  1011.46  -7.675 -10.404 1.000 6.905e-09    0.00  251.46
2019/01/13 03:00:00   -8.289  -7.453  1013.74  -7.666 -10.661 1.000 4.654e-09    0.00  258.97
2019/01/13 06:00:00   -5.157  -5.572  1015.94  -7.581 -10.791 1.000 2.420e-09    0.00  251.04
2019/01/13 09:00:00   -3.186  -4.164  1017.09  -7.502 -11.298 1.000 9.007e-10    0.00  253.20
2019/01/13 12:00:00   -2.493  -3.546  1018.43  -8.944 -14.235 1.000 5.122e-10    0.00  251.54
2019/01/13 15:00:00   -1.400  -2.797  1017.80  -8.798 -14.440 1.000 8.830e-10   10.18  239.31
2019/01/13 18:00:00   -2.878  -2.393  1017.00  -8.771 -13.370 0.998 9.360e-10    0.00  216.12
2019/01/13 21:00:00   -3.155  -1.035  1015.90  -8.351 -12.450 1.000 2.826e-10    0.00  199.39
2019/01/14 00:00:00   -5.501  -0.628  1014.47  -7.923 -12.185 0.978 3.620e-10    0.00  201.47
2019/01/14 03:00:00   -5.879   0.880  1012.11  -6.854 -10.464 1.000 3.038e-09    0.00  239.56
2019/01/14 06:00:00   -8.855  -0.731  1009.17  -6.549  -9.193 1.000 1.146e-08    0.00  274.82
2019/01/14 09:00:00  -10.670  -3.800  1007.19  -7.493  -9.422 1.000 1.132e-08    0.00  270.85
2019/01/14 12:00:00  -11.142  -7.949  1005.01  -8.759 -11.112 1.000 6.005e-09    0.00  261.39
2019/01/14 15:00:00  -12.296  -9.350  1001.11  -6.056  -9.145 1.000 2.358e-09    9.09  265.34
2019/01/14 18:00:00  -15.845 -12.328  1000.80  -8.374 -10.819 1.000 6.128e-09    0.00  240.65
2019/01/14 21:00:00  -13.678 -13.457  1002.97  -9.275 -11.584 1.000 5.784e-09    0.00  233.77
2019/01/15 00:00:00  -12.839 -12.644  1004.53 -10.208 -12.738 1.000 5.563e-09    0.00  225.03
2019/01/15 03:00:00  -12.204 -11.801  1005.64 -10.416 -13.144 1.000 4.097e-09    0.00  219.21
2019/01/15 06:00:00  -11.622 -11.257  1006.97 -10.298 -13.383 1.000 4.088e-09    0.00  216.98
2019/01/15 09:00:00  -11.439 -10.823  1008.55  -9.725 -13.333 1.000 3.435e-09    0.00  209.74
2019/01/15 12:00:00  -10.029 -10.416  1010.00  -9.911 -13.667 1.000 2.843e-09    0.00  214.88
2019/01/15 15:00:00   -8.646  -9.673  1011.26  -9.550 -13.719 0.998 3.250e-09   12.82  222.34
2019/01/15 18:00:00   -6.213  -9.705  1013.44 -10.231 -13.906 0.959 2.702e-09    0.00  212.90
2019/01/15 21:00:00   -3.909  -8.842  1015.36 -10.543 -16.268 0.872 2.057e-09    0.00  203.15
2019/01/16 00:00:00   -1.430  -7.817  1017.31  -9.938 -16.687 0.385 1.060e-10    0.00  203.16
2019/01/16 03:00:00   -0.431  -5.283  1017.73  -9.429 -16.480 0.315 0.000e+00    0.00  182.26
2019/01/16 06:00:00    1.392  -4.647  1018.94  -8.957 -14.974 0.317 0.000e+00    0.00  180.84
2019/01/16 09:00:00    0.342  -3.827  1019.71  -8.432 -15.134 0.145 0.000e+00    0.00  182.79
2019/01/16 12:00:00    0.315  -3.368  1020.33  -9.417 -14.638 0.933 0.000e+00    0.00  178.38
2019/01/16 15:00:00   -0.847  -1.756  1020.18  -8.370 -14.195 0.990 0.000e+00   18.42  191.29
2019/01/16 18:00:00   -2.268  -0.550  1019.71  -8.202 -14.794 1.000 0.000e+00    0.00  196.81
2019/01/16 21:00:00   -2.718  -1.285  1019.42  -7.964 -14.546 1.000 0.000e+00    0.00  232.41
2019/01/17 00:00:00   -5.330  -3.293  1018.19  -7.709 -12.845 1.000 1.943e-10    0.00  234.93
2019/01/17 03:00:00   -5.074  -3.231  1016.92  -8.227 -11.314 1.000 5.298e-10    0.00  242.25
2019/01/17 06:00:00   -4.023  -5.844  1015.68  -8.903 -11.040 1.000 3.002e-10    0.00  245.21
2019/01/17 09:00:00   -4.428  -6.179  1014.91  -9.264 -11.098 1.000 1.766e-11    0.00  232.72
2019/01/17 12:00:00   -3.096  -6.571  1014.08 -10.094 -11.572 1.000 6.181e-11    0.00  228.78
2019/01/17 15:00:00   -2.973  -5.505  1012.82 -10.417 -11.710 1.000 1.060e-10   16.94  233.83
2019/01/17 18:00:00   -1.935  -5.937  1012.26 -10.947 -12.036 1.000 1.766e-10    0.00  241.72
2019/01/17 21:00:00   -1.888  -5.860  1012.28 -10.890 -12.001 1.000 1.943e-10    0.00  249.02
2019/01/18 00:00:00   -2.192  -5.035  1012.30 -11.163 -12.276 1.000 1.943e-10    0.00  250.12
2019/01/18 03:00:00   -1.371  -4.923  1012.32 -11.449 -12.554 1.000 2.826e-10    0.00  246.38
2019/01/18 06:00:00   -3.127  -3.978  1011.88 -11.023 -12.055 1.000 2.826e-10    0.00  258.29
2019/01/18 09:00:00   -3.698  -4.248  1011.91 -10.046 -11.022 1.000 6.005e-10    0.00  264.28
2019/01/18 12:00:00   -5.041  -6.216  1012.68  -8.756  -9.707 1.000 2.296e-09    0.00  260.82
2019/01/18 15:00:00   -5.995  -5.307  1011.03  -7.782  -8.809 1.000 1.077e-09   14.95  266.71
2019/01/18 18:00:00   -5.229  -7.398  1009.40  -7.219  -8.176 1.000 7.417e-10    0.00  266.57
2019/01/18 21:00:00   -6.368  -8.932  1006.80  -5.471  -6.778 1.000 4.062e-10    0.00  262.72
2019/01/19 00:00:00   -9.155  -8.334  1002.99  -4.135  -5.784 1.000 1.386e-08    0.00  283.00
2019/01/19 03:00:00  -12.985  -6.656   998.28  -1.621  -2.836 1.000 1.241e-07    0.00  297.17
2019/01/19 06:00:00  -12.308  -4.242   992.70  -1.005  -1.586 1.000 2.108e-07    0.00  306.42
2019/01/19 09:00:00   -3.193   6.236   990.20   1.118   0.302 1.000 8.339e-08    0.00  313.08
2019/01/19 12:00:00    2.898   7.101   991.11   0.562  -1.392 0.960 1.775e-08    0.00  310.94
2019/01/19 15:00:00   -2.175   4.828   991.76  -0.426  -4.182 0.164 1.589e-10   24.26  248.96
2019/01/19 18:00:00   -4.471   6.436   990.99  -0.551  -3.641 0.658 3.744e-09    0.00  236.70
2019/01/19 21:00:00    0.437   6.184   991.65  -0.698  -3.872 0.764 2.031e-10    0.00  232.93
2019/01/20 00:00:00    0.177   4.322   992.40  -1.265  -4.932 0.526 5.740e-10    0.00  224.08
2019/01/20 03:00:00   -1.210   3.861   993.03  -1.534  -5.108 0.894 4.680e-10    0.00  243.00
2019/01/20 06:00:00   -3.636   1.597   992.53  -1.835  -4.679 0.844 1.572e-09    0.00  233.25
2019/01/20 09:00:00   -5.490  -0.737   992.09  -2.023  -4.932 0.740 9.007e-10    0.00  235.80
2019/01/20 12:00:00   -4.615   0.348   991.76  -2.435  -4.501 0.491 5.581e-09    0.03  235.51
2019/01/20 15:00:00    0.801   2.175   991.01  -2.568  -4.155 0.258 6.941e-09   29.12  232.22
2019/01/20 18:00:00   -2.594   0.909   988.85  -3.104  -3.955 1.000 3.532e-11    0.00  216.29
2019/01/20 21:00:00   -6.401  -4.098   984.40  -2.807  -4.180 1.000 4.645e-09    0.00  271.40
2019/01/21 00:00:00  -11.629  -8.516   978.04  -1.959  -3.566 1.000 7.142e-08    0.00  280.77
2019/01/21 03:00:00   -3.541   4.782   975.89  -0.783  -2.941 0.697 6.202e-08    0.00  286.57
2019/01/21 06:00:00   -4.413  -1.743   976.98  -1.779  -4.788 0.722 2.432e-08    0.00  268.33
2019/01/21 09:00:00  -10.862 -10.795   978.98  -5.209  -6.456 0.984 1.427e-08    0.00  258.70
2019/01/21 12:00:00  -13.530 -11.458   980.19  -6.037  -8.489 1.000 3.567e-09    0.11  250.72
2019/01/21 15:00:00  -12.402 -11.232   980.80  -5.093  -8.111 1.000 2.033e-08   12.54  272.20
2019/01/21 18:00:00   -2.871 -10.528   982.55  -4.351  -6.568 1.000 5.889e-08    0.00  278.46
2019/01/21 21:00:00    6.131  -6.669   981.76  -4.260  -7.815 1.000 1.021e-08    0.00  261.44
2019/01/22 00:00:00    3.525  -4.633   983.94  -4.556  -7.829 1.000 4.352e-08    0.00  260.36
2019/01/22 03:00:00    5.672  -4.751   985.59  -4.185  -6.552 1.000 2.038e-08    0.00  264.31
2019/01/22 06:00:00    7.451  -6.274   987.13  -3.963  -5.744 1.000 7.265e-08    0.00  272.80
2019/01/22 09:00:00    4.348 -10.684   989.23  -3.724  -5.667 1.000 7.337e-08    0.00  284.71
2019/01/22 12:00:00   -1.703  -9.883   992.90  -3.866  -5.711 1.000 3.441e-08    0.14  287.82
2019/01/22 15:00:00   -2.158  -9.497   994.14  -3.731  -5.508 0.992 9.122e-09   16.19  279.83
2019/01/22 18:00:00   -2.638  -9.650   995.50  -3.674  -5.546 0.938 8.106e-09    0.00  279.72
2019/01/22 21:00:00   -2.117  -7.066   996.80  -3.246  -5.114 0.765 2.331e-09    0.00  273.33
2019/01/23 00:00:00   -1.077  -5.901   997.72  -3.070  -4.820 0.786 9.625e-10    0.00  273.28
2019/01/23 03:00:00   -0.607  -4.955   998.13  -3.488  -6.185 0.700 1.166e-09    0.00  248.51
2019/01/23 06:00:00    0.260  -4.289   999.81  -3.766  -7.407 0.032 0.000e+00    0.00  207.15
2019/01/23 09:00:00    0.029  -4.600  1002.23  -3.921  -7.572 0.223 1.766e-11    0.00  216.36
2019/01/23 12:00:00   -0.934  -4.695  1005.41  -4.158  -6.369 0.755 2.737e-10    0.76  212.32
2019/01/23 15:00:00   -2.865  -5.876  1006.30  -4.020  -5.503 0.798 1.501e-10   35.59  228.15
2019/01/23 18:00:00   -4.513  -3.880  1007.87  -3.587  -4.446 0.942 4.680e-10    0.00  266.99
2019/01/23 21:00:00   -7.075  -5.301  1008.49  -2.573  -4.153 0.970 2.570e-09    0.00  283.58
2019/01/24 00:00:00   -9.016  -7.536  1007.75  -3.004  -6.187 0.884 1.060e-10    0.00  240.95
2019/01/24 03:00:00   -7.723  -9.407  1006.92  -3.087  -5.217 0.994 3.532e-09    0.00  274.58
2019/01/24 06:00:00   -9.141 -11.577  1004.82  -3.178  -4.688 1.000 8.786e-09    0.00  288.11
2019/01/24 09:00:00   -8.730 -10.810  1003.39  -3.338  -4.810 1.000 3.726e-09    0.00  284.97
2019/01/24 12:00:00   -6.621 -13.036  1003.57  -3.522  -5.013 1.000 5.863e-09    0.67  281.97
2019/01/24 15:00:00   -4.891 -14.073  1001.60  -3.462  -5.082 1.000 3.689e-08   14.96  289.09
2019/01/24 18:00:00  -11.123 -12.700  1000.60  -2.678  -4.172 1.000 9.116e-08    0.00  286.16
2019/01/24 21:00:00  -12.086 -13.568  1002.19  -2.490  -4.178 1.000 7.395e-08    0.00  283.32
2019/01/25 00:00:00  -11.861 -11.260  1004.99  -2.144  -3.973 1.000 2.027e-08    0.00  281.14
2019/01/25 03:00:00  -10.336 -10.558  1007.01  -2.083  -3.861 0.844 9.184e-10    0.00  264.99
2019/01/25 06:00:00  -10.310  -9.226  1009.48  -2.044  -3.759 0.832 1.544e-08    0.00  272.13
2019/01/25 09:00:00  -10.390  -7.300  1012.02  -2.197  -3.774 0.990 1.183e-09    0.00  255.19
2019/01/25 12:00:00   -7.675  -6.704  1014.97  -1.703  -3.327 0.990 0.000e+00    1.76  239.38
2019/01/25 15:00:00   -4.308  -7.171  1016.48  -2.453  -3.656 0.715 0.000e+00   38.50  237.18
2019/01/25 18:00:00   -4.907  -6.292  1018.00  -3.389  -4.468 0.994 0.000e+00    0.00  218.67
2019/01/25 21:00:00   -4.236  -4.376  1018.49  -3.955  -4.834 1.000 3.532e-11    0.00  267.72
2019/01/26 00:00:00   -2.906  -6.009  1019.88  -4.284  -5.362 1.000 1.766e-10    0.00  269.08
2019/01/26 03:00:00   -4.318  -4.193  1020.02  -4.473  -5.645 0.992 8.830e-11    0.00  255.38
2019/01/26 06:00:00   -4.180  -4.636  1020.66  -4.228  -5.465 1.000 2.649e-11    0.00  262.42
2019/01/26 09:00:00   -4.084  -3.197  1021.50  -4.097  -5.413 1.000 0.000e+00    0.00  263.51
2019/01/26 12:00:00   -2.436  -3.523  1021.68  -3.954  -6.030 1.000 8.830e-12    1.95  273.67
2019/01/26 15:00:00   -1.277  -3.096  1020.83  -4.003  -6.220 0.965 1.148e-10   34.94  269.90
2019/01/26 18:00:00   -0.420  -2.378  1018.77  -4.566  -6.079 0.878 3.532e-11    0.00  266.70
2019/01/26 21:00:00    0.967  -2.781  1017.00  -5.208  -6.615 1.000 4.415e-11    0.00  252.12
2019/01/27 00:00:00   -0.862  -3.112  1014.07  -6.276  -7.792 1.000 1.236e-10    0.00  258.74
2019/01/27 03:00:00   -2.908  -1.441  1010.92  -6.320  -7.711 1.000 5.298e-11    0.00  264.15
2019/01/27 06:00:00   -4.662  -1.010  1007.67  -5.239  -6.149 1.000 8.830e-11    0.00  256.08
2019/01/27 09:00:00   -6.282  -2.513  1004.51  -3.715  -4.710 0.751 5.475e-10    0.00  275.46
2019/01/27 12:00:00   -7.666  -1.910  1002.11  -2.496  -4.000 1.000 1.607e-09    2.30  284.72
2019/01/27 15:00:00   -8.214  -1.558   999.82  -1.784  -3.661 1.000 4.468e-09   22.08  286.16
2019/01/27 18:00:00   -9.899  -2.169   998.23  -1.663  -4.030 1.000 6.994e-09    0.00  282.14
2019/01/27 21:00:00  -11.126  -3.125   997.34  -1.415  -4.430 1.000 1.532e-08    0.00  285.05
2019/01/28 00:00:00  -11.414  -4.781   997.45  -2.438  -4.389 1.000 5.189e-08    0.00  290.43
2019/01/28 03:00:00  -10.640  -6.691   997.00  -3.146  -4.314 1.000 6.964e-08    0.00  280.87
2019/01/28 06:00:00  -11.976  -8.306   996.89  -4.045  -5.120 0.984 7.982e-08    0.00  276.21
2019/01/28 09:00:00  -11.992  -9.525   996.83  -4.728  -5.878 0.984 3.785e-08    0.00  278.04
2019/01/28 12:00:00  -12.841  -8.863   997.16  -3.783  -5.463 1.000 8.185e-08    2.01  276.02
2019/01/28 15:00:00  -10.443  -8.093   998.00  -3.979  -5.476 1.000 7.363e-08   24.91  277.19
2019/01/28 18:00:00  -16.589 -10.844  1000.89  -5.896  -8.140 1.000 4.539e-08    0.00  267.70
2019/01/28 21:00:00  -15.340  -9.607  1004.80  -6.853  -9.726 1.000 4.115e-09    0.00  263.62
2019/01/29 00:00:00  -13.054  -9.646  1007.01  -6.802 -10.447 1.000 9.007e-10    0.00  248.14
2019/01/29 03:00:00  -10.514  -9.057  1007.81  -6.198 -10.253 0.909 3.214e-09    0.00  259.07
2019/01/29 06:00:00   -9.674  -9.393  1008.96  -6.783  -9.836 0.964 3.841e-09    0.00  250.72
2019/01/29 09:00:00   -9.482  -8.868  1009.97  -7.108 -10.163 0.976 6.093e-10    0.00  230.24
2019/01/29 12:00:00   -8.950  -8.965  1011.03  -6.451  -9.529 1.000 1.589e-10    5.84  226.26
2019/01/29 15:00:00   -8.314  -7.801  1011.05  -6.743  -9.830 0.992 1.413e-10   51.16  218.07
2019/01/29 18:00:00   -7.770  -6.593  1011.41  -6.574 -10.087 1.000 0.000e+00    0.00  213.85
2019/01/29 21:00:00   -7.887  -6.549  1011.61  -6.412 -10.093 1.000 3.002e-10    0.00  252.12
2019/01/30 00:00:00   -8.379  -5.883  1012.17  -6.302 -10.207 0.992 1.060e-10    0.00  249.43
2019/01/30 03:00:00   -8.485  -6.353  1012.23  -6.509 -10.809 0.974 1.766e-11    0.00  237.18
2019/01/30 06:00:00   -9.261  -6.345  1012.58  -6.918 -11.359 0.929 1.060e-10    0.00  231.35
2019/01/30 09:00:00   -8.924  -6.557  1012.69  -7.053 -11.261 0.982 1.448e-09    0.00  213.82
2019/01/30 12:00:00   -6.320  -9.245  1013.84  -7.296 -10.804 0.315 7.153e-10    7.51  205.68
2019/01/30 15:00:00   -5.158  -9.272  1013.61  -7.861 -11.431 0.263 1.042e-09   56.89  208.08
2019/01/30 18:00:00   -5.047  -8.538  1013.69  -8.054 -12.739 0.030 7.064e-11    0.00  197.28
2019/01/30 21:00:00   -4.981  -7.664  1014.22  -7.781 -13.250 0.172 0.000e+00    0.00  189.61
2019/01/31 00:00:00   -4.722  -7.399  1014.99  -7.248 -12.543 0.728 7.064e-11    0.00  200.20
2019/01/31 03:00:00   -5.310  -5.560  1015.17  -7.187 -11.412 0.947 7.064e-11    0.00  210.03
2019/01/31 06:00:00   -3.935  -5.607  1015.45  -7.164 -11.010 0.773 0.000e+00    0.00  200.16
2019/01/31 09:00:00   -3.072  -6.533  1016.56  -7.176 -10.685 0.894 0.000e+00    0.00  196.23
2019/01/31 12:00:00   -5.098  -5.545  1017.89  -8.757 -11.279 0.874 0.000e+00    9.09  198.25
2019/01/31 15:00:00   -5.076  -5.173  1019.08  -7.974 -10.175 0.711 6.181e-11   58.63  224.01
2019/01/31 18:00:00   -6.100  -5.226  1019.89  -7.720 -10.578 0.815 2.119e-10    0.00  229.55
2019/01/31 21:00:00   -6.765  -5.049  1021.32  -8.008 -11.300 0.894 2.649e-10    0.00  223.32
2019/02/01 00:00:00   -6.346  -3.843  1022.31  -7.975 -12.045 0.188 0.000e+00    0.00  195.82
2019/02/01 03:00:00   -3.772  -3.516  1022.06  -8.057 -12.178 0.092 0.000e+00    0.00  178.95
2019/02/01 06:00:00   -2.558  -4.069  1022.41  -9.137 -11.422 0.325 1.766e-11    0.00  206.36
2019/02/01 09:00:00   -2.164  -4.134  1022.52 -10.612 -11.701 1.000 1.060e-10    0.00  223.94
2019/02/01 12:00:00   -1.171  -3.598  1022.19 -12.308 -13.581 1.000 1.060e-10    9.75  223.33
2019/02/01 15:00:00   -0.539  -2.664  1021.33 -12.560 -13.843 1.000 1.766e-10   63.43  223.76
2019/02/01 18:00:00   -1.376  -1.370  1020.06 -12.482 -13.806 1.000 1.766e-10    0.05  224.28
2019/02/01 21:00:00   -1.865  -0.443  1018.88 -11.495 -13.506 0.751 3.532e-11    0.00  222.50
2019/02/02 00:00:00   -2.923  -1.126  1017.70 -10.153 -12.139 0.920 1.325e-10    0.00  227.80
2019/02/02 03:00:00   -4.584  -1.773  1016.09  -9.712 -11.124 0.984 2.208e-09    0.00  244.66
2019/02/02 06:00:00   -4.847  -1.560  1014.73  -8.489  -9.902 0.992 2.296e-10    0.00  233.47
2019/02/02 09:00:00   -3.807  -0.575  1013.68  -7.239  -8.791 0.882 4.150e-10    0.00  217.11
2019/02/02 12:00:00   -4.122  -0.315  1012.92  -7.635  -8.670 0.567 1.890e-09   12.86  236.12
2019/02/02 15:00:00   -3.578   0.993  1011.69  -6.913  -8.117 0.988 2.331e-09   66.14  245.88
2019/02/02 18:00:00   -3.857  -0.911  1010.35  -7.522  -8.466 0.627 6.181e-11    0.25  209.04
2019/02/02 21:00:00   -5.150  -2.947  1009.71  -8.218  -9.218 0.982 9.007e-10    0.00  242.95
2019/02/03 00:00:00   -6.208  -2.757  1009.12  -8.580 -10.324 1.000 1.501e-10    0.00  231.80
2019/02/03 03:00:00   -5.496  -4.935  1008.63 -10.539 -12.408 0.976 0.000e+00    0.00  197.85
2019/02/03 06:00:00   -6.017  -6.186  1008.43 -10.190 -11.497 1.000 9.713e-11    0.00  232.24
2019/02/03 09:00:00   -7.353  -6.274  1008.10  -8.086  -9.995 1.000 7.064e-11    0.00  237.55
2019/02/03 12:00:00   -8.423  -6.019  1009.04  -7.601 -10.661 0.978 3.532e-11   14.22  231.80
2019/02/03 15:00:00   -6.764  -6.977  1008.50  -8.038 -10.382 1.000 3.974e-10   55.73  244.70
2019/02/03 18:00:00   -7.071  -7.671  1008.15  -7.958 -10.703 1.000 9.448e-10    0.44  264.48
2019/02/03 21:00:00   -7.569  -7.674  1008.67  -7.796 -11.196 1.000 8.300e-09    0.00  273.66
2019/02/04 00:00:00   -7.082  -6.626  1009.16  -6.807  -8.848 1.000 1.715e-08    0.00  268.97
2019/02/04 03:00:00   -6.623  -6.098  1009.67  -5.766  -7.558 0.984 1.541e-08    0.00  268.27
2019/02/04 06:00:00   -6.345  -5.663  1010.90  -4.987  -6.988 0.992 1.235e-08    0.00  265.06
2019/02/04 09:00:00   -6.993  -5.408  1012.10  -4.630  -6.763 0.868 3.753e-09    0.00  253.69
2019/02/04 12:00:00   -6.532  -4.760  1014.16  -5.402  -7.522 0.809 5.828e-10   19.21  227.17
2019/02/04 15:00:00   -5.544  -4.728  1014.88  -5.333  -7.447 0.509 4.239e-10   69.24  245.22
2019/02/04 18:00:00   -5.728  -4.916  1015.25  -5.416  -7.324 0.316 0.000e+00    1.09  246.09
2019/02/04 21:00:00   -6.131  -4.430  1016.03  -4.662  -6.472 0.836 0.000e+00    0.00  216.94
2019/02/05 00:00:00   -7.054  -4.875  1015.73  -5.707  -7.836 0.743 1.060e-10    0.00  215.93
2019/02/05 03:00:00   -7.240  -6.098  1015.31  -6.301  -9.117 0.501 2.208e-10    0.00  228.30
2019/02/05 06:00:00   -8.208  -7.633  1014.31  -6.267  -7.752 1.000 2.826e-10    0.00  232.53
2019/02/05 09:00:00   -8.499  -9.290  1013.55  -6.017  -7.189 1.000 3.532e-10    0.00  265.19
2019/02/05 12:00:00   -8.829 -11.250  1013.41  -5.696  -6.845 1.000 2.472e-10   15.40  260.69
2019/02/05 15:00:00   -9.924 -10.119  1011.66  -5.578  -6.997 1.000 8.830e-11   57.70  261.97
2019/02/05 18:00:00   -9.952 -12.150  1010.58  -5.834  -7.397 1.000 5.475e-10    1.34  264.71
2019/02/05 21:00:00  -10.839 -12.088  1010.07  -6.062  -7.703 1.000 1.448e-09    0.00  263.58
2019/02/06 00:00:00  -10.858 -12.108  1009.10  -5.864  -7.575 1.000 1.042e-09    0.00  263.00
2019/02/06 03:00:00  -12.991 -12.881  1008.35  -5.540  -7.100 1.000 1.068e-09    0.00  253.14
2019/02/06 06:00:00  -11.409 -12.271  1008.30  -5.611  -7.147 1.000 7.329e-10    0.00  252.58
2019/02/06 09:00:00  -11.201 -11.639  1008.83  -5.396  -7.109 1.000 5.298e-10    0.00  246.80
2019/02/06 12:00:00   -9.087 -11.402  1010.63  -5.149  -6.787 0.970 6.446e-10   17.39  250.51
2019/02/06 15:00:00   -7.787 -10.966  1010.87  -5.538  -7.260 0.921 4.415e-10   80.56  242.00
2019/02/06 18:00:00   -7.243 -10.107  1011.03  -5.829  -7.753 0.234 4.768e-10    2.17  235.71
2019/02/06 21:00:00   -6.570  -8.882  1011.53  -6.269  -8.353 0.228 1.501e-10    0.00  211.47
2019/02/07 00:00:00   -4.902  -8.527  1012.08  -7.251  -9.260 0.232 7.064e-11    0.00  205.33
2019/02/07 03:00:00   -4.298  -7.724  1011.87  -8.188 -10.404 0.048 0.000e+00    0.00  194.70
2019/02/07 06:00:00   -4.224  -6.246  1011.46  -8.533 -11.250 0.048 0.000e+00    0.00  189.12
2019/02/07 09:00:00   -4.112  -4.980  1011.37  -8.381 -11.253 0.132 0.000e+00    0.00  195.05
2019/02/07 12:00:00   -3.663  -5.030  1012.13  -8.588 -11.722 0.658 0.000e+00   31.16  189.51
2019/02/07 15:00:00   -4.598  -4.875  1011.62  -8.504 -11.822 0.596 0.000e+00  107.68  191.85
2019/02/07 18:00:00   -4.657  -5.971  1012.42  -9.039 -11.704 0.942 0.000e+00    4.20  199.69
2019/02/07 21:00:00   -5.173  -7.594  1013.00  -9.736 -11.987 0.646 1.589e-10    0.00  202.59
2019/02/08 00:00:00   -5.668  -8.800  1013.83  -9.849 -12.162 0.727 3.179e-10    0.00  215.30
2019/02/08 03:00:00   -6.055  -8.594  1012.99  -9.740 -11.530 0.961 1.166e-09    0.00  234.69
2019/02/08 06:00:00   -6.113  -8.695  1013.05  -9.413 -11.229 0.923 1.130e-09    0.00  251.88
2019/02/08 09:00:00   -6.781  -8.325  1013.16  -9.793 -11.687 0.504 2.208e-10    0.00  205.89
2019/02/08 12:00:00   -6.364  -8.733  1013.91 -10.263 -12.674 0.592 0.000e+00   35.64  188.08
2019/02/08 15:00:00   -5.677  -7.385  1014.31 -10.508 -13.767 0.064 0.000e+00  114.92  182.60
2019/02/08 18:00:00   -3.114  -8.851  1014.54 -11.853 -15.372 0.064 1.766e-10    5.81  183.66
2019/02/08 21:00:00   -0.161  -9.126  1014.60 -11.941 -16.254 0.044 7.064e-11    0.00  189.83
2019/02/09 00:00:00   -0.452 -10.090  1014.30 -11.765 -15.676 0.062 0.000e+00    0.00  183.67
2019/02/09 03:00:00   -1.959  -8.937  1013.92 -11.271 -15.419 0.112 1.148e-10    0.00  196.72
2019/02/09 06:00:00   -3.431  -8.804  1014.07 -10.809 -13.391 0.224 1.766e-10    0.00  200.31
2019/02/09 09:00:00   -5.055  -9.246  1014.74 -10.510 -13.015 0.038 0.000e+00    0.00  200.12
2019/02/09 12:00:00   -5.023  -8.868  1015.47 -10.901 -13.254 0.175 0.000e+00   39.81  194.74
2019/02/09 15:00:00   -4.774  -7.032  1015.84 -10.567 -12.898 0.048 3.532e-11  116.00  191.43
2019/02/09 18:00:00   -4.685  -5.480  1016.16 -10.977 -12.627 0.000 7.064e-11    7.61  193.93
2019/02/09 21:00:00   -4.525  -5.302  1016.06 -11.259 -12.849 0.469 0.000e+00    0.00  181.29
2019/02/10 00:00:00   -4.708  -5.569  1016.70 -11.447 -12.836 1.000 1.060e-10    0.00  211.81
2019/02/10 03:00:00   -3.273  -3.031  1015.28 -11.645 -12.966 1.000 1.766e-10    0.00  233.20
2019/02/10 06:00:00   -1.738  -2.716  1014.24 -11.946 -13.330 1.000 1.943e-10    0.00  237.97
2019/02/10 09:00:00   -1.279  -1.383  1013.21 -11.896 -13.542 1.000 1.236e-10    0.00  227.90
2019/02/10 12:00:00   -0.876  -1.879  1013.13 -12.859 -14.510 1.000 7.064e-11   40.06  220.01
2019/02/10 15:00:00   -1.553  -1.834  1012.82 -12.391 -14.297 1.000 5.298e-11  105.73  217.87
2019/02/10 18:00:00   -3.079  -2.469  1012.66 -12.892 -14.777 1.000 9.713e-11    9.38  207.15
2019/02/10 21:00:00   -4.540  -3.592  1013.37 -12.648 -14.392 1.000 1.678e-10    0.00  219.23
2019/02/11 00:00:00   -6.864  -5.153  1013.69 -12.963 -14.532 1.000 2.119e-10    0.00  226.11
2019/02/11 03:00:00   -6.567  -6.493  1012.98 -11.961 -13.451 1.000 1.943e-10    0.00  221.07
2019/02/11 06:00:00   -7.810  -8.189  1011.29 -11.249 -12.709 1.000 4.239e-10    0.00  243.29
2019/02/11 09:00:00   -7.895 -10.245  1008.84  -9.423 -11.084 1.000 1.130e-09    0.00  253.57
2019/02/11 12:00:00   -9.834 -11.882  1007.74  -9.341 -11.014 1.000 6.358e-10   33.19  254.42
2019/02/11 15:00:00  -10.502 -11.591  1005.32  -8.626 -10.438 1.000 2.261e-09   78.32  256.06
2019/02/11 18:00:00   -9.541 -11.387  1004.40  -8.489 -10.296 1.000 1.431e-08    6.42  269.40
2019/02/11 21:00:00   -9.888 -12.682  1003.82  -8.180  -9.918 1.000 1.406e-08    0.00  276.26
2019/02/12 00:00:00  -11.449 -12.488  1002.90  -8.186 -10.015 1.000 1.409e-08    0.00  280.39
2019/02/12 03:00:00  -10.863 -13.281  1000.86  -8.774 -10.706 1.000 6.323e-09    0.00  278.22
2019/02/12 06:00:00  -10.701 -13.831   998.17  -9.409 -11.382 1.000 1.906e-08    0.00  272.71
2019/02/12 09:00:00   -8.780 -14.164   995.47 -10.437 -12.520 1.000 2.086e-08    0.00  269.06
2019/02/12 12:00:00   -8.032 -14.567   994.85 -10.148 -12.639 1.000 7.426e-08   17.86  265.57
2019/02/12 15:00:00   -5.458 -13.597   993.98  -9.491 -11.808 1.000 9.618e-08   37.84  265.66
2019/02/12 18:00:00   -4.487 -13.196   994.91  -8.528 -11.149 1.000 6.174e-08    4.36  268.49
2019/02/12 21:00:00   -3.228 -12.301   996.67  -8.238 -10.771 1.000 4.374e-08    0.00  267.91
2019/02/13 00:00:00   -0.321  -9.075   997.68  -8.150 -10.837 1.000 3.218e-08    0.00  265.00
2019/02/13 03:00:00   -0.994  -7.606   997.79  -8.109 -10.928 1.000 1.635e-08    0.00  262.29
2019/02/13 06:00:00   -0.287  -6.275   996.29  -7.672 -10.480 1.000 1.466e-08    0.00  265.22
2019/02/13 09:00:00   -3.230  -7.342   995.68  -7.170  -9.870 1.000 2.576e-08    0.00  269.10
2019/02/13 12:00:00   -4.736  -8.741   994.92  -6.768  -9.613 1.000 2.840e-08   26.84  273.01
2019/02/13 15:00:00   -2.165  -8.689   992.85  -6.639  -9.643 1.000 1.948e-08   68.79  268.65
2019/02/13 18:00:00    1.162  -6.772   991.22  -6.654 -10.268 1.000 6.667e-09   13.54  251.20
2019/02/13 21:00:00    3.933  -6.351   991.06  -7.179 -10.662 1.000 7.011e-09    0.00  258.44
2019/02/14 00:00:00    2.487  -5.493   993.19  -7.745 -11.282 1.000 1.321e-08    0.00  263.43
2019/02/14 03:00:00    1.201  -3.774   995.25  -7.846 -11.544 1.000 1.085e-08    0.00  254.99
2019/02/14 06:00:00    1.827  -1.717   997.52  -7.460 -10.845 1.000 1.189e-08    0.00  265.91
2019/02/14 09:00:00   -0.646  -0.802  1001.00  -6.985  -9.791 1.000 1.538e-08    0.00  261.80
2019/02/14 12:00:00   -3.760  -2.412  1003.64  -6.610  -8.568 1.000 1.409e-08   41.05  258.08
2019/02/14 15:00:00   -5.413  -3.982  1004.38  -5.352  -7.366 1.000 1.262e-08   83.83  269.74
2019/02/14 18:00:00   -5.238  -5.536  1004.46  -5.614  -7.554 0.533 3.638e-09   16.51  250.10
2019/02/14 21:00:00   -3.695  -6.652  1004.90  -6.173  -8.245 0.362 3.532e-10    0.00  217.65
2019/02/15 00:00:00   -3.813  -7.066  1005.46  -7.564  -9.528 0.280 8.830e-11    0.00  206.22
2019/02/15 03:00:00   -2.907  -5.398  1004.78  -8.037 -10.194 0.012 0.000e+00    0.00  200.31
2019/02/15 06:00:00   -1.621  -5.989  1004.18  -9.016 -11.256 0.040 0.000e+00    0.00  192.21
2019/02/15 09:00:00   -1.909  -6.023  1003.87  -9.816 -12.237 0.024 0.000e+00    0.00  184.03
2019/02/15 12:00:00   -0.557  -4.450  1004.21 -11.236 -13.274 0.154 0.000e+00   75.07  188.95
2019/02/15 15:00:00    0.907  -3.040  1004.43 -12.013 -13.577 0.741 0.000e+00  165.23  187.86
2019/02/15 18:00:00    0.912  -2.734  1005.28 -13.481 -15.082 1.000 4.415e-11   25.23  190.80
2019/02/15 21:00:00    0.022  -2.009  1006.86 -14.567 -16.283 1.000 1.060e-10    0.00  222.35
2019/02/16 00:00:00   -0.393   0.049  1007.42 -14.893 -16.641 1.000 9.272e-10    0.00  230.29
2019/02/16 03:00:00   -1.803  -0.819  1008.04 -13.305 -14.952 1.000 4.230e-09    0.00  236.61
2019/02/16 06:00:00   -3.866  -1.002  1008.88 -11.479 -13.137 0.976 6.305e-09    0.00  242.30
2019/02/16 09:00:00   -5.020  -3.118  1010.00 -10.101 -11.543 0.984 3.620e-09    0.00  247.49
2019/02/16 12:00:00   -5.688  -4.401  1011.64  -9.727 -11.140 1.000 4.318e-09   47.04  262.04
2019/02/16 15:00:00   -5.893  -5.278  1011.75  -9.136 -10.663 1.000 2.949e-09  114.14  260.24
2019/02/16 18:00:00   -5.786  -6.731  1012.42  -8.724 -10.761 1.000 4.150e-10   22.73  252.15
2019/02/16 21:00:00   -7.347  -8.137  1012.56  -9.030 -10.957 1.000 1.148e-10    0.00  235.29
2019/02/17 00:00:00   -7.090 -10.995  1012.56 -10.158 -11.879 0.998 3.974e-10    0.00  231.25
2019/02/17 03:00:00   -8.227 -11.447  1011.94  -9.832 -11.809 1.000 1.378e-09    0.00  251.94
2019/02/17 06:00:00   -7.979 -11.440  1012.14 -10.617 -13.076 1.000 4.503e-10    0.00  235.54
2019/02/17 09:00:00   -9.037 -11.162  1012.33 -10.756 -13.600 1.000 2.464e-09    0.00  244.27
2019/02/17 12:00:00  -10.102 -10.833  1013.18 -10.192 -13.267 1.000 2.799e-09   50.57  244.06
2019/02/17 15:00:00   -6.219 -11.213  1013.72 -10.187 -13.363 1.000 2.746e-09  107.49  244.29
2019/02/17 18:00:00   -6.701 -11.049  1014.08 -10.737 -13.831 1.000 1.236e-09   23.01  234.97
2019/02/17 21:00:00   -6.029 -10.420  1014.67 -11.834 -15.081 1.000 7.329e-10    0.00  230.39
2019/02/18 00:00:00   -3.205  -8.945  1014.60 -11.912 -15.242 0.353 5.210e-10    0.00  201.84
2019/02/18 03:00:00   -0.502  -7.051  1014.84 -13.123 -16.267 0.676 1.413e-10    0.00  189.89
2019/02/18 06:00:00    0.146  -6.283  1013.68 -14.095 -16.551 0.972 1.413e-10    0.00  194.94
2019/02/18 09:00:00    0.237  -5.915  1014.10 -13.663 -16.561 0.529 3.444e-10    0.00  233.35
2019/02/18 12:00:00   -1.945  -7.248  1013.86 -12.150 -15.931 1.000 5.475e-10   75.44  210.58
2019/02/18 15:00:00   -4.405  -7.940  1013.30  -9.752 -12.239 1.000 1.545e-09  108.92  248.17
2019/02/18 18:00:00   -6.152  -7.020  1012.04  -8.552 -10.704 1.000 1.625e-09   22.15  258.68
2019/02/18 21:00:00   -6.183  -7.634  1011.22  -7.822  -9.586 1.000 7.329e-10    0.00  247.47
2019/02/19 00:00:00   -5.923  -8.996  1010.12  -7.665  -9.496 1.000 1.263e-09    0.00  255.11
2019/02/19 03:00:00   -6.830  -8.966  1008.42  -7.502  -9.019 1.000 2.711e-09    0.00  267.10
2019/02/19 06:00:00   -8.462  -8.922  1005.71  -6.939  -8.493 1.000 2.172e-09    0.00  257.41
2019/02/19 09:00:00   -9.696  -8.951  1004.33  -5.774  -7.619 1.000 3.029e-09    0.00  269.98
2019/02/19 12:00:00   -9.148 -10.097  1003.93  -4.265  -6.308 1.000 1.648e-08   40.82  283.45
2019/02/19 15:00:00  -11.569  -8.245  1002.65  -3.839  -5.227 1.000 3.055e-08   64.60  290.46
2019/02/19 18:00:00  -12.870  -7.194  1000.87  -3.022  -4.069 1.000 6.088e-08   16.27  291.59
2019/02/19 21:00:00  -12.766  -8.372   999.81  -2.618  -3.872 1.000 2.595e-08    0.00  288.92
2019/02/20 00:00:00  -12.618  -9.530   998.26  -4.354  -5.932 1.000 5.404e-09    0.00  281.10
2019/02/20 03:00:00  -10.958 -12.228   994.75  -6.890  -8.226 1.000 3.567e-09    0.00  272.75
2019/02/20 06:00:00  -12.327 -13.839   990.00  -7.199  -8.556 1.000 8.583e-09    0.00  278.69
2019/02/20 09:00:00  -14.912 -13.806   984.94  -5.514  -6.925 1.000 4.753e-08    0.00  286.30
2019/02/20 12:00:00  -16.427 -10.303   983.96  -0.919  -1.686 1.000 1.577e-07   14.87  297.90
2019/02/20 15:00:00  -12.860  -4.824   984.70   0.819  -0.134 1.000 4.910e-08   48.82  314.16
2019/02/20 18:00:00   -8.326  -2.875   987.48   1.405   0.590 1.000 2.504e-08   17.31  312.88
2019/02/20 21:00:00   -7.976  -3.078   989.65   1.138   0.141 0.968 1.835e-08    0.00  303.39
2019/02/21 00:00:00   -8.028  -3.145   990.01   0.465  -0.724 1.000 5.210e-09    0.00  306.03
2019/02/21 03:00:00   -9.804  -6.625   987.99  -0.066  -0.814 1.000 1.180e-08    0.00  303.48
2019/02/21 06:00:00  -13.244  -7.735   984.10   0.300  -0.635 1.000 4.501e-08    0.00  306.88
2019/02/21 09:00:00  -11.808  -2.101   981.53   1.120   0.469 1.000 1.575e-07    0.00  312.94
2019/02/21 12:00:00  -11.246   3.547   979.84   2.313   0.354 0.984 3.732e-08   43.41  304.53
2019/02/21 15:00:00   -8.007   9.909   981.02   3.415   0.780 0.769 2.976e-09  130.08  273.10
2019/02/21 18:00:00   -6.733   9.114   982.55   3.084  -0.150 0.308 2.782e-09   39.52  259.62
2019/02/21 21:00:00   -9.341   6.676   983.36   2.620   0.606 0.690 3.891e-08    0.00  277.25
2019/02/22 00:00:00   -8.557   8.633   983.25   2.805   0.537 1.000 3.914e-08    0.00  289.40
2019/02/22 03:00:00    4.439  12.110   986.94   2.799   0.337 1.000 4.710e-08    0.00  321.50
2019/02/22 06:00:00    2.341  10.855   992.65   2.496  -0.874 0.326 0.000e+00    0.00  276.60
2019/02/22 09:00:00    1.294   5.422   995.67   1.405  -1.539 0.590 0.000e+00    0.00  284.51
2019/02/22 12:00:00   -3.572  -1.594   996.17   0.235  -1.863 1.000 0.000e+00   73.62  260.52
2019/02/22 15:00:00   -6.243  -2.223   994.67  -0.060  -1.807 1.000 0.000e+00  100.64  268.31
2019/02/22 18:00:00   -5.509  -5.730   991.26   0.056  -1.701 1.000 0.000e+00   29.52  272.75
2019/02/22 21:00:00   -7.051  -9.440   987.47   0.207  -2.677 1.000 7.064e-11    0.00  282.46
2019/02/23 00:00:00  -10.925  -9.759   981.72   0.190  -0.756 1.000 7.281e-08    0.00  307.71
2019/02/23 03:00:00  -10.801  11.052   977.96   2.419  -0.272 0.986 1.966e-08    0.00  308.90
2019/02/23 06:00:00  -10.727   4.149   978.76   2.545   0.495 0.966 4.910e-09    0.00  276.31
2019/02/23 09:00:00  -13.348   1.098   979.72   1.816   0.030 1.000 4.455e-08    0.00  321.04
2019/02/23 12:00:00   -9.359  -3.614   979.57  -0.280  -0.520 1.000 5.043e-08   34.76  307.18
2019/02/23 15:00:00   -9.179  -3.543   980.99  -0.837  -2.017 1.000 4.775e-08   22.54  313.43
2019/02/23 18:00:00   -5.043   0.317   985.06  -1.147  -2.467 1.000 2.153e-08    9.96  309.13
2019/02/23 21:00:00    5.248   4.455   991.33  -0.474  -1.823 0.625 2.208e-10    0.00  266.39
2019/02/24 00:00:00    8.739   5.443   999.16   1.114  -2.050 0.521 0.000e+00    0.00  252.36
2019/02/24 03:00:00    7.705   5.344  1004.02   0.724  -3.604 0.002 0.000e+00    0.00  226.48
2019/02/24 06:00:00    5.473   5.450  1007.68   0.723  -4.020 0.000 0.000e+00    0.00  213.87
2019/02/24 09:00:00    3.374   4.954  1009.10   0.899  -2.889 0.961 0.000e+00    0.00  219.31
2019/02/24 12:00:00   -1.541   1.841  1010.24   0.515  -2.525 1.000 0.000e+00   69.04  254.33
2019/02/24 15:00:00   -5.660  -1.301  1008.28   0.307  -2.144 1.000 0.000e+00  101.01  272.64
2019/02/24 18:00:00   -9.342  -5.465  1004.45   0.131  -2.006 1.000 1.766e-09   21.79  283.30
2019/02/24 21:00:00  -12.197  -4.112  1002.54   0.018  -1.784 1.000 6.255e-08    0.00  300.02
2019/02/25 00:00:00  -11.470  -3.107  1002.53  -0.112  -0.679 1.000 9.519e-08    0.00  311.72
2019/02/25 03:00:00   -6.177  -0.125  1004.43   0.573  -0.896 0.860 3.092e-08    0.00  274.83
2019/02/25 06:00:00   -1.241   5.917  1007.30   1.719  -0.420 0.670 1.590e-08    0.00  262.93
2019/02/25 09:00:00   -2.801   4.319  1009.64   1.820  -0.377 0.486 1.077e-09    0.00  234.42
2019/02/25 12:00:00   -6.977   2.622  1009.98   1.498  -0.505 1.000 4.786e-08   57.86  284.44
2019/02/25 15:00:00  -12.481   1.743  1007.05   1.102  -0.153 0.968 9.468e-08   70.06  305.04
2019/02/25 18:00:00   -6.323   1.524  1005.67   0.597  -0.488 0.603 6.534e-10   48.26  276.29
2019/02/25 21:00:00   -4.839  -1.806  1002.85   0.303  -0.456 1.000 3.371e-08    0.00  275.56
2019/02/26 00:00:00   -6.927  -7.270   997.77  -0.263  -0.908 1.000 1.294e-08    0.00  305.04
2019/02/26 03:00:00   -8.624 -11.301   991.34  -0.757  -1.904 1.000 4.032e-08    0.00  306.39
2019/02/26 06:00:00   -9.433 -12.415   987.10  -1.218  -2.644 1.000 3.096e-08    0.00  293.95
2019/02/26 09:00:00   -8.501 -11.155   990.10  -0.538  -2.718 1.000 2.465e-08    0.00  295.20
2019/02/26 12:00:00   -1.433  -7.461   994.36   0.069  -2.684 0.970 3.691e-09   87.59  252.60
2019/02/26 15:00:00    4.602  -0.999   998.03  -0.493  -2.731 1.000 0.000e+00  156.12  253.17
2019/02/26 18:00:00    1.095   2.701  1002.79  -0.737  -2.672 1.000 0.000e+00   53.99  259.51
2019/02/26 21:00:00   -4.431   2.766  1006.98  -0.112  -2.164 1.000 0.000e+00    0.00  260.88
2019/02/27 00:00:00   -8.530  -0.046  1008.78   0.073  -2.244 1.000 7.064e-11    0.00  271.41
2019/02/27 03:00:00   -9.224   0.241  1009.34   0.154  -1.437 0.998 7.047e-09    0.00  289.75
2019/02/27 06:00:00   -9.027  -0.724  1009.13   0.072  -1.009 0.835 8.822e-08    0.00  301.49
2019/02/27 09:00:00   -5.826  -0.219  1010.18   0.759  -0.477 0.960 4.443e-08    0.00  280.56
2019/02/27 12:00:00    0.467   4.243  1012.34   1.090  -0.047 1.000 1.457e-09   71.55  281.92
2019/02/27 15:00:00    1.790   3.382  1014.31   1.041   0.002 1.000 1.854e-10  134.44  285.44
2019/02/27 18:00:00    1.414   2.971  1015.02   0.596  -0.532 1.000 2.119e-10   39.57  297.04
2019/02/27 21:00:00   -0.690  -0.280  1015.42   1.417   0.046 1.000 4.857e-10    0.00  298.64
2019/02/28 00:00:00   -4.640  -3.664  1014.95  -0.401  -0.962 1.000 6.111e-09    0.00  299.43
2019/02/28 03:00:00   -4.458  -4.414  1013.89  -0.535  -1.150 1.000 3.064e-09    0.00  296.32
2019/02/28 06:00:00   -4.223  -5.351  1012.32  -0.799  -1.199 1.000 1.634e-09    0.00  298.29
2019/02/28 09:00:00   -4.902  -5.253  1011.83  -1.389  -1.736 1.000 2.570e-09    0.00  311.63
2019/02/28 12:00:00   -5.221  -5.064  1011.52  -0.969  -1.564 1.000 2.579e-08   22.45  315.11
2019/02/28 15:00:00   -6.565  -4.949  1011.23  -0.662  -1.289 1.000 2.743e-08   44.98  310.47
2019/02/28 18:00:00   -7.217  -4.277  1010.82  -0.673  -1.095 0.960 6.729e-09   24.33  310.50
2019/02/28 21:00:00   -9.000  -6.587  1010.30  -1.380  -2.209 1.000 9.289e-09    0.00  311.85
2019/03/01 00:00:00  -11.792  -8.138  1011.27  -2.314  -3.707 1.000 1.197e-08    0.00  303.36
2019/03/01 03:00:00  -13.853  -9.711  1011.30  -3.581  -5.635 1.000 6.932e-09    0.00  294.21
2019/03/01 06:00:00  -14.870 -10.677  1009.80  -4.082  -6.209 1.000 2.790e-09    0.00  286.64
2019/03/01 09:00:00  -15.632 -10.558  1009.39  -3.629  -5.799 1.000 8.353e-09    0.00  291.13
2019/03/01 12:00:00  -16.466 -11.890  1009.67  -2.882  -5.468 1.000 2.677e-08   29.41  290.20
2019/03/01 15:00:00  -16.666  -9.202  1010.55  -3.501  -6.417 1.000 5.340e-08   25.82  286.62
2019/03/01 18:00:00  -16.353 -10.076  1009.86  -3.872  -7.063 1.000 4.674e-08   11.22  284.67
2019/03/01 21:00:00  -15.043 -10.950  1009.58  -4.336  -7.643 1.000 6.262e-08    0.00  282.77
2019/03/02 00:00:00  -13.593 -12.771  1008.42  -4.964  -8.250 1.000 6.360e-08    0.00  279.05
2019/03/02 03:00:00  -12.990 -12.724  1005.14  -5.113  -8.365 1.000 6.834e-08    0.00  278.02
2019/03/02 06:00:00  -12.699 -12.274  1000.98  -4.483  -7.848 1.000 6.300e-08    0.00  280.74
2019/03/02 09:00:00  -12.454 -12.820   998.24  -4.121  -7.223 1.000 3.827e-08    0.00  282.03
2019/03/02 12:00:00  -11.249 -13.307   996.64  -3.753  -6.636 1.000 1.663e-08   32.84  284.13
2019/03/02 15:00:00  -12.212 -12.226   994.08  -3.329  -6.028 1.000 2.206e-08   39.27  287.78
2019/03/02 18:00:00  -12.154 -11.654   993.43  -3.057  -5.546 1.000 3.028e-08   15.91  289.36
2019/03/02 21:00:00  -11.497 -11.654   993.73  -3.221  -5.530 1.000 4.334e-08    0.00  287.84
2019/03/03 00:00:00  -11.209 -11.382   994.29  -3.802  -6.162 1.000 2.968e-08    0.00  283.84
2019/03/03 03:00:00  -10.871 -11.406   994.23  -3.240  -5.338 1.000 1.367e-08    0.00  287.68
2019/03/03 06:00:00  -12.526 -11.358   995.60  -3.225  -5.274 1.000 2.488e-08    0.00  292.33
2019/03/03 09:00:00  -12.748 -12.564   997.86  -3.935  -6.273 1.000 1.528e-08    0.00  281.43
2019/03/03 12:00:00  -13.931 -11.896   999.93  -4.248  -6.433 1.000 3.971e-08   89.26  269.51
2019/03/03 15:00:00  -14.743 -11.708  1002.89  -4.871  -7.422 1.000 1.823e-08   81.04  278.78
2019/03/03 18:00:00  -14.531 -12.434  1005.73  -5.351  -7.779 1.000 4.349e-08   22.83  281.11
2019/03/03 21:00:00  -14.150 -11.598  1008.35  -5.476  -8.167 1.000 4.361e-08    0.00  280.83
2019/03/04 00:00:00  -13.763 -10.521  1011.03  -5.435  -8.323 1.000 6.649e-09    0.00  280.29
2019/03/04 03:00:00  -12.083  -8.760  1011.73  -5.479  -8.809 1.000 1.113e-09    0.00  276.11
2019/03/04 06:00:00  -10.180  -8.014  1011.57  -5.307  -9.446 1.000 1.121e-09    0.00  271.47
2019/03/04 09:00:00   -7.994  -8.189  1011.73  -5.242 -10.148 0.984 2.004e-09    0.00  267.92
2019/03/04 12:00:00   -5.405  -7.557  1010.91  -5.291  -9.230 0.966 1.192e-09   69.67  273.67
2019/03/04 15:00:00   -4.361  -5.969  1010.36  -5.316  -9.386 1.000 1.342e-09  109.47  275.80
2019/03/04 18:00:00   -2.498  -5.305  1008.99  -5.600  -9.782 0.992 1.413e-09   47.86  265.72
2019/03/04 21:00:00   -0.996  -4.540  1008.34  -5.881 -10.622 0.888 2.393e-09    0.00  261.01
2019/03/05 00:00:00   -0.193  -3.936  1007.94  -6.750 -11.131 0.976 1.934e-09    0.00  243.96
2019/03/05 03:00:00    0.935  -1.598  1006.98  -7.124 -11.804 1.000 5.298e-10    0.00  224.68
2019/03/05 06:00:00    0.405  -0.463  1006.65  -7.054 -12.148 1.000 3.709e-10    0.00  238.00
2019/03/05 09:00:00   -1.937  -0.674  1007.21  -6.418 -12.431 1.000 1.210e-09    0.00  254.40
2019/03/05 12:00:00   -6.317  -3.721  1007.85  -6.383 -10.412 0.968 3.461e-09  108.51  247.97
2019/03/05 15:00:00   -5.079  -4.353  1009.18  -6.660 -10.706 0.936 1.766e-11  248.39  207.18
2019/03/05 18:00:00   -2.824  -5.641  1009.26  -6.631 -11.182 1.000 1.148e-10   96.49  211.01
2019/03/05 21:00:00   -3.204  -5.558  1009.52  -5.934  -9.213 1.000 1.669e-09    0.00  230.41
2019/03/06 00:00:00   -3.598  -7.093  1009.79  -5.432  -8.265 1.000 9.952e-09    0.00  256.35
2019/03/06 03:00:00   -5.243  -5.954  1009.37  -3.838  -8.701 0.940 1.819e-09    0.00  247.34
2019/03/06 06:00:00   -5.260  -4.853  1009.18  -3.964  -8.911 0.865 2.561e-10    0.00  219.51
2019/03/06 09:00:00   -5.664  -4.777  1009.85  -4.157  -8.710 0.207 7.064e-11    0.03  214.89
2019/03/06 12:00:00   -5.099  -5.389  1010.66  -5.854  -9.489 0.645 0.000e+00  157.49  221.90
2019/03/06 15:00:00   -4.576  -4.519  1010.58  -6.245 -11.526 0.000 0.000e+00  294.17  184.60
2019/03/06 18:00:00   -3.659  -5.789  1010.71  -6.218 -11.503 0.000 0.000e+00  126.69  183.59
2019/03/06 21:00:00   -4.649  -5.930  1010.91  -5.973 -10.126 0.096 0.000e+00    0.00  192.69
2019/03/07 00:00:00   -4.268  -6.921  1011.03  -5.724  -8.839 0.868 0.000e+00    0.00  220.46
2019/03/07 03:00:00   -3.722  -6.507  1010.36  -5.272  -8.029 0.714 1.589e-10    0.00  239.40
2019/03/07 06:00:00   -3.255  -7.064  1009.68  -5.606  -7.427 1.000 7.064e-11    0.00  246.76
2019/03/07 09:00:00   -2.998  -6.447  1009.44  -5.880  -7.293 1.000 8.830e-11    0.21  241.59
2019/03/07 12:00:00   -2.616  -6.206  1008.75  -6.392  -7.548 1.000 8.830e-11  141.11  247.83
2019/03/07 15:00:00   -2.896  -5.121  1007.87  -6.072  -7.555 1.000 8.830e-12  234.37  232.53
2019/03/07 18:00:00   -3.751  -6.131  1006.86  -5.775  -7.318 1.000 0.000e+00  112.59  218.83
2019/03/07 21:00:00   -5.260  -4.538  1005.25  -4.931  -6.559 0.610 2.119e-10    0.00  233.85
2019/03/08 00:00:00   -5.317  -3.223  1003.51  -2.818  -5.729 0.454 3.532e-11    0.00  229.27
2019/03/08 03:00:00   -5.845  -4.540  1001.58  -2.672  -5.467 0.262 7.064e-11    0.00  233.28
2019/03/08 06:00:00   -6.736  -6.301   999.97  -2.762  -5.169 0.775 1.766e-10    0.00  256.01
2019/03/08 09:00:00   -7.624  -7.266   998.83  -2.450  -5.047 0.547 1.819e-09    0.59  241.42
2019/03/08 12:00:00   -8.094  -9.243   997.48  -2.692  -5.132 0.790 2.349e-09  128.72  261.38
2019/03/08 15:00:00   -8.520  -9.659   996.48  -2.910  -5.546 0.569 1.748e-09  175.96  259.92
2019/03/08 18:00:00   -8.622 -10.447   995.69  -3.488  -5.867 0.631 9.890e-10   73.33  257.60
2019/03/08 21:00:00   -9.355 -11.066   995.79  -3.801  -5.878 0.562 2.561e-10    0.00  229.39
2019/03/09 00:00:00   -9.608 -11.848   996.73  -3.985  -5.665 0.781 6.623e-10    0.00  233.86
2019/03/09 03:00:00   -9.682 -11.687   996.50  -4.471  -6.100 0.910 4.415e-10    0.00  225.48
2019/03/09 06:00:00   -8.857 -11.622   996.53  -4.233  -5.882 0.936 4.592e-10    0.00  231.74
2019/03/09 09:00:00   -8.904 -11.521   996.93  -4.163  -5.657 0.863 4.592e-10    1.09  242.11
2019/03/09 12:00:00   -8.910 -11.226   998.32  -3.684  -5.147 0.944 1.766e-10  155.15  248.70
2019/03/09 15:00:00   -9.102  -9.890   998.20  -3.636  -4.928 1.000 1.060e-10  233.03  256.52
2019/03/09 18:00:00   -7.602  -9.556   997.44  -3.606  -4.757 0.968 1.766e-11   96.03  259.57
2019/03/09 21:00:00   -6.904  -9.210   997.41  -3.850  -4.901 1.000 8.830e-11    0.00  258.49
2019/03/10 00:00:00   -6.212  -8.641   997.35  -4.553  -5.482 1.000 1.766e-10    0.00  259.63
2019/03/10 03:00:00   -4.702  -7.461   996.60  -4.526  -5.657 1.000 4.239e-10    0.00  274.52
2019/03/10 06:00:00   -3.185  -7.816   997.02  -4.041  -5.329 1.000 4.239e-10    0.00  276.26
2019/03/10 09:00:00   -2.316  -8.228   997.35  -3.677  -4.804 1.000 6.005e-10    1.32  275.91
2019/03/10 12:00:00   -1.785  -7.422   997.83  -3.937  -5.070 1.000 8.654e-10   79.37  285.25
2019/03/10 15:00:00   -0.900  -5.961   998.08  -2.755  -4.182 0.992 2.208e-10  211.02  264.84
2019/03/10 18:00:00   -2.025  -4.175   998.33  -2.058  -3.210 0.964 1.678e-10   93.47  266.38
2019/03/10 21:00:00   -3.169  -2.913   999.50  -1.937  -3.176 0.540 2.384e-10    0.00  264.79
2019/03/11 00:00:00   -5.459  -3.338   999.62  -1.854  -2.979 0.382 3.002e-10    0.00  266.64
2019/03/11 03:00:00   -6.045  -4.922  1000.01  -2.195  -3.205 0.730 4.768e-10    0.00  252.89
2019/03/11 06:00:00   -8.340  -5.837   999.88  -2.803  -3.923 0.679 1.121e-09    0.00  265.80
2019/03/11 09:00:00   -8.316  -6.811   999.78  -3.297  -4.447 1.000 1.360e-09    1.90  274.00
2019/03/11 12:00:00   -9.657  -8.119   998.83  -3.904  -5.446 0.825 5.122e-10  123.12  278.20
2019/03/11 15:00:00   -9.954  -9.526   997.58  -4.411  -6.078 1.000 3.002e-10  154.43  277.18
2019/03/11 18:00:00   -9.465 -11.509   995.44  -4.613  -6.231 1.000 8.565e-10   62.12  277.34
2019/03/11 21:00:00  -10.043 -12.748   994.75  -4.622  -6.304 1.000 4.768e-10    0.00  282.39
2019/03/12 00:00:00  -11.122 -12.961   994.72  -3.994  -5.694 1.000 3.267e-10    0.00  285.43
2019/03/12 03:00:00  -11.424 -13.014   995.92  -4.192  -6.056 1.000 3.179e-10    0.00  266.37
2019/03/12 06:00:00  -10.914 -12.084   997.30  -4.225  -6.304 1.000 2.031e-10    0.00  270.26
2019/03/12 09:00:00  -10.280 -11.166   999.97  -4.255  -6.458 1.000 1.678e-10    2.76  278.22
2019/03/12 12:00:00  -10.159  -9.639  1001.25  -3.562  -5.793 1.000 2.031e-10  134.78  259.77
2019/03/12 15:00:00   -9.422  -8.126  1002.89  -3.353  -5.763 1.000 2.649e-10  192.45  271.04
2019/03/12 18:00:00   -9.555  -6.518  1003.78  -3.111  -5.650 1.000 1.907e-09   78.00  277.58
2019/03/12 21:00:00   -8.893  -4.834  1004.70  -2.642  -5.494 1.000 3.682e-09    0.00  286.87
2019/03/13 00:00:00  -10.527  -5.255  1003.05  -1.836  -4.544 1.000 2.296e-09    0.00  284.24
2019/03/13 03:00:00  -10.741  -6.481  1000.90  -2.505  -3.682 1.000 2.119e-10    0.00  280.36
2019/03/13 06:00:00  -11.532  -7.114   997.88  -1.963  -4.198 1.000 1.033e-09    0.00  288.84
2019/03/13 09:00:00  -10.980  -9.215   995.51  -2.515  -4.185 1.000 1.572e-09    2.91  287.92
2019/03/13 12:00:00  -10.560 -11.250   993.41  -2.830  -4.290 1.000 5.298e-10  117.48  279.94
2019/03/13 15:00:00  -10.204 -13.203   990.93  -3.405  -5.130 1.000 8.883e-09  123.73  291.68
2019/03/13 18:00:00   -9.818 -14.354   988.49  -3.115  -4.626 1.000 7.991e-09   64.29  291.53
2019/03/13 21:00:00  -10.476 -13.409   987.94  -2.377  -3.652 1.000 2.209e-08    0.00  287.10
2019/03/14 00:00:00  -10.708 -12.884   988.14  -3.055  -4.834 1.000 7.930e-09    0.00  283.40
2019/03/14 03:00:00  -10.603 -12.874   987.63  -3.110  -4.872 1.000 1.541e-08    0.00  282.84
2019/03/14 06:00:00  -11.254 -13.394   987.28  -3.360  -4.993 1.000 4.618e-08    0.00  291.16
2019/03/14 09:00:00  -11.927 -13.515   986.33  -3.561  -5.203 1.000 7.882e-08    1.78  293.02
2019/03/14 12:00:00  -12.437 -13.194   984.44  -3.276  -4.757 1.000 1.027e-07   28.59  294.73
2019/03/14 15:00:00  -12.467 -12.093   982.55  -2.596  -3.568 1.000 1.030e-07   78.79  286.65
2019/03/14 18:00:00  -10.674 -10.116   981.61  -1.934  -2.743 0.912 8.883e-08   61.73  282.56
2019/03/14 21:00:00   -9.112  -7.895   982.49  -1.428  -2.453 0.964 2.097e-08    0.00  279.68
2019/03/15 00:00:00   -7.828  -4.170   984.43  -0.792  -1.901 0.952 1.295e-08    0.00  285.75
2019/03/15 03:00:00   -5.773  -4.661   985.99  -1.226  -2.166 1.000 1.701e-08    0.00  286.00
2019/03/15 06:00:00   -6.537  -7.017   987.55  -1.546  -2.477 1.000 7.232e-09    0.00  287.80
2019/03/15 09:00:00   -6.855  -5.563   989.35  -1.256  -2.140 1.000 1.477e-08    4.51  285.40
2019/03/15 12:00:00   -7.223  -5.924   991.55  -1.309  -2.429 1.000 4.359e-08   92.80  283.89
2019/03/15 15:00:00   -7.501  -4.834   992.57  -1.372  -2.652 1.000 8.012e-08  107.29  289.50
2019/03/15 18:00:00  -10.514  -6.231   993.40  -1.529  -2.504 1.000 9.887e-08   55.09  285.89
2019/03/15 21:00:00  -10.757  -9.837   994.76  -1.874  -3.049 1.000 3.789e-08    0.00  284.94
2019/03/16 00:00:00   -9.759  -9.935   995.47  -2.634  -3.923 1.000 1.489e-08    0.00  290.60
2019/03/16 03:00:00   -9.373 -10.170   995.02  -3.135  -4.433 1.000 9.289e-09    0.00  282.67
2019/03/16 06:00:00   -8.955 -10.370   995.33  -3.081  -4.399 1.000 1.500e-08    0.00  282.64
2019/03/16 09:00:00   -8.397  -8.292   995.71  -2.736  -3.942 1.000 1.471e-08    7.10  284.85
2019/03/16 12:00:00   -5.299  -6.267   996.07  -1.946  -2.830 0.964 5.492e-09  129.83  288.60
2019/03/16 15:00:00   -2.290  -5.605   996.25  -1.508  -2.348 0.944 8.830e-10  184.20  276.99
2019/03/16 18:00:00   -0.049  -4.996   996.03  -1.952  -2.606 1.000 7.153e-10   93.18  280.48
2019/03/16 21:00:00    1.214  -8.069   997.51  -3.306  -4.225 0.992 2.896e-09    0.00  285.48
2019/03/17 00:00:00    1.336  -8.605   999.56  -5.196  -8.091 1.000 2.375e-09    0.00  275.23
2019/03/17 03:00:00    2.310  -5.934  1000.75  -4.669  -9.698 1.000 1.024e-09    0.00  272.26
2019/03/17 06:00:00    0.729  -1.094  1001.33  -4.097 -10.337 1.000 6.181e-10    0.00  279.31
2019/03/17 09:00:00   -3.101   2.131  1001.83  -3.504  -9.683 1.000 9.272e-10    7.64  271.85
2019/03/17 12:00:00   -5.182   3.400  1001.99  -3.636 -10.029 1.000 2.490e-09  132.70  268.20
2019/03/17 15:00:00   -6.059   2.224  1000.92  -2.646  -9.562 0.972 3.444e-10  248.32  248.47
2019/03/17 18:00:00   -7.842   1.301   999.31  -1.614  -7.519 0.177 5.475e-10  149.44  245.44
2019/03/17 21:00:00   -7.251  -0.485   998.12  -0.594  -5.929 0.934 2.561e-10    0.00  253.29
2019/03/18 00:00:00   -7.778   0.413   996.20  -0.045  -3.404 0.992 2.714e-08    0.00  282.05
2019/03/18 03:00:00   -7.209   0.308   993.75   0.166  -1.080 0.992 2.903e-08    0.00  306.41
2019/03/18 06:00:00   -5.047   1.616   991.06   0.571  -0.433 0.936 1.348e-08    0.00  301.53
2019/03/18 09:00:00   -1.224   3.138   989.54   0.827  -0.101 0.970 4.530e-09   13.13  288.48
2019/03/18 12:00:00   -3.321   2.060   986.70   0.906  -0.244 1.000 3.560e-08   82.86  303.55
2019/03/18 15:00:00   -4.010   4.355   981.08   1.829   0.096 1.000 5.454e-08   30.31  321.70
2019/03/18 18:00:00    4.518  10.252   979.21   1.620  -0.514 0.361 2.985e-09  114.94  294.75
2019/03/18 21:00:00    3.414   9.121   978.59   1.005  -1.374 0.554 1.369e-09    0.00  267.66
2019/03/19 00:00:00    1.250   8.423   977.25   0.635  -2.897 0.768 5.422e-09    0.00  243.64
2019/03/19 03:00:00    3.027   6.540   975.23   0.120  -2.966 0.744 1.148e-09    0.00  249.60
2019/03/19 06:00:00    1.074   5.929   973.97  -0.085  -2.706 0.976 5.563e-10    0.00  238.69
2019/03/19 09:00:00    1.051   7.208   973.33   0.180  -2.529 0.978 2.905e-09   16.49  258.73
2019/03/19 12:00:00    1.235   6.258   973.32   0.089  -2.296 0.676 1.024e-09  219.58  247.15
2019/03/19 15:00:00    6.844   4.834   974.26  -0.573  -2.320 0.474 7.947e-11  286.86  243.16
2019/03/19 18:00:00    4.135   5.923   975.14  -1.568  -3.521 0.246 1.060e-10  177.33  245.83
2019/03/19 21:00:00    3.322  10.082   974.27  -0.049  -2.293 0.434 8.009e-09    0.00  235.14
2019/03/20 00:00:00   10.605   8.640   978.04  -2.336  -7.659 0.566 1.907e-09    0.00  208.13
2019/03/20 03:00:00   12.889  11.555   979.57  -3.570 -10.906 0.722 3.567e-09    0.00  218.72
2019/03/20 06:00:00   12.338  11.982   979.63  -4.312 -11.226 0.694 1.527e-08    0.00  223.89
2019/03/20 09:00:00   14.495   9.162   980.67  -5.065 -12.655 0.868 1.627e-08   22.79  226.32
2019/03/20 12:00:00   15.745   7.858   981.91  -6.168 -12.427 0.924 1.498e-08  208.11  218.81
2019/03/20 15:00:00   16.769   7.822   982.98  -6.525 -13.829 0.740 1.367e-08  269.86  223.31
2019/03/20 18:00:00   17.455   8.359   982.53  -7.562 -13.530 0.762 1.215e-08  170.90  220.60
2019/03/20 21:00:00   18.009   6.669   984.54  -8.590 -13.644 0.764 3.364e-09    0.00  203.62
2019/03/21 00:00:00   19.448   4.792   989.26  -9.580 -14.893 0.607 5.943e-09    0.00  196.84
2019/03/21 03:00:00   16.565   1.565   993.15  -8.255 -15.772 0.134 0.000e+00    0.00  175.38
2019/03/21 06:00:00   13.111  -0.245   997.27  -7.840 -16.700 0.014 0.000e+00    0.00  171.52
2019/03/21 09:00:00    6.249   0.290  1000.33  -8.321 -18.680 0.865 0.000e+00   35.91  168.04
2019/03/21 12:00:00    0.352  -3.925  1001.47  -8.553 -20.683 0.741 0.000e+00  272.18  189.63
2019/03/21 15:00:00   -7.065  -1.671  1000.75  -6.923 -14.609 1.000 4.150e-09  153.06  262.58
2019/03/21 18:00:00  -10.744  -0.213   996.43  -2.583  -6.843 0.982 2.455e-09  120.61  243.36
2019/03/21 21:00:00   -4.789   2.432   993.35  -0.585  -4.388 0.747 7.329e-09    0.03  249.43
2019/03/22 00:00:00   -2.223   3.783   990.34  -0.120  -3.819 0.456 9.007e-10    0.00  244.95
2019/03/22 03:00:00   -4.699   2.681   987.72  -0.520  -3.388 0.684 3.002e-10    0.00  235.75
2019/03/22 06:00:00   -4.929  -2.710   984.44  -1.437  -2.828 0.998 8.830e-11    0.00  244.69
2019/03/22 09:00:00   -6.127  -7.002   982.84  -2.570  -3.708 1.000 2.896e-09   19.50  280.92
2019/03/22 12:00:00   -8.781  -7.175   981.96  -1.463  -2.847 1.000 4.096e-08  159.81  269.17
2019/03/22 15:00:00  -11.924  -8.518   983.85  -3.543  -5.276 1.000 4.094e-08   91.00  286.06
2019/03/22 18:00:00  -15.264  -5.227   986.30  -4.194  -7.355 1.000 4.311e-08   46.20  279.59
2019/03/22 21:00:00  -15.236  -0.618   990.20  -4.097  -7.505 1.000 4.650e-08    0.06  280.47
2019/03/23 00:00:00  -11.408   5.089   992.51  -2.897  -6.909 1.000 6.046e-08    0.00  281.38
2019/03/23 03:00:00    9.123   2.557   994.96  -2.508  -7.010 0.222 2.664e-08    0.00  264.33
2019/03/23 06:00:00    5.106   5.021   995.95  -2.682 -11.198 0.847 0.000e+00    0.00  206.51
2019/03/23 09:00:00   -0.933   2.313   995.78  -1.572 -10.511 1.000 2.349e-09   23.79  258.66
2019/03/23 12:00:00   -9.584  -4.428   993.85  -1.596  -4.900 1.000 6.467e-08   77.41  286.85
2019/03/23 15:00:00  -12.300  -6.314   990.69  -0.517  -1.994 1.000 1.149e-07   86.31  290.64
2019/03/23 18:00:00   -9.369  -9.327   989.79  -0.244  -1.501 1.000 1.549e-08   87.26  287.69
2019/03/23 21:00:00   -5.572 -11.924   992.31  -0.443  -1.571 1.000 3.276e-09    0.30  288.03
2019/03/24 00:00:00    0.019 -12.972   998.18  -3.302  -4.837 0.992 6.428e-09    0.00  286.69
2019/03/24 03:00:00    2.635 -11.628  1004.45  -3.777  -6.048 1.000 2.601e-08    0.00  289.03
2019/03/24 06:00:00    1.562  -7.451  1009.72  -3.610  -6.929 0.998 4.362e-09    0.00  269.90
2019/03/24 09:00:00    2.184  -2.530  1014.44  -3.896  -8.341 0.614 1.015e-09   43.91  224.83
2019/03/24 12:00:00    1.470   1.170  1018.10  -4.175  -8.163 0.990 3.532e-10  237.74  243.01
2019/03/24 15:00:00    3.161   1.188  1019.99  -3.754  -9.316 1.000 8.830e-12  291.54  242.38
2019/03/24 18:00:00    0.743   0.611  1020.44  -3.721 -10.784 1.000 0.000e+00  144.76  238.64
2019/03/24 21:00:00   -1.339   0.489  1021.11  -2.709  -9.997 0.978 0.000e+00    0.98  202.77
2019/03/25 00:00:00   -5.836  -0.340  1018.96  -1.983  -8.946 0.978 0.000e+00    0.00  217.16
2019/03/25 03:00:00   -8.741  -4.669  1015.19  -1.528  -4.451 0.998 2.296e-10    0.00  265.92
2019/03/25 06:00:00  -11.405  -2.692  1010.45  -0.567  -2.772 1.000 4.154e-08    0.00  295.75
2019/03/25 09:00:00  -14.411  -1.480  1004.53  -0.492  -1.661 1.000 1.404e-07    3.75  306.18
2019/03/25 12:00:00  -12.787   1.210   999.14   0.645   0.150 1.000 1.427e-07   35.95  317.75
2019/03/25 15:00:00   -2.485   4.660   996.01   1.858   1.748 1.000 4.383e-08   52.32  324.43
2019/03/25 18:00:00   -0.252   0.898   994.00   0.996   0.910 0.928 9.360e-09   67.50  314.51
2019/03/25 21:00:00   -4.856  -5.828   992.96  -0.111  -0.407 1.000 8.813e-09    0.64  308.94
2019/03/26 00:00:00   -5.981  -4.540   994.35  -1.457  -2.111 1.000 1.854e-09    0.00  295.13
2019/03/26 03:00:00   -3.443   0.756   994.82  -0.663  -1.363 1.000 3.586e-08    0.00  305.51
2019/03/26 06:00:00    8.212   7.992   994.59   1.702  -0.358 0.384 1.581e-08    0.00  307.01
2019/03/26 09:00:00    8.122   8.803   995.59   0.850  -1.277 0.380 1.060e-09   52.46  245.89
2019/03/26 12:00:00   10.561   9.242   997.73   0.542  -3.832 0.460 2.216e-09  298.63  239.17
2019/03/26 15:00:00   12.339   9.592   998.79   0.049  -5.223 0.469 1.342e-09  407.94  222.50
2019/03/26 18:00:00   10.571  10.596   998.78   0.061  -5.186 0.431 3.442e-08  210.20  235.13
2019/03/26 21:00:00   11.758   8.538   998.74   0.462  -4.567 0.513 3.709e-10    2.44  222.87
2019/03/27 00:00:00    5.452   4.749   996.43   0.671  -4.718 0.984 6.181e-10    0.00  227.55
2019/03/27 03:00:00   -5.532  -0.178   988.93  -0.408  -1.873 0.996 1.278e-07    0.00  288.55
2019/03/27 06:00:00    6.410  13.926   982.56   1.260  -5.187 0.696 1.139e-08    0.00  294.89
2019/03/27 09:00:00    1.682  12.962   979.02  -0.268  -4.554 0.824 8.830e-10   45.65  247.48
2019/03/27 12:00:00   -4.604   5.523   974.44  -0.019  -2.778 0.784 3.585e-09  245.70  245.70
2019/03/27 15:00:00    3.781  -2.014   973.82   0.013  -1.963 0.830 9.537e-10  334.38  247.65
2019/03/27 18:00:00   15.996   1.351   982.81  -1.727  -7.420 0.711 9.404e-09  137.24  267.16
2019/03/27 21:00:00    7.391   4.810   986.34  -1.441  -4.774 0.984 5.334e-09    3.02  231.11
2019/03/28 00:00:00    5.648   6.696   986.85  -2.025  -6.003 1.000 1.808e-08    0.00  250.93
2019/03/28 03:00:00    3.862   6.003   985.71  -2.416  -6.295 0.948 3.426e-09    0.00  239.69
2019/03/28 06:00:00    0.558   5.621   983.75  -2.091  -7.688 0.832 1.015e-09    0.00  233.08
2019/03/28 09:00:00   -1.071   4.316   981.87  -2.345  -7.545 0.968 8.565e-10   51.99  233.85
2019/03/28 12:00:00    0.708  -0.966   982.05  -2.210  -7.739 0.875 7.771e-10  311.61  223.73
2019/03/28 15:00:00   -1.773  -0.977   982.57  -2.110  -7.997 0.939 1.554e-09  405.62  221.59
2019/03/28 18:00:00   -2.468  -5.417   983.90  -2.424  -6.195 0.919 7.064e-11  223.37  215.34
2019/03/28 21:00:00   -3.825  -8.059   987.73  -2.734  -5.127 0.790 6.623e-10    3.74  241.02
2019/03/29 00:00:00   -5.061  -9.265   991.77  -3.519  -5.194 0.549 1.107e-08    0.00  262.39
2019/03/29 03:00:00   -4.672  -9.787   996.37  -4.596  -6.706 0.776 8.036e-09    0.00  257.03
2019/03/29 06:00:00   -8.140  -9.012   999.94  -4.544  -7.673 0.477 9.890e-09    0.00  267.11
2019/03/29 09:00:00   -7.641  -8.081  1004.52  -4.265  -8.679 0.227 0.000e+00   78.81  198.54
2019/03/29 12:00:00   -5.454  -7.123  1007.65  -4.492  -9.506 0.305 0.000e+00  358.51  196.46
2019/03/29 15:00:00   -3.681  -6.115  1010.94  -4.222 -10.459 0.068 0.000e+00  455.83  191.18
2019/03/29 18:00:00   -3.229  -5.827  1013.77  -4.206 -10.983 0.108 0.000e+00  274.25  192.05
2019/03/29 21:00:00   -1.806  -3.720  1016.61  -4.098 -11.826 0.000 0.000e+00    6.78  189.67
2019/03/30 00:00:00   -0.723  -1.692  1019.03  -4.810 -13.479 0.032 0.000e+00    0.00  189.82
2019/03/30 03:00:00    0.678   1.265  1019.37  -4.584 -13.432 0.100 0.000e+00    0.00  193.26
2019/03/30 06:00:00    2.411   2.203  1019.29  -3.603 -11.210 1.000 0.000e+00    0.00  217.37
2019/03/30 09:00:00    2.486   3.859  1019.13  -2.489 -10.650 1.000 1.943e-10   45.55  264.67
2019/03/30 12:00:00    1.792   4.026  1017.86  -1.509 -10.518 1.000 8.830e-12  223.96  258.32
2019/03/30 15:00:00    0.668   4.616  1015.90  -0.375  -8.307 1.000 7.064e-11  305.22  259.88
2019/03/30 18:00:00    0.420   5.572  1013.01   0.264  -5.041 1.000 4.062e-10  194.04  255.30
2019/03/30 21:00:00    1.237   1.920  1010.66   0.161  -2.876 0.936 1.466e-09    6.22  257.55
2019/03/31 00:00:00   -0.785  -2.675  1008.49  -0.881  -2.832 0.378 2.949e-09    0.00  259.41
2019/03/31 03:00:00   -0.164  -3.686  1005.60  -2.226  -3.960 0.898 9.184e-10    0.00  252.67
2019/03/31 06:00:00   -2.121  -4.307  1003.24  -3.093  -5.549 1.000 0.000e+00    0.00  243.07
2019/03/31 09:00:00   -6.256  -5.626  1001.78  -3.358  -6.520 1.000 3.373e-09   37.74  281.17
2019/03/31 12:00:00  -10.643  -5.602   999.54  -1.835  -3.045 1.000 5.090e-08   84.61  298.49
2019/03/31 15:00:00  -10.844  -5.745   996.24  -1.019  -1.535 1.000 1.080e-07   82.91  307.52
2019/03/31 18:00:00   -6.213  -1.403   995.34   0.075  -1.870 0.984 3.656e-08  112.73  280.04
2019/03/31 21:00:00   -2.193   0.728   995.81  -0.260  -2.874 0.749 4.231e-08    5.34  275.22
2019/04/01 00:00:00   -4.429  -2.659   997.10  -1.452  -3.519 0.622 2.458e-08    0.00  247.69
2019/04/01 03:00:00   -9.592  -6.832   997.72  -3.226  -4.452 0.687 1.766e-09    0.00  250.76
2019/04/01 06:00:00   -9.817  -8.205   999.98  -4.188  -5.415 0.838 9.360e-10    0.00  260.05
2019/04/01 09:00:00   -9.622  -9.753  1003.13  -4.704  -6.905 0.805 4.353e-09   47.06  267.78
2019/04/01 12:00:00   -9.300 -10.250  1006.21  -4.340  -7.005 0.984 3.267e-09  272.89  248.10
2019/04/01 15:00:00   -7.919 -10.432  1009.95  -4.301  -8.800 0.594 1.731e-09  408.86  219.16
2019/04/01 18:00:00   -4.167  -8.345  1013.48  -4.306  -9.979 0.052 7.064e-11  276.61  206.50
2019/04/01 21:00:00   -3.723  -6.129  1017.88  -4.252  -9.110 0.000 0.000e+00   12.92  194.25
2019/04/02 00:00:00   -4.202  -3.731  1021.41  -4.243 -10.225 0.000 0.000e+00    0.00  196.93
2019/04/02 03:00:00   -3.260  -1.765  1023.37  -4.251 -10.004 0.048 0.000e+00    0.00  199.26
2019/04/02 06:00:00   -1.011   0.150  1025.60  -4.069 -10.063 0.809 0.000e+00    0.00  205.25
2019/04/02 09:00:00   -1.530   2.793  1027.05  -3.557  -9.781 0.249 0.000e+00  102.10  205.02
2019/04/02 12:00:00   -0.291   5.997  1027.37  -2.843  -8.959 0.496 0.000e+00  355.01  223.74
2019/04/02 15:00:00   -0.710   7.420  1026.32  -1.802  -7.799 1.000 0.000e+00  459.36  215.85
2019/04/02 18:00:00   -0.025   7.671  1024.73  -0.689  -5.687 0.955 0.000e+00  218.59  243.09
2019/04/02 21:00:00   -1.348   7.252  1023.14  -0.335  -5.026 0.986 0.000e+00   10.02  252.30
2019/04/03 00:00:00   -2.588   5.603  1020.39  -0.135  -4.698 1.000 0.000e+00    0.00  240.19
2019/04/03 03:00:00   -4.895   3.931  1015.98  -0.114  -3.439 1.000 4.768e-10    0.00  286.89
2019/04/03 06:00:00   -7.588   3.698  1011.87   0.104  -2.852 1.000 5.175e-09    0.00  300.42
2019/04/03 09:00:00   -9.710   5.039  1007.73   0.520  -1.273 1.000 1.055e-07    7.48  307.34
2019/04/03 12:00:00   -7.324   8.496  1004.49   1.455   0.521 1.000 2.123e-07   26.21  317.14
2019/04/03 15:00:00   -3.351   9.270  1001.71   2.715   1.221 1.000 9.992e-08   33.11  325.09
2019/04/03 18:00:00    2.846   4.139  1003.00   0.623   0.214 1.000 4.433e-08   35.18  320.14
2019/04/03 21:00:00    0.285   4.745  1004.24   0.906  -0.594 1.000 4.874e-09    5.11  305.31
2019/04/04 00:00:00    0.940   3.699  1006.09   0.729  -0.923 1.000 1.766e-11    0.00  281.91
2019/04/04 03:00:00    0.982   3.389  1006.97   0.419  -1.086 0.932 0.000e+00    0.00  268.26
2019/04/04 06:00:00    1.735   4.288  1009.03   0.315  -1.313 0.633 2.225e-09    0.00  251.88
2019/04/04 09:00:00    2.548   3.428  1010.75   0.179  -1.682 0.142 3.974e-10  113.27  229.28
2019/04/04 12:00:00    1.190   3.228  1012.26   0.496  -1.262 0.192 7.064e-10  389.28  229.78
2019/04/04 15:00:00    2.176   2.799  1013.15   0.494  -1.352 0.272 6.711e-10  465.25  234.48
2019/04/04 18:00:00    2.366   2.244  1014.38   0.408  -1.312 0.052 8.830e-11  290.82  227.35
2019/04/04 21:00:00    2.535   1.049  1015.67   0.156  -1.288 0.084 7.947e-11   19.09  225.56
2019/04/05 00:00:00    3.331  -0.296  1017.26  -0.238  -0.889 0.114 0.000e+00    0.00  223.18
2019/04/05 03:00:00    1.749   0.350  1018.62  -0.702  -2.637 0.002 0.000e+00    0.00  219.32
2019/04/05 06:00:00   -0.693  -0.267  1020.29  -1.013  -2.443 0.038 0.000e+00    0.00  213.27
2019/04/05 09:00:00   -4.711  -3.285  1023.25  -1.525  -1.872 0.727 0.000e+00  119.74  222.07
2019/04/05 12:00:00   -6.056  -4.899  1025.06  -2.386  -2.934 1.000 0.000e+00  315.06  254.70
2019/04/05 15:00:00   -6.917  -5.223  1026.10  -1.234  -3.408 0.355 0.000e+00  447.72  236.97
2019/04/05 18:00:00   -7.436  -5.233  1026.83  -1.246  -4.579 0.274 0.000e+00  289.82  226.30
2019/04/05 21:00:00   -7.210  -5.830  1027.61  -1.076  -4.449 0.888 0.000e+00   20.32  234.53
2019/04/06 00:00:00   -7.411  -5.770  1028.49  -1.411  -4.513 0.871 0.000e+00    0.00  244.61
2019/04/06 03:00:00   -7.502  -4.303  1027.84  -0.947  -3.597 0.935 7.064e-11    0.00  274.99
2019/04/06 06:00:00   -7.794  -3.536  1028.03  -0.204  -2.418 0.929 5.916e-10    0.00  285.62
2019/04/06 09:00:00   -7.307  -4.551  1029.42  -0.066  -1.858 0.950 1.483e-09   52.78  295.23
2019/04/06 12:00:00   -7.022  -6.723  1030.37  -0.389  -2.156 0.992 1.890e-09  192.48  302.55
2019/04/06 15:00:00   -7.851  -6.175  1030.88  -0.282  -2.125 1.000 4.556e-09  183.06  299.59
2019/04/06 18:00:00   -7.713  -5.621  1031.01  -0.218  -2.052 0.990 2.755e-09  135.09  299.95
2019/04/06 21:00:00   -7.522  -5.851  1031.32  -0.280  -2.032 1.000 2.261e-09    9.06  300.44
2019/04/07 00:00:00   -6.607  -5.615  1031.57  -0.498  -2.176 0.992 6.181e-10    0.00  296.13
2019/04/07 03:00:00   -6.342  -5.179  1031.11  -0.821  -2.400 0.908 1.060e-10    0.00  285.16
2019/04/07 06:00:00   -5.377  -4.383  1031.57  -1.147  -2.630 0.998 6.181e-11    0.00  277.72
2019/04/07 09:00:00   -4.217  -4.828  1031.87  -1.238  -2.573 0.976 1.413e-10   84.46  274.12
2019/04/07 12:00:00   -3.764  -5.416  1031.99  -1.436  -2.726 0.896 8.830e-11  328.13  265.59
2019/04/07 15:00:00   -4.139  -4.672  1031.85  -1.277  -2.643 0.992 8.830e-12  419.40  262.39
2019/04/07 18:00:00   -4.087  -5.230  1031.41  -1.251  -2.655 0.958 8.830e-11  233.69  274.24
2019/04/07 21:00:00   -4.257  -5.213  1031.57  -1.295  -2.744 1.000 3.091e-10   16.42  287.79
2019/04/08 00:00:00   -3.735  -6.387  1031.01  -1.400  -2.470 0.990 4.415e-10    0.00  291.82
2019/04/08 03:00:00   -5.260  -5.140  1030.50  -1.462  -2.588 0.964 5.386e-10    0.00  275.10
2019/04/08 06:00:00   -5.369  -5.307  1030.65  -1.291  -2.486 0.980 4.768e-10    0.00  281.81
2019/04/08 09:00:00   -5.848  -4.955  1030.51  -1.202  -2.182 0.992 1.280e-09   49.54  296.30
2019/04/08 12:00:00   -4.844  -4.791  1030.82  -1.115  -1.938 1.000 7.153e-10  201.18  289.66
2019/04/08 15:00:00   -5.100  -3.642  1031.26  -0.866  -1.695 1.000 3.532e-11  319.17  274.34
2019/04/08 18:00:00   -4.041  -3.085  1031.38  -0.856  -1.542 0.992 0.000e+00  241.61  257.84
2019/04/08 21:00:00   -3.629  -3.062  1031.61  -1.010  -1.774 0.954 0.000e+00   24.72  254.30
2019/04/09 00:00:00   -3.203  -2.811  1031.46  -1.349  -2.073 0.882 1.766e-11    0.00  253.90
2019/04/09 03:00:00   -2.675  -2.600  1031.09  -1.537  -2.278 0.430 3.532e-11    0.00  259.40
2019/04/09 06:00:00   -2.620  -2.438  1030.73  -1.732  -2.396 0.710 2.119e-10    0.00  253.35
2019/04/09 09:00:00   -2.618  -1.779  1029.89  -1.667  -2.394 0.936 3.532e-11  113.99  251.09
2019/04/09 12:00:00   -2.109  -2.309  1029.22  -1.420  -2.520 0.579 1.766e-11  357.28  250.47
2019/04/09 15:00:00   -2.619  -1.216  1028.67  -1.418  -2.472 0.325 0.000e+00  457.44  230.99
2019/04/09 18:00:00   -2.782  -0.353  1027.22  -1.355  -2.639 0.109 0.000e+00  305.23  238.52
2019/04/09 21:00:00   -2.763  -1.410  1026.77  -1.150  -2.640 0.892 0.000e+00   36.86  231.06
2019/04/10 00:00:00   -3.364  -0.193  1025.86  -0.978  -2.558 0.962 0.000e+00    0.00  256.44
2019/04/10 03:00:00   -3.142   1.426  1025.02  -0.387  -1.650 1.000 0.000e+00    0.00  280.10
2019/04/10 06:00:00   -2.817   2.386  1024.35   0.022  -1.133 0.968 0.000e+00    0.00  295.85
2019/04/10 09:00:00   -2.979   2.520  1023.65   0.628  -1.013 0.648 0.000e+00   94.45  275.56
2019/04/10 12:00:00   -3.609   1.729  1023.05   1.967  -0.298 0.310 0.000e+00  388.69  260.89
2019/04/10 15:00:00   -3.215   2.051  1022.79   1.803  -0.218 0.419 0.000e+00  483.77  252.13
2019/04/10 18:00:00   -3.413   1.135  1022.42   1.351  -0.345 0.607 0.000e+00  167.89  287.70
2019/04/10 21:00:00   -4.646   1.603  1021.78   1.608  -0.371 0.811 0.000e+00   35.42  253.72
2019/04/11 00:00:00   -4.979   1.250  1021.67   2.035  -0.567 0.988 0.000e+00    0.00  293.09
2019/04/11 03:00:00   -5.153   0.968  1020.90   1.909  -0.383 1.000 0.000e+00    0.00  312.62
2019/04/11 06:00:00   -5.658  -0.032  1019.88   1.629  -0.375 1.000 0.000e+00    0.00  318.26
2019/04/11 09:00:00   -6.338  -1.405  1019.58   1.687   0.028 1.000 4.362e-09   23.99  319.04
2019/04/11 12:00:00   -7.067  -2.623  1018.66   1.391   0.022 1.000 0.000e+00  154.76  306.99
2019/04/11 15:00:00   -8.352  -2.724  1017.51   1.609   0.206 1.000 1.413e-10  217.54  297.80
2019/04/11 18:00:00   -8.616  -3.169  1016.14   1.738   0.290 1.000 5.210e-10  157.25  305.08
2019/04/11 21:00:00   -8.877  -3.222  1015.59   1.627   0.077 0.992 1.087e-08   17.60  300.67
2019/04/12 00:00:00   -8.927  -3.742  1015.07   1.444   0.196 1.000 3.937e-08    0.00  315.59
2019/04/12 03:00:00   -8.558  -2.761  1013.55   1.502   0.393 1.000 1.794e-08    0.00  317.43
2019/04/12 06:00:00   -7.801  -2.686  1011.97   1.634   0.451 1.000 1.309e-08    0.00  312.56
2019/04/12 09:00:00   -9.663  -2.613  1010.54   2.083   0.481 1.000 5.854e-08   38.91  316.01
2019/04/12 12:00:00  -10.124  -2.194  1009.90   3.216   1.264 1.000 1.126e-07   47.45  325.13
2019/04/12 15:00:00  -10.921  -1.518  1009.38   3.253   1.566 1.000 8.633e-08   51.08  327.30
2019/04/12 18:00:00  -10.719  -3.068  1008.51   3.543   1.332 1.000 3.011e-09   50.29  328.53
2019/04/12 21:00:00  -11.268  -4.834  1007.58   3.894   1.418 1.000 3.064e-09    6.31  331.27
2019/04/13 00:00:00  -13.200  -0.266  1006.39   4.431   1.444 1.000 4.910e-09    0.00  326.23
2019/04/13 03:00:00  -13.439   2.135  1005.93   4.490   0.906 1.000 3.424e-08    0.00  330.28
2019/04/13 06:00:00  -12.857   5.487  1005.68   4.264   1.432 1.000 4.132e-08    0.00  331.97
2019/04/13 09:00:00   -3.558   7.121  1010.01   3.909   2.759 0.980 2.737e-10  102.02  300.62
2019/04/13 12:00:00   -4.601   1.983  1012.11   1.858   1.208 1.000 1.060e-10  332.53  293.13
2019/04/13 15:00:00   -6.383  -4.182  1011.81   1.032   0.806 1.000 0.000e+00  374.85  265.61
2019/04/13 18:00:00   -9.167  -5.759  1008.21   1.664   0.824 1.000 6.724e-08   32.67  325.08
2019/04/13 21:00:00  -10.922  -4.004  1005.99   2.583   0.425 1.000 1.974e-08    9.51  323.47
2019/04/14 00:00:00   -9.994  -3.189  1005.51   2.140   0.292 1.000 4.062e-10    0.00  314.22
2019/04/14 03:00:00   -9.345   0.916  1003.62   2.840   0.033 1.000 3.241e-09    0.00  318.59
2019/04/14 06:00:00  -10.093   2.475  1003.35   2.938   0.314 1.000 4.070e-08    0.00  310.81
2019/04/14 09:00:00   -9.983   3.735  1004.93   3.340   0.279 0.043 5.298e-11  165.79  259.65
2019/04/14 12:00:00  -10.147   2.432  1007.26   3.464   0.848 0.572 0.000e+00  430.06  257.54
2019/04/14 15:00:00  -10.619   1.408  1008.21   3.344   0.910 1.000 7.064e-11  426.22  274.61
2019/04/14 18:00:00   -9.995   2.454  1008.97   3.112   0.826 0.552 5.581e-09  296.07  285.04
2019/04/14 21:00:00   -9.276   3.188  1010.07   3.176   0.569 0.682 1.007e-09   41.89  276.58
2019/04/15 00:00:00   -8.440   2.341  1010.20   3.013   0.531 0.972 0.000e+00    0.00  275.95
2019/04/15 03:00:00   -8.074   2.323  1009.94   2.781   0.270 0.929 0.000e+00    0.00  283.67
2019/04/15 06:00:00   -6.887   2.494  1009.63   2.703   0.560 0.830 0.000e+00    0.00  278.40
2019/04/15 09:00:00   -7.099   3.488  1010.42   2.740   0.727 0.919 5.678e-09  130.73  279.69
2019/04/15 12:00:00   -7.199   3.546  1011.04   2.711   1.108 0.492 3.356e-10  334.62  278.55
2019/04/15 15:00:00   -6.320   3.957  1011.71   2.483   1.290 1.000 2.232e-08  304.56  296.60
2019/04/15 18:00:00   -5.342   3.813  1012.58   2.241   1.279 0.944 1.236e-10  243.31  279.29
2019/04/15 21:00:00   -4.583   3.401  1014.23   1.959   1.411 0.992 4.415e-10   38.29  290.22
2019/04/16 00:00:00   -4.663   2.173  1015.46   1.654   1.258 0.565 7.771e-10    0.00  288.50
2019/04/16 03:00:00   -5.148  -0.434  1015.35   1.250   0.889 1.000 2.296e-10    0.00  291.45
2019/04/16 06:00:00   -6.028  -3.927  1013.40   1.366   0.718 1.000 2.296e-10    0.00  312.04
2019/04/16 09:00:00   -6.140  -6.269  1011.25   1.396   0.443 1.000 6.676e-09   69.94  304.58
2019/04/16 12:00:00   -7.546  -8.049  1008.35   1.168   0.138 1.000 4.376e-08  103.30  309.63
2019/04/16 15:00:00   -9.440  -6.683  1003.78   1.714   0.226 0.920 5.139e-09  234.57  303.65
2019/04/16 18:00:00  -10.754  -7.619   999.59   1.819   0.738 0.770 1.385e-08   72.32  316.62
2019/04/16 21:00:00  -10.156  -5.719   996.97   2.544   0.693 1.000 1.117e-07    8.79  316.70
2019/04/17 00:00:00  -11.080   2.193   995.18   3.823   2.207 1.000 5.074e-08    0.00  329.82
2019/04/17 03:00:00  -10.503   7.507   993.99   3.536   2.477 1.000 6.058e-09    0.00  331.78
2019/04/17 06:00:00   -5.523  14.506   995.54   3.735   2.169 1.000 6.789e-08    0.00  330.97
2019/04/17 09:00:00   -3.904  12.790   999.99   3.535   1.519 0.944 1.598e-09   69.34  311.85
2019/04/17 12:00:00   -4.181  10.830  1003.26   3.210   1.032 0.374 4.415e-10  349.71  288.75
2019/04/17 15:00:00   -3.569   8.646  1005.47   2.824   0.985 0.518 4.945e-10  403.81  282.31
2019/04/17 18:00:00   -4.513   5.887  1005.62   2.348   0.848 0.610 1.665e-08  303.74  266.80
2019/04/17 21:00:00   -4.915   3.950  1005.89   1.808   0.525 1.000 2.066e-09   39.59  282.14
2019/04/18 00:00:00   -4.392  -0.841  1004.81   0.807  -0.081 1.000 5.563e-09    0.00  304.52
2019/04/18 03:00:00   -3.575  -5.397  1003.77   0.738  -0.297 1.000 1.768e-08    0.00  317.40
2019/04/18 06:00:00   -3.431  -4.954  1002.48   0.213  -0.455 1.000 1.766e-10    0.00  292.48
2019/04/18 09:00:00   -3.906  -3.700  1002.65  -0.135  -0.678 1.000 4.327e-09   61.24  317.29
2019/04/18 12:00:00   -4.473  -0.403  1002.38   0.394   0.175 1.000 2.234e-09  151.16  317.73
2019/04/18 15:00:00   -3.615   1.891  1001.98   0.900   0.726 1.000 1.411e-08   97.96  320.57
2019/04/18 18:00:00   -2.873   6.149  1001.26   2.253   1.351 1.000 3.479e-09  123.92  319.78
2019/04/18 21:00:00   -7.171   3.912  1000.51   2.461   1.281 1.000 8.861e-08   23.03  311.06
2019/04/19 00:00:00   -8.915   2.560   998.70   2.219   1.413 1.000 9.173e-08    0.00  327.16
2019/04/19 03:00:00   -0.458   9.617   999.58   3.227   2.685 1.000 2.269e-09    0.00  332.20
2019/04/19 06:00:00   -3.751   5.991  1000.69   2.528   1.762 1.000 7.241e-10    0.00  320.95
2019/04/19 09:00:00   -6.504   3.037  1000.42   2.593   1.645 1.000 2.382e-08   79.48  314.37
2019/04/19 12:00:00   -7.416   1.315   998.41   2.586   2.202 1.000 1.413e-07   37.54  332.70
2019/04/19 15:00:00  -10.844  -0.984   994.32   2.964   1.915 1.000 1.153e-07   85.44  331.88
2019/04/19 18:00:00   -6.102   7.183   991.40   2.632   2.362 1.000 3.330e-08  135.46  328.15
2019/04/19 21:00:00   -4.834   7.363   991.33   2.682   1.421 0.952 4.742e-09   31.99  312.43
2019/04/20 00:00:00   -4.015   5.430   991.86   2.241   1.053 0.832 1.858e-08    0.00  293.19
2019/04/20 03:00:00   -4.931   3.070   991.62   1.931   1.151 0.984 4.044e-09    0.00  301.68
2019/04/20 06:00:00   -3.700   4.128   991.14   1.966   1.328 1.000 3.778e-08    0.01  316.38
2019/04/20 09:00:00   -2.282   6.111   992.09   2.244   1.664 1.000 4.535e-08   45.89  325.93
2019/04/20 12:00:00   -2.653   6.312   994.51   2.322   1.605 1.000 1.481e-08   57.43  327.70
2019/04/20 15:00:00   -3.894   2.858   995.53   1.670   1.165 1.000 2.888e-09  185.02  325.23
2019/04/20 18:00:00   -2.704  -0.217   997.14   1.826   1.338 0.992 2.437e-09  116.86  323.84
2019/04/20 21:00:00   -2.961  -1.235   999.52   0.602   0.270 1.000 1.559e-08   10.65  323.59
2019/04/21 00:00:00    1.030   3.297  1001.39   0.927   0.493 0.952 2.114e-08    0.00  311.75
2019/04/21 03:00:00    1.750   3.620  1002.45   1.208   0.475 0.960 1.083e-08    0.00  299.52
2019/04/21 06:00:00    0.690   3.238  1003.03   1.190   0.367 1.000 3.682e-09    0.07  295.62
2019/04/21 09:00:00    0.475   2.388  1004.69   1.267   0.483 1.000 8.477e-10   81.52  298.68
2019/04/21 12:00:00   -1.401  -1.135  1005.90   1.684   0.686 1.000 3.532e-10  213.99  301.91
2019/04/21 15:00:00   -5.766  -2.758  1006.31   0.151  -0.332 1.000 4.768e-10  272.09  305.36
2019/04/21 18:00:00   -6.982  -3.873  1007.20  -0.512  -1.314 1.000 9.625e-10  132.01  301.39
2019/04/21 21:00:00   -6.992  -5.560  1007.92  -1.003  -2.178 1.000 7.682e-10   33.33  302.10
2019/04/22 00:00:00   -7.674  -6.152  1009.23  -1.176  -2.584 0.990 1.148e-09    0.00  296.47
2019/04/22 03:00:00   -7.409  -5.611  1009.49  -1.552  -3.176 0.990 3.709e-10    0.00  298.58
2019/04/22 06:00:00   -7.067  -5.830  1009.57  -1.775  -3.730 0.984 1.060e-10    0.29  276.87
2019/04/22 09:00:00   -6.344  -6.124  1010.39  -1.870  -4.144 0.956 3.179e-10  111.33  278.37
2019/04/22 12:00:00   -7.139  -5.471  1010.59  -1.929  -4.402 0.896 1.148e-10  303.24  282.63
2019/04/22 15:00:00   -6.450  -5.236  1010.73  -1.868  -4.634 0.976 1.060e-10  349.33  279.23
2019/04/22 18:00:00   -6.575  -4.775  1010.07  -1.765  -4.800 0.613 0.000e+00  239.54  273.73
2019/04/22 21:00:00   -6.465  -5.082  1010.03  -1.822  -4.874 0.139 3.532e-11   76.44  254.93
2019/04/23 00:00:00   -6.335  -5.962  1010.24  -1.638  -4.589 0.331 4.415e-11    0.00  249.96
2019/04/23 03:00:00   -6.646  -5.815  1009.54  -1.605  -4.535 0.329 8.830e-11    0.00  265.68
2019/04/23 06:00:00   -6.903  -6.848  1008.76  -1.544  -4.550 0.576 1.325e-10    0.63  277.73
2019/04/23 09:00:00   -7.350  -7.974  1008.35  -1.464  -4.472 0.641 8.830e-11  151.90  276.98
2019/04/23 12:00:00   -8.361  -9.426  1007.34  -1.474  -4.435 0.818 1.766e-11  409.39  266.01
2019/04/23 15:00:00   -9.571 -10.091  1005.26  -1.571  -4.123 1.000 1.589e-10  382.52  277.76
2019/04/23 18:00:00   -9.963 -11.876  1001.75  -1.511  -3.763 1.000 6.005e-10  156.36  288.65
2019/04/23 21:00:00  -10.438 -13.419   997.93  -1.665  -3.145 1.000 7.866e-08   13.57  299.85
2019/04/24 00:00:00  -13.058 -12.997   993.90  -1.456  -2.656 1.000 1.594e-07    0.00  303.46
2019/04/24 03:00:00  -13.882  -8.060   993.29   0.174  -0.728 1.000 4.767e-08    0.00  309.37
2019/04/24 06:00:00  -11.468  -3.768   994.52   2.108   0.616 0.671 2.045e-08    0.89  301.85
2019/04/24 09:00:00  -11.558  -4.059   997.53   1.593  -0.039 0.928 2.729e-08  108.38  300.64
2019/04/24 12:00:00  -12.332  -5.800   999.28   0.498  -0.459 0.751 3.110e-08  291.96  300.74
2019/04/24 15:00:00  -12.337  -4.151  1001.60   0.858  -0.126 0.782 3.444e-09  334.49  307.04
2019/04/24 18:00:00  -11.161  -5.275  1002.86   0.103  -0.901 1.000 7.947e-10  214.91  292.77
2019/04/24 21:00:00   -8.884  -6.066  1004.19  -0.292  -1.483 1.000 1.413e-10   30.76  315.64
2019/04/25 00:00:00   -8.772  -5.379  1004.07   0.196  -0.688 1.000 7.700e-09    0.00  313.95
2019/04/25 03:00:00  -10.052  -6.189  1002.90   0.610  -0.389 1.000 9.767e-08    0.00  317.38
2019/04/25 06:00:00  -13.237  -5.452  1001.38   0.745  -0.302 1.000 2.665e-08    0.26  319.66
2019/04/25 09:00:00  -12.418  -6.014  1002.54   0.795  -0.169 1.000 7.064e-10   46.19  319.17
2019/04/25 12:00:00  -10.898  -7.045  1003.61   0.900   0.010 0.958 7.506e-10  232.79  309.31
2019/04/25 15:00:00  -11.711  -7.344  1003.97   1.091   0.228 0.994 3.532e-09  263.92  317.49
2019/04/25 18:00:00  -12.705  -7.740  1003.81   1.293  -0.090 0.972 1.342e-09  140.24  304.85
2019/04/25 21:00:00  -13.781  -8.446  1004.54   0.775  -0.622 0.792 8.830e-11   61.49  292.78
2019/04/26 00:00:00  -13.669  -9.370  1004.46   0.716  -0.368 0.786 1.589e-10    0.00  304.98
2019/04/26 03:00:00  -14.123 -10.793  1003.68   0.864  -0.480 0.927 3.002e-10    0.00  306.63
2019/04/26 06:00:00  -14.576 -10.949  1003.14   0.970  -0.490 0.898 1.060e-10    1.92  285.99
2019/04/26 09:00:00  -14.584 -11.612  1003.11   1.012  -0.506 0.992 9.534e-08   97.34  295.58
2019/04/26 12:00:00  -14.748  -9.565  1004.42   1.375  -0.024 1.000 4.880e-08   42.67  320.05
2019/04/26 15:00:00  -13.873  -7.962  1006.57   1.390   0.199 1.000 6.994e-09   96.74  321.23
2019/04/26 18:00:00  -12.542  -8.431  1008.33   1.272   0.224 1.000 1.157e-09  114.56  321.00
2019/04/26 21:00:00  -12.199  -9.250  1009.36   1.358   0.311 1.000 2.561e-09   18.49  322.90
2019/04/27 00:00:00  -12.865  -9.105  1008.97   1.558   0.631 1.000 3.356e-10    0.00  321.67
2019/04/27 03:00:00  -12.479  -9.075  1008.63   1.654   0.538 1.000 3.409e-09    0.00  321.42
2019/04/27 06:00:00  -13.057  -8.094  1009.59   1.578   0.410 1.000 1.641e-08    0.78  322.78
2019/04/27 09:00:00  -12.778  -8.211  1010.92   1.143   0.014 1.000 3.144e-09   62.01  320.87
2019/04/27 12:00:00  -12.547  -8.185  1012.54   1.305   0.217 1.000 6.508e-09  110.24  320.02
2019/04/27 15:00:00  -12.255  -6.814  1013.56   1.477   0.523 1.000 1.325e-09  192.72  317.72
2019/04/27 18:00:00  -11.673  -6.510  1014.94   1.551   0.763 1.000 1.254e-09  170.95  316.14
2019/04/27 21:00:00  -10.395  -7.187  1016.70   1.392   0.706 1.000 1.766e-10   55.56  308.87
2019/04/28 00:00:00   -9.979  -7.011  1018.03   1.077   0.428 1.000 2.649e-10    0.00  316.36
2019/04/28 03:00:00   -9.313  -6.952  1017.60   0.949   0.290 1.000 1.413e-09    0.00  306.33
2019/04/28 06:00:00   -9.473  -7.403  1017.08   0.850  -0.099 1.000 3.682e-09    2.37  309.21
2019/04/28 09:00:00   -7.915  -7.731  1017.04   0.682  -0.498 1.000 5.319e-08   37.20  319.96
2019/04/28 12:00:00  -10.030  -7.906  1016.54   1.158  -0.169 1.000 3.327e-08   54.94  320.31
2019/04/28 15:00:00   -9.167  -6.848  1016.02   1.161   0.414 1.000 1.286e-08  106.79  316.69
2019/04/28 18:00:00   -9.432  -7.711  1015.80   1.537   0.820 1.000 2.110e-09  104.97  319.76
2019/04/28 21:00:00  -10.344  -7.449  1016.11   1.691   1.004 1.000 7.417e-10   29.06  319.02
2019/04/29 00:00:00  -11.418  -9.117  1015.99   1.715   1.050 1.000 7.947e-10    0.00  317.23
2019/04/29 03:00:00  -11.364  -9.790  1016.10   1.672   0.978 1.000 4.239e-10    0.00  320.48
2019/04/29 06:00:00  -12.423  -9.161  1016.81   1.945   1.180 1.000 3.444e-09    1.49  322.85
2019/04/29 09:00:00  -12.854  -8.018  1019.21   2.339   1.395 1.000 4.028e-08   30.59  324.24
2019/04/29 12:00:00  -11.712  -6.993  1021.54   2.124   1.398 1.000 3.055e-09   67.43  325.53
2019/04/29 15:00:00  -10.267  -5.821  1023.49   1.896   1.329 1.000 1.607e-09  200.88  315.80
2019/04/29 18:00:00   -8.534  -6.075  1023.90   1.667   1.143 1.000 9.625e-10  153.47  318.34
2019/04/29 21:00:00   -8.251  -5.722  1024.50   1.607   1.091 1.000 3.461e-09   36.91  320.70
2019/04/30 00:00:00   -7.759  -4.718  1025.05   1.724   1.366 1.000 8.742e-10    0.00  323.67
2019/04/30 03:00:00   -6.679  -5.029  1025.16   1.507   1.311 1.000 3.532e-10    0.00  323.93
2019/04/30 06:00:00   -7.192  -4.692  1024.92   1.445   1.309 1.000 6.888e-10    2.67  325.31
2019/04/30 09:00:00   -7.178  -3.897  1025.22   1.601   1.473 1.000 6.826e-09   52.58  325.66
2019/04/30 12:00:00   -6.639  -3.088  1025.83   1.610   1.454 1.000 2.102e-09  181.03  323.34
2019/04/30 15:00:00   -5.964  -2.169  1026.00   1.544   1.401 1.000 9.713e-10  212.41  324.66
2019/04/30 18:00:00   -4.534  -1.643  1025.71   1.453   1.315 1.000 4.592e-10  185.77  324.99
2019/04/30 21:00:00   -3.842  -0.984  1025.92   1.171   0.953 1.000 5.298e-10   65.62  321.87
2019/05/01 00:00:00   -1.597  -1.473  1026.10   0.781   0.612 1.000 3.214e-09    0.00  322.60
2019/05/01 03:00:00   -0.417  -1.072  1025.51   0.912   0.659 1.000 9.978e-10    0.00  325.69
2019/05/01 06:00:00   -1.611  -2.028  1025.19   0.758   0.617 1.000 3.338e-09    3.37  325.18
2019/05/01 09:00:00   -2.623  -1.190  1025.94   0.928   0.778 1.000 2.402e-09   98.41  317.59
2019/05/01 12:00:00   -4.206  -4.038  1027.26   0.514   0.383 1.000 9.713e-10  204.41  319.92
2019/05/01 15:00:00   -6.899  -5.080  1027.91   0.529   0.175 1.000 6.534e-10  192.65  320.24
2019/05/01 18:00:00   -7.345  -6.500  1028.23  -0.251  -1.240 0.976 1.113e-09  214.04  304.57
2019/05/01 21:00:00   -7.966  -6.455  1029.24   0.202  -0.941 1.000 3.709e-09   54.51  300.72
2019/05/02 00:00:00   -8.598  -7.100  1029.99   0.792  -0.421 1.000 1.828e-09    0.00  310.37
2019/05/02 03:00:00   -9.111  -7.000  1030.55   0.431  -0.787 1.000 1.130e-09    0.00  308.37
2019/05/02 06:00:00   -9.123  -6.577  1031.20   0.382  -1.037 1.000 8.565e-10    5.26  310.73
2019/05/02 09:00:00   -9.085  -6.360  1032.22   0.576  -1.157 1.000 1.766e-10  100.52  308.40
2019/05/02 12:00:00   -8.913  -7.265  1034.65   0.905  -1.378 1.000 8.124e-10  249.59  302.09
2019/05/02 15:00:00   -9.566  -7.107  1036.15   0.544  -1.727 1.000 0.000e+00  328.97  293.95
2019/05/02 18:00:00   -9.673  -6.480  1037.20  -0.060  -2.593 0.992 0.000e+00  226.45  292.63
2019/05/02 21:00:00  -10.159  -6.042  1038.10  -0.480  -3.794 0.766 0.000e+00   99.32  261.30
2019/05/03 00:00:00   -9.411  -5.836  1038.48  -0.552  -4.491 0.574 1.589e-10    0.00  250.17
2019/05/03 03:00:00   -7.803  -5.656  1038.66  -0.840  -4.335 0.821 1.060e-10    0.00  250.79
2019/05/03 06:00:00   -6.392  -5.134  1037.80  -1.060  -4.269 0.584 0.000e+00   14.74  243.62
2019/05/03 09:00:00   -5.759  -4.752  1036.46  -1.033  -4.304 0.129 0.000e+00  241.21  241.34
2019/05/03 12:00:00   -3.818  -3.288  1035.20  -0.331  -3.578 0.373 0.000e+00  491.21  242.86
2019/05/03 15:00:00   -1.914  -0.246  1033.87   0.022  -3.036 0.536 0.000e+00  629.57  228.50
2019/05/03 18:00:00    0.270   0.384  1031.69   0.237  -2.403 0.054 0.000e+00  470.03  219.14
2019/05/03 21:00:00    2.184   1.680  1030.41   0.985  -1.360 0.138 0.000e+00  125.24  237.01
2019/05/04 00:00:00    3.516   2.456  1029.48   2.478  -0.461 0.691 0.000e+00    0.00  252.93
2019/05/04 03:00:00    4.460   3.030  1028.20   3.242   1.264 0.720 6.711e-10    0.00  295.63
2019/05/04 06:00:00    4.892   3.368  1027.16   3.892   2.282 0.796 1.060e-09    8.18  315.37
2019/05/04 09:00:00    5.242   4.860  1026.84   3.865   2.408 0.725 4.857e-10  181.54  298.01
2019/05/04 12:00:00    4.963   4.940  1027.15   4.008   2.658 0.723 1.077e-09  308.98  301.62
2019/05/04 15:00:00    4.763   4.531  1027.38   3.861   2.584 0.998 9.360e-10  449.64  306.19
2019/05/04 18:00:00    2.844   4.076  1027.44   3.719   2.523 0.858 1.943e-10  219.65  305.73
2019/05/04 21:00:00    1.967   3.498  1028.49   3.582   2.347 0.984 4.353e-09   53.41  314.84
2019/05/05 00:00:00    1.159   0.864  1029.87   3.118   2.140 1.000 5.828e-09    0.00  318.02
2019/05/05 03:00:00   -2.306  -2.342  1030.35   2.229   1.627 1.000 9.069e-09    0.00  322.96
2019/05/05 06:00:00   -2.266  -1.809  1030.60   1.210   0.689 0.968 5.704e-09    4.86  318.95
2019/05/05 09:00:00   -2.180  -2.880  1030.55   0.722   0.258 1.000 6.217e-09   66.56  317.84
2019/05/05 12:00:00   -1.330  -2.663  1030.95   0.919   0.334 0.976 1.766e-09  237.23  314.51
2019/05/05 15:00:00   -0.007  -2.239  1030.64   1.060   0.313 0.974 1.042e-09  470.57  279.34
2019/05/05 18:00:00    0.270  -1.766  1030.10   0.855  -0.063 0.949 6.534e-10  350.98  268.65
2019/05/05 21:00:00   -0.551  -1.578  1029.83   0.708  -0.172 0.623 8.830e-11   94.76  278.53
2019/05/06 00:00:00   -0.356  -1.165  1030.16   0.514  -0.224 0.378 1.060e-10    0.00  269.78
2019/05/06 03:00:00   -1.201  -0.072  1029.54   0.613  -0.163 0.462 8.830e-11    0.00  290.48
2019/05/06 06:00:00   -1.060   0.663  1029.05   0.753   0.010 0.910 9.360e-10   11.93  299.38
2019/05/06 09:00:00   -1.927   0.778  1028.98   1.173   0.131 0.777 5.651e-10  141.84  305.36
2019/05/06 12:00:00   -3.322   2.473  1028.57   1.642   0.838 1.000 4.654e-09  212.96  317.94
2019/05/06 15:00:00   -3.472   2.103  1028.66   1.798   0.916 1.000 4.768e-09  255.23  320.05
2019/05/06 18:00:00   -3.938   1.310  1028.10   1.730   0.779 1.000 5.775e-09  110.63  322.20
2019/05/06 21:00:00   -4.668   0.634  1027.67   1.500   0.438 1.000 3.567e-09   42.60  320.95
2019/05/07 00:00:00   -3.891   0.647  1027.32   1.474   0.352 1.000 5.219e-09    0.00  318.33
2019/05/07 03:00:00   -4.158   1.273  1025.77   1.368   0.258 1.000 4.662e-09    0.00  321.01
2019/05/07 06:00:00   -3.366   2.135  1024.48   1.390   0.317 1.000 4.397e-09    7.65  321.80
2019/05/07 09:00:00   -5.203  -0.049  1024.37   1.165   0.085 1.000 7.002e-09   56.43  326.08
2019/05/07 12:00:00   -7.415  -3.512  1024.95   1.182   0.079 0.998 3.832e-09  160.49  321.39
2019/05/07 15:00:00   -6.144  -2.966  1026.07   1.791   0.247 0.852 6.358e-10  306.36  302.60
2019/05/07 18:00:00   -5.506  -4.117  1027.00   1.557  -0.141 0.549 0.000e+00  437.93  260.82
2019/05/07 21:00:00   -6.410  -5.784  1027.76   0.078  -1.451 0.282 0.000e+00  127.14  269.69
2019/05/08 00:00:00   -7.151  -6.822  1027.59   0.026  -2.203 0.696 7.064e-11    0.00  240.82
2019/05/08 03:00:00   -6.743  -6.295  1027.17  -0.041  -1.802 0.341 7.064e-11    0.00  256.71
2019/05/08 06:00:00   -7.041  -6.251  1026.67  -0.330  -2.771 0.601 1.766e-10   25.82  245.95
2019/05/08 09:00:00   -7.827  -5.362  1027.10  -0.499  -2.948 0.904 4.415e-10  210.67  269.57
2019/05/08 12:00:00   -7.403  -5.870  1027.41  -0.643  -2.673 0.582 1.589e-10  522.06  242.32
2019/05/08 15:00:00   -6.436  -6.362  1027.70  -0.829  -3.104 0.100 1.413e-10  604.27  230.55
2019/05/08 18:00:00   -5.969  -6.139  1027.14  -1.141  -3.960 0.494 1.413e-10  404.09  251.12
2019/05/08 21:00:00   -5.220  -6.566  1027.15  -1.194  -3.961 0.864 8.830e-11  141.91  239.52
2019/05/09 00:00:00   -5.655  -6.988  1027.13  -0.973  -3.592 0.949 0.000e+00    0.00  245.75
2019/05/09 03:00:00   -7.032  -5.132  1027.07  -1.109  -4.220 0.954 1.678e-10    0.00  271.30
2019/05/09 06:00:00   -7.436  -5.475  1026.78  -1.602  -4.715 0.992 5.386e-10   16.01  279.54
2019/05/09 09:00:00   -7.156  -6.221  1027.29  -1.675  -5.049 0.970 1.589e-10  203.71  273.92
2019/05/09 12:00:00   -6.630  -6.868  1027.62  -1.569  -4.659 0.712 1.413e-10  517.76  239.41
2019/05/09 15:00:00   -7.162  -7.048  1027.57  -1.599  -4.925 0.994 3.179e-10  545.98  255.37
2019/05/09 18:00:00   -6.984  -6.094  1027.11  -1.593  -5.460 0.948 2.296e-10  262.39  284.33
2019/05/09 21:00:00   -6.049  -5.046  1027.48  -1.439  -5.283 0.805 0.000e+00  129.69  246.65
2019/05/10 00:00:00   -4.706  -5.833  1028.02  -1.165  -4.102 0.898 0.000e+00    0.00  235.58
2019/05/10 03:00:00   -3.981  -5.052  1027.83  -1.070  -4.533 0.990 0.000e+00    0.00  242.48
2019/05/10 06:00:00   -2.897  -4.890  1027.71  -1.072  -4.444 0.964 0.000e+00   29.61  239.57
2019/05/10 09:00:00   -2.042  -4.588  1028.09  -1.170  -4.007 0.824 0.000e+00  290.11  226.11
2019/05/10 12:00:00   -0.617  -4.153  1028.18  -1.295  -3.350 0.876 0.000e+00  592.69  221.33
2019/05/10 15:00:00    0.359  -4.251  1027.94  -0.840  -3.147 0.000 0.000e+00  680.38  215.40
2019/05/10 18:00:00    1.109  -2.378  1027.75  -0.603  -3.234 0.115 0.000e+00  487.76  221.95
2019/05/10 21:00:00    0.493  -0.428  1027.62  -0.669  -2.993 0.069 0.000e+00  175.98  219.60
2019/05/11 00:00:00   -0.399   1.052  1028.14  -0.266  -1.956 0.344 7.064e-11    0.01  225.47
2019/05/11 03:00:00    0.415   2.127  1028.03   0.072  -1.472 0.796 3.179e-10    0.00  254.65
2019/05/11 06:00:00    1.863   3.183  1027.69   0.646  -1.941 0.926 8.477e-10   25.43  264.64
2019/05/11 09:00:00    4.715   1.322  1028.04   1.090  -2.267 1.000 2.843e-09  185.19  263.70
2019/05/11 12:00:00    4.690   1.276  1028.30   0.923  -2.409 0.990 6.058e-09  387.50  282.60
2019/05/11 15:00:00    6.074   1.931  1027.89   1.095  -1.323 0.926 1.478e-08  398.57  288.36
2019/05/11 18:00:00    6.767   1.248  1027.48   1.410  -1.073 0.549 2.472e-09  403.13  248.64
2019/05/11 21:00:00    5.698   0.294  1027.62   1.286  -1.415 0.375 4.353e-09  166.70  239.61
2019/05/12 00:00:00    2.716  -1.399  1027.78   0.517  -1.267 0.114 4.415e-10    0.10  233.43
2019/05/12 03:00:00    1.724  -1.091  1027.96   0.034  -1.373 0.040 0.000e+00    0.00  224.64
2019/05/12 06:00:00   -1.429  -1.543  1028.51  -0.149  -1.475 0.016 0.000e+00   42.97  231.87
2019/05/12 09:00:00   -2.421  -0.954  1028.42  -0.296  -1.588 0.000 0.000e+00  328.36  222.37
2019/05/12 12:00:00   -2.585  -1.922  1029.20  -0.627  -2.014 0.064 0.000e+00  601.92  217.73
2019/05/12 15:00:00   -3.431  -1.147  1028.42  -0.648  -2.220 0.925 0.000e+00  673.09  217.06
2019/05/12 18:00:00   -4.468  -2.465  1027.93  -0.846  -2.405 1.000 0.000e+00  383.76  244.21
2019/05/12 21:00:00   -5.757  -3.739  1026.95  -0.446  -2.139 0.252 0.000e+00  135.27  244.50
2019/05/13 00:00:00   -6.794  -5.345  1026.52   0.279  -1.761 0.770 0.000e+00    0.33  228.65
2019/05/13 03:00:00   -9.044  -5.637  1024.23   0.921  -2.085 1.000 0.000e+00    0.00  238.67
2019/05/13 06:00:00   -9.587  -7.077  1022.52   0.898  -3.013 1.000 0.000e+00   29.86  260.22
2019/05/13 09:00:00  -10.593  -8.299  1020.67   0.942  -2.152 1.000 1.431e-09  162.42  286.01
2019/05/13 12:00:00  -11.179 -10.272  1018.41   0.407  -1.148 1.000 1.860e-08  179.21  303.57
2019/05/13 15:00:00  -10.823  -9.259  1016.91   0.131  -0.871 1.000 8.761e-08  109.61  310.54
2019/05/13 18:00:00  -12.067  -9.487  1016.30   0.288  -0.715 1.000 6.448e-08   52.78  313.13
2019/05/13 21:00:00  -11.980  -8.384  1016.99   0.479  -0.586 1.000 7.327e-08   16.77  313.90
2019/05/14 00:00:00  -10.612  -7.172  1018.99   0.655  -0.327 1.000 5.420e-08    0.11  317.89
2019/05/14 03:00:00   -9.382  -6.380  1019.66   0.695  -0.096 1.000 8.371e-09    0.00  319.95
2019/05/14 06:00:00   -7.031  -3.589  1020.52   1.126   0.555 1.000 9.475e-09   14.86  321.30
2019/05/14 09:00:00   -5.327  -2.625  1021.40   1.675   1.409 1.000 1.457e-09   75.48  323.63
2019/05/14 12:00:00   -6.559  -2.803  1021.27   1.809   1.453 1.000 2.543e-09  169.76  327.02
2019/05/14 15:00:00   -7.314  -2.458  1020.71   2.136   1.634 1.000 2.914e-09  259.09  326.34
2019/05/14 18:00:00   -7.371  -3.367  1018.87   2.226   1.582 1.000 6.093e-10  186.94  322.88
2019/05/14 21:00:00   -8.442  -5.361  1017.94   1.919   1.346 1.000 2.914e-10   51.29  321.05
2019/05/15 00:00:00   -9.397  -3.023  1016.59   2.141   1.517 1.000 2.546e-08    0.17  328.30
2019/05/15 03:00:00   -9.123  -0.685  1014.95   2.690   1.889 1.000 1.017e-07    0.00  330.64
2019/05/15 06:00:00   -7.213   0.561  1014.51   2.962   2.235 1.000 1.145e-07    3.03  337.03
2019/05/15 09:00:00   -7.293  -1.142  1014.56   2.753   2.006 1.000 5.090e-08   42.44  335.28
2019/05/15 12:00:00   -7.731  -1.158  1015.13   4.151   3.100 1.000 4.386e-08   68.68  336.33
2019/05/15 15:00:00   -7.070  -0.218  1015.41   4.214   3.342 1.000 5.899e-09  117.29  337.90
2019/05/15 18:00:00   -6.066   0.190  1015.72   3.982   3.361 1.000 2.190e-09  142.45  335.34
2019/05/15 21:00:00   -5.239  -1.547  1016.17   3.714   3.245 1.000 4.353e-09   52.84  333.53
2019/05/16 00:00:00   -6.360  -2.657  1017.28   2.516   1.855 1.000 5.475e-09    0.49  332.88
2019/05/16 03:00:00   -6.705  -4.232  1016.72   2.067   1.438 1.000 7.718e-09    0.00  330.77
2019/05/16 06:00:00   -7.243  -4.618  1016.49   1.822   1.274 1.000 7.949e-08   10.47  326.00
2019/05/16 09:00:00   -7.298  -5.522  1016.18   1.696   1.182 1.000 6.932e-08   49.73  323.98
2019/05/16 12:00:00   -8.184  -5.925  1016.43   2.007   1.407 1.000 9.516e-08   56.61  325.74
2019/05/16 15:00:00   -8.458  -3.477  1016.34   2.713   2.022 1.000 5.928e-08   95.64  327.64
2019/05/16 18:00:00   -4.158   2.430  1016.86   4.505   3.906 0.992 4.618e-09  131.63  329.27
2019/05/16 21:00:00   -2.316   3.007  1018.30   4.351   3.495 0.998 2.525e-09   71.13  333.50
2019/05/17 00:00:00   -3.937   0.152  1019.95   3.811   3.231 1.000 2.261e-09    0.99  333.75
2019/05/17 03:00:00   -4.848  -0.710  1020.67   3.395   2.943 1.000 1.607e-09    0.00  328.89
2019/05/17 06:00:00   -4.745  -2.730  1021.26   2.991   2.465 1.000 4.521e-09   20.30  327.21
2019/05/17 09:00:00   -5.635  -3.774  1021.87   2.406   1.878 1.000 8.830e-10   88.78  325.89
2019/05/17 12:00:00   -5.586  -4.563  1021.96   1.150   0.690 1.000 9.713e-10  340.29  310.70
2019/05/17 15:00:00   -5.335  -6.389  1021.54   0.555   0.020 1.000 4.815e-08  144.90  316.39
2019/05/17 18:00:00   -6.091  -7.130  1020.60   0.323  -0.349 1.000 4.461e-08   83.22  315.46
2019/05/17 21:00:00   -8.604  -7.225  1019.94   0.659  -0.227 1.000 6.932e-08   26.66  314.87
2019/05/18 00:00:00   -9.879  -7.118  1020.16   0.829   0.014 1.000 6.116e-08    0.31  316.06
2019/05/18 03:00:00   -9.875  -5.899  1019.82   1.173   0.409 1.000 2.919e-08    0.00  318.31
2019/05/18 06:00:00   -9.782  -5.916  1020.21   1.103   0.220 1.000 4.158e-08   11.24  318.78
2019/05/18 09:00:00  -10.135  -6.130  1021.34   0.948  -0.111 1.000 5.418e-08   65.99  318.78
2019/05/18 12:00:00   -9.709  -6.338  1022.07   0.903  -0.119 1.000 2.971e-08  106.05  320.10
2019/05/18 15:00:00   -9.649  -6.066  1022.44   0.945  -0.033 1.000 5.024e-09  104.37  321.39
2019/05/18 18:00:00   -9.369  -6.119  1022.74   0.817  -0.143 1.000 2.826e-10  121.73  319.51
2019/05/18 21:00:00   -9.859  -6.167  1023.18   0.835  -0.170 1.000 8.300e-10   52.31  319.09
2019/05/19 00:00:00   -9.820  -6.787  1023.41   1.104   0.127 1.000 8.636e-09    0.94  319.57
2019/05/19 03:00:00   -9.616  -5.903  1023.14   1.013   0.159 1.000 8.043e-08    0.00  319.08
2019/05/19 06:00:00   -9.785  -5.971  1023.26   1.054   0.224 1.000 8.174e-08    5.92  318.98
2019/05/19 09:00:00   -9.906  -6.010  1023.14   1.098   0.255 1.000 4.651e-08   45.62  320.12
2019/05/19 12:00:00   -9.606  -7.409  1023.80   0.860  -0.152 1.000 1.551e-08  114.05  320.62
2019/05/19 15:00:00   -9.237  -6.969  1023.49   0.544  -0.406 1.000 7.100e-09  152.31  316.63
2019/05/19 18:00:00   -9.011  -7.362  1022.83   0.291  -0.703 1.000 7.064e-10  185.89  307.53
2019/05/19 21:00:00   -9.240  -7.602  1022.78   0.131  -0.998 1.000 3.841e-09   52.47  309.97
2019/05/20 00:00:00   -8.301  -7.636  1023.09   0.218  -1.030 1.000 3.974e-10    1.64  312.21
2019/05/20 03:00:00   -8.252  -7.823  1022.17   0.292  -0.939 1.000 1.687e-09    0.00  312.15
2019/05/20 06:00:00   -8.431  -8.154  1022.41   0.262  -1.193 0.980 1.201e-09   24.44  305.71
2019/05/20 09:00:00   -7.980  -8.084  1023.01   0.148  -1.488 0.996 2.172e-09  165.56  299.91
2019/05/20 12:00:00   -7.735  -8.049  1022.92   0.258  -1.149 1.000 4.945e-10  312.68  301.79
2019/05/20 15:00:00   -7.717  -7.728  1023.22   0.401  -0.735 1.000 4.592e-10  308.80  309.24
2019/05/20 18:00:00   -7.970  -7.545  1023.19   0.465  -0.597 1.000 3.179e-10  205.72  305.34
2019/05/20 21:00:00   -8.314  -7.418  1023.63   0.392  -0.783 0.994 2.472e-10   85.49  305.53
2019/05/21 00:00:00   -7.784  -7.501  1024.34   0.364  -0.944 0.986 1.766e-10    3.97  285.00
2019/05/21 03:00:00   -8.041  -7.248  1024.30   0.237  -0.829 0.996 6.005e-10    0.00  296.63
2019/05/21 06:00:00   -8.459  -7.243  1024.91   0.178  -0.821 1.000 5.634e-09   14.51  313.29
2019/05/21 09:00:00   -8.193  -6.418  1025.90   0.215  -0.712 1.000 8.442e-09   87.85  312.84
2019/05/21 12:00:00   -7.725  -7.318  1027.06   0.227  -0.709 1.000 1.639e-08  149.47  314.18
2019/05/21 15:00:00   -7.157  -6.695  1027.21   0.203  -0.697 1.000 9.952e-09  139.18  316.03
2019/05/21 18:00:00   -7.131  -6.628  1028.29   0.175  -0.692 1.000 4.088e-09   89.10  317.27
2019/05/21 21:00:00   -7.156  -7.012  1028.82   0.266  -0.621 1.000 5.245e-09   32.56  316.26
2019/05/22 00:00:00   -6.896  -6.465  1029.86   0.346  -0.524 1.000 3.612e-09    1.12  318.62
2019/05/22 03:00:00   -6.223  -5.924  1029.94   0.199  -0.583 1.000 7.241e-10    0.00  317.83
2019/05/22 06:00:00   -6.016  -6.162  1029.76  -0.210  -0.869 1.000 5.298e-10   13.04  317.98
2019/05/22 09:00:00   -5.603  -6.034  1030.58  -0.252  -0.904 1.000 1.510e-09   56.35  317.69
2019/05/22 12:00:00   -5.118  -6.226  1030.65   0.004  -0.570 1.000 1.589e-10  137.79  318.47
2019/05/22 15:00:00   -5.265  -6.178  1030.56  -0.063  -0.607 1.000 1.413e-10  316.33  314.60
2019/05/22 18:00:00   -5.116  -5.370  1029.89  -0.049  -0.534 1.000 1.501e-10  282.77  304.12
2019/05/22 21:00:00   -4.947  -5.827  1029.85  -0.075  -0.539 1.000 3.267e-10   65.14  315.07
2019/05/23 00:00:00   -4.865  -6.339  1029.28  -0.012  -0.400 1.000 1.201e-09    2.66  315.01
2019/05/23 03:00:00   -4.793  -5.573  1028.62  -0.156  -0.517 1.000 9.360e-10    0.00  315.83
2019/05/23 06:00:00   -4.175  -5.693  1028.20  -0.141  -0.562 1.000 2.208e-10   23.86  311.36
2019/05/23 09:00:00   -3.927  -5.400  1027.94  -0.065  -0.573 1.000 8.565e-10  125.61  314.43
2019/05/23 12:00:00   -3.954  -5.664  1027.40   0.379  -0.149 1.000 7.771e-10  210.01  316.86
2019/05/23 15:00:00   -3.487  -5.509  1026.82   0.453  -0.055 1.000 3.532e-10  269.48  312.81
2019/05/23 18:00:00   -3.762  -5.274  1026.07   0.378  -0.076 1.000 4.415e-10  269.82  301.77
2019/05/23 21:00:00   -3.202  -5.192  1025.86   0.299  -0.116 0.998 1.369e-09   79.29  313.89
2019/05/24 00:00:00   -3.000  -5.677  1025.91   0.163  -0.343 0.998 1.996e-09    4.29  313.71
2019/05/24 03:00:00   -2.984  -5.101  1025.81   0.030  -0.450 0.996 2.640e-09    0.00  310.27
2019/05/24 06:00:00   -2.890  -5.355  1025.67  -0.055  -0.594 0.998 1.748e-09   27.06  308.59
2019/05/24 09:00:00   -2.814  -4.991  1025.95  -0.197  -0.759 1.000 6.005e-10  161.73  306.62
2019/05/24 12:00:00   -2.211  -4.622  1025.55  -0.709  -1.150 1.000 7.064e-11  376.82  295.52
2019/05/24 15:00:00   -2.553  -3.446  1025.40  -1.213  -1.422 1.000 3.532e-11  479.82  301.54
2019/05/24 18:00:00   -2.713  -3.212  1024.74  -1.372  -1.614 1.000 5.298e-11  336.93  295.75
2019/05/24 21:00:00   -2.567  -1.673  1024.00  -1.590  -1.813 1.000 1.413e-10  134.05  289.47
2019/05/25 00:00:00   -2.068  -1.970  1023.95  -1.744  -1.903 1.000 1.766e-10    7.62  287.47
2019/05/25 03:00:00   -1.970  -2.889  1023.43  -2.063  -2.275 1.000 5.386e-10    0.00  296.13
2019/05/25 06:00:00   -1.366  -2.500  1022.89  -2.327  -2.575 1.000 3.885e-10   42.21  300.74
2019/05/25 09:00:00   -0.565  -1.701  1022.92  -2.132  -2.379 1.000 1.678e-10  224.38  292.45
2019/05/25 12:00:00   -1.373  -2.535  1022.84  -2.406  -2.667 1.000 5.298e-11  430.62  289.58
2019/05/25 15:00:00   -2.410  -2.661  1022.32  -1.949  -2.234 1.000 7.064e-11  548.08  284.39
2019/05/25 18:00:00   -3.464  -2.119  1021.29  -1.696  -1.918 1.000 0.000e+00  438.78  279.85
2019/05/25 21:00:00   -2.732  -1.918  1021.07  -1.795  -2.021 1.000 5.475e-10  146.24  287.94
2019/05/26 00:00:00   -1.996  -3.427  1021.12  -2.183  -2.414 1.000 1.457e-09    9.12  293.86
2019/05/26 03:00:00   -3.468  -4.158  1020.26  -1.983  -2.200 1.000 1.448e-09    0.00  298.17
2019/05/26 06:00:00   -5.318  -2.720  1019.57  -1.749  -1.966 1.000 7.241e-10   46.30  294.50
2019/05/26 09:00:00   -3.144  -2.634  1019.67  -0.905  -1.199 0.990 1.325e-09  216.62  303.47
2019/05/26 12:00:00   -2.240  -4.397  1019.51  -0.001  -0.603 0.994 5.298e-10  392.78  287.62
2019/05/26 15:00:00   -2.238  -3.975  1019.09   0.055  -0.568 0.934 2.472e-10  487.99  288.28
2019/05/26 18:00:00   -1.187  -2.426  1017.94  -0.008  -0.540 0.753 3.885e-10  403.64  269.49
2019/05/26 21:00:00   -0.085  -2.197  1016.72  -0.172  -0.678 0.714 3.709e-10  173.76  278.25
2019/05/27 00:00:00    0.581  -2.276  1016.24  -0.363  -0.927 0.677 6.358e-10   12.71  270.90
2019/05/27 03:00:00   -0.065  -2.280  1016.54  -0.777  -1.404 0.968 1.121e-09    0.00  288.68
2019/05/27 06:00:00   -1.038  -2.964  1017.31  -1.114  -2.150 0.976 1.210e-09   47.38  287.43
2019/05/27 09:00:00   -2.923  -3.443  1018.33  -0.240  -1.209 0.840 1.554e-09  174.03  299.05
2019/05/27 12:00:00   -2.685  -4.237  1019.06  -0.113  -0.720 0.940 1.528e-09  313.43  303.06
2019/05/27 15:00:00   -3.949  -3.330  1019.21   0.063  -0.768 0.976 9.802e-10  387.48  303.97
2019/05/27 18:00:00   -4.269  -2.663  1019.09   0.353  -0.705 0.934 1.378e-09  264.58  302.69
2019/05/27 21:00:00   -5.350  -2.679  1019.40   0.509  -0.807 0.990 1.113e-09   83.69  289.70
2019/05/28 00:00:00   -6.372  -3.408  1020.03   0.201  -1.163 0.954 1.333e-09    6.84  302.87
2019/05/28 03:00:00   -7.551  -4.441  1022.07  -0.163  -1.907 0.948 2.225e-09    0.00  291.75
2019/05/28 06:00:00   -6.427  -6.026  1023.72  -0.586  -2.599 0.703 1.325e-10   53.83  258.09
2019/05/28 09:00:00   -6.550  -5.410  1025.42  -0.438  -3.131 0.820 0.000e+00  224.02  284.05
2019/05/28 12:00:00   -4.116  -5.988  1026.03  -0.417  -2.838 0.523 0.000e+00  560.18  246.57
2019/05/28 15:00:00   -4.491  -4.057  1025.86  -0.868  -3.567 0.002 0.000e+00  705.61  222.35
2019/05/28 18:00:00   -3.288  -2.152  1025.25  -0.939  -3.917 0.000 0.000e+00  546.43  221.60
2019/05/28 21:00:00   -1.300  -2.287  1025.05  -0.928  -3.767 0.000 0.000e+00  238.09  220.77
2019/05/29 00:00:00   -0.549  -1.962  1024.98  -1.142  -3.478 0.000 0.000e+00   19.84  220.57
2019/05/29 03:00:00    0.408  -1.294  1024.52  -1.200  -3.525 0.000 0.000e+00    0.00  220.94
2019/05/29 06:00:00    1.702  -1.256  1023.32  -0.939  -3.149 0.022 0.000e+00   92.68  220.85
2019/05/29 09:00:00    2.002  -1.055  1022.78  -0.544  -2.195 0.060 0.000e+00  378.63  223.00
2019/05/29 12:00:00    1.890  -1.232  1022.18   0.205  -1.261 0.208 0.000e+00  634.32  230.24
2019/05/29 15:00:00    1.539  -0.134  1021.07   0.830  -0.663 0.776 0.000e+00  717.95  230.09
2019/05/29 18:00:00    2.112   0.314  1020.30   1.059  -0.398 0.958 0.000e+00  535.86  229.46
2019/05/29 21:00:00    0.754   0.153  1020.09   1.365  -0.435 0.960 0.000e+00  196.28  239.70
2019/05/30 00:00:00   -1.962  -0.155  1020.64   0.295  -0.634 0.599 0.000e+00   20.81  233.00
2019/05/30 03:00:00   -2.436  -0.936  1020.49  -0.277  -1.039 0.217 0.000e+00    0.00  225.06
2019/05/30 06:00:00   -3.011  -0.311  1020.41  -0.633  -1.379 0.199 8.830e-11   84.29  233.54
2019/05/30 09:00:00   -2.754  -0.964  1020.71  -1.319  -2.025 0.896 6.181e-11  338.90  256.27
2019/05/30 12:00:00   -3.197  -2.596  1021.60  -1.429  -2.032 1.000 6.181e-11  472.47  278.19
2019/05/30 15:00:00   -3.992  -2.528  1022.13  -0.594  -1.347 1.000 3.532e-11  530.36  282.51
2019/05/30 18:00:00   -3.736  -2.158  1022.01   0.259  -0.779 1.000 1.766e-11  359.70  285.92
2019/05/30 21:00:00   -4.583  -3.404  1022.36   0.164  -1.139 0.990 1.060e-10  134.13  286.62
2019/05/31 00:00:00   -4.976  -3.750  1022.34   0.064  -1.267 1.000 1.236e-10   13.19  279.83
2019/05/31 03:00:00   -5.324  -4.255  1022.27  -0.086  -1.315 1.000 3.444e-10    0.00  283.61
2019/05/31 06:00:00   -5.462  -3.928  1021.93  -0.171  -1.472 0.992 4.503e-10   47.59  288.29
2019/05/31 09:00:00   -4.570  -4.949  1022.36  -0.117  -1.550 0.976 6.446e-10  223.75  287.50
2019/05/31 12:00:00   -5.617  -5.430  1022.73  -0.033  -1.336 0.984 5.828e-10  366.24  300.51
2019/05/31 15:00:00   -6.069  -5.257  1022.49  -0.070  -1.188 0.926 1.766e-10  490.82  283.57
2019/05/31 18:00:00   -5.462  -5.066  1021.83   0.101  -1.187 0.838 1.236e-10  389.14  281.04
2019/05/31 21:00:00   -5.520  -5.065  1021.81   0.340  -1.289 0.890 2.826e-10  139.34  293.45
2019/06/01 00:00:00   -5.442  -5.248  1021.99  -0.199  -1.553 0.914 4.062e-10   13.76  280.25
2019/06/01 03:00:00   -5.283  -5.665  1022.00  -0.733  -2.172 0.878 2.649e-10    0.00  264.86
2019/06/01 06:00:00   -5.237  -5.994  1021.80  -0.943  -2.841 0.910 4.680e-10   55.26  278.18
2019/06/01 09:00:00   -5.620  -6.007  1022.24  -0.530  -2.601 0.988 4.768e-10  163.79  293.47
2019/06/01 12:00:00   -4.567  -6.858  1022.82  -0.453  -2.122 0.942 1.060e-10  361.06  293.96
2019/06/01 15:00:00   -4.891  -6.362  1023.08  -0.554  -2.184 0.729 3.532e-11  594.56  268.81
2019/06/01 18:00:00   -4.299  -5.274  1022.71  -0.652  -2.310 0.411 0.000e+00  509.03  241.50
2019/06/01 21:00:00   -3.550  -5.001  1023.06  -0.547  -2.146 0.064 1.413e-10  225.99  236.97
2019/06/02 00:00:00   -3.278  -5.044  1022.75  -0.782  -2.557 0.000 0.000e+00   25.66  230.05
2019/06/02 03:00:00   -2.602  -4.543  1022.76  -0.937  -2.785 0.000 0.000e+00    0.01  225.14
2019/06/02 06:00:00   -1.343  -4.768  1022.20  -1.060  -3.165 0.010 0.000e+00   98.62  222.81
2019/06/02 09:00:00   -0.860  -5.087  1022.25  -1.247  -2.829 0.024 0.000e+00  381.01  219.10
2019/06/02 12:00:00   -0.166  -5.294  1021.71  -1.447  -2.508 0.236 0.000e+00  654.00  224.41
2019/06/02 15:00:00   -0.439  -5.553  1020.94  -1.414  -2.365 1.000 0.000e+00  685.27  235.78
2019/06/02 18:00:00   -0.545  -5.101  1020.11  -1.476  -2.403 0.743 0.000e+00  511.43  243.14
2019/06/02 21:00:00   -0.697  -5.651  1019.68  -1.463  -2.299 0.765 0.000e+00  169.20  269.79
2019/06/03 00:00:00   -1.758  -6.267  1019.71  -1.062  -2.098 0.727 0.000e+00   22.32  265.08
2019/06/03 03:00:00   -2.850  -6.804  1019.03  -0.495  -1.614 1.000 1.236e-10    0.02  277.09
2019/06/03 06:00:00   -3.672  -6.550  1018.80  -0.574  -1.514 0.949 1.148e-10   53.12  289.25
2019/06/03 09:00:00   -2.404  -6.191  1019.28  -0.421  -1.613 0.527 1.501e-10  297.69  272.59
2019/06/03 12:00:00   -2.227  -5.840  1019.45   0.184  -0.914 0.384 0.000e+00  624.67  245.31
2019/06/03 15:00:00   -0.842  -5.372  1019.58   0.299  -0.899 0.078 0.000e+00  726.86  232.70
2019/06/03 18:00:00    0.058  -4.816  1019.64   0.320  -0.936 0.252 0.000e+00  545.98  234.58
2019/06/03 21:00:00    0.789  -4.806  1019.74   0.258  -1.151 0.018 0.000e+00  249.55  231.26
2019/06/04 00:00:00   -0.301  -4.329  1019.53   0.355  -1.452 0.078 0.000e+00   28.51  229.37
2019/06/04 03:00:00    1.533  -3.976  1018.89   0.510  -1.954 0.599 0.000e+00    0.07  231.71
2019/06/04 06:00:00   -0.235  -3.664  1019.14   0.123  -1.484 0.936 0.000e+00   97.32  231.43
2019/06/04 09:00:00   -1.715  -1.537  1019.78   0.153  -1.215 0.848 0.000e+00  380.83  230.51
2019/06/04 12:00:00   -2.045  -1.799  1020.02   0.444  -1.009 0.286 0.000e+00  665.09  228.04
2019/06/04 15:00:00   -2.388  -2.064  1020.64   0.599  -1.179 0.116 0.000e+00  743.42  225.96
2019/06/04 18:00:00   -2.709  -3.116  1020.88   0.458  -1.534 0.586 0.000e+00  560.66  227.33
2019/06/04 21:00:00   -1.666  -4.813  1021.46   0.369  -1.539 0.918 0.000e+00  229.04  235.51
2019/06/05 00:00:00   -2.119  -5.183  1021.63   0.411  -1.603 0.994 0.000e+00   25.05  250.23
2019/06/05 03:00:00    0.150  -5.209  1022.03   0.239  -1.365 0.998 0.000e+00    0.18  237.76
2019/06/05 06:00:00    0.920  -5.264  1022.24   0.182  -1.499 0.855 0.000e+00   94.42  233.19
2019/06/05 09:00:00    0.585  -4.394  1023.02   0.233  -1.488 0.088 0.000e+00  396.84  228.40
2019/06/05 12:00:00    0.570  -3.539  1023.76   0.889  -1.004 0.024 0.000e+00  666.76  228.61
2019/06/05 15:00:00    0.630  -2.526  1024.05   1.180  -0.680 0.000 0.000e+00  739.17  229.53
2019/06/05 18:00:00    1.194  -1.602  1024.19   1.453  -0.183 0.000 0.000e+00  564.23  230.41
2019/06/05 21:00:00    1.810  -1.164  1025.26   1.510   0.240 0.006 0.000e+00  257.59  229.61
2019/06/06 00:00:00    1.424  -0.831  1025.63   0.532   0.010 0.116 0.000e+00   29.95  231.06
2019/06/06 03:00:00    1.173  -0.583  1026.50  -0.514  -0.623 0.936 4.415e-11    0.30  258.61
2019/06/06 06:00:00    0.360   1.105  1026.57   0.004  -0.338 1.000 1.148e-10   80.68  264.37
2019/06/06 09:00:00    0.490   1.814  1026.54   1.746   0.519 0.671 4.327e-10  272.00  281.36
2019/06/06 12:00:00    2.748  -0.441  1026.87   1.784   1.281 1.000 2.914e-10  505.26  285.40
2019/06/06 15:00:00    3.384  -0.519  1027.06   1.080   0.645 1.000 3.885e-10  571.58  289.48
2019/06/06 18:00:00    3.108  -0.588  1026.05  -0.299  -0.797 1.000 4.415e-11  368.84  298.84
2019/06/06 21:00:00    4.518   0.780  1025.67  -0.635  -0.751 1.000 1.943e-10  143.47  295.43
2019/06/07 00:00:00    5.303  -0.131  1024.44  -0.183  -0.273 1.000 2.826e-10   15.31  303.93
2019/06/07 03:00:00    4.894   0.432  1023.50   0.613   0.222 1.000 4.768e-10    0.32  287.98
2019/06/07 06:00:00    3.279   1.587  1022.00   1.158   0.579 1.000 4.239e-10   63.20  294.13
2019/06/07 09:00:00    2.602   1.149  1022.06   1.530   0.812 0.952 5.828e-10  255.46  288.10
2019/06/07 12:00:00    1.666   1.268  1021.18   1.674   1.108 0.567 2.208e-10  458.04  284.27
2019/06/07 15:00:00   -1.665   0.181  1021.16   2.278   1.452 0.211 2.561e-10  591.31  285.72
2019/06/07 18:00:00   -3.601   0.757  1021.27   1.403   0.828 0.121 2.119e-10  417.47  282.77
2019/06/07 21:00:00   -3.757   0.100  1021.89   1.249   0.544 0.045 3.532e-11  212.56  254.30
2019/06/08 00:00:00   -4.446  -1.627  1022.71   0.867   0.247 0.101 1.766e-11   29.16  253.09
2019/06/08 03:00:00   -4.469  -2.641  1023.46   0.137  -0.311 0.370 2.208e-10    0.62  271.96
2019/06/08 06:00:00   -3.118  -1.815  1023.77  -0.977  -1.667 0.942 8.830e-11   66.78  275.66
2019/06/08 09:00:00   -2.568  -3.568  1025.24  -1.708  -2.246 1.000 1.325e-10  282.48  277.94
2019/06/08 12:00:00   -2.345  -2.951  1025.93  -1.618  -2.179 1.000 0.000e+00  531.44  282.10
2019/06/08 15:00:00   -1.682  -2.626  1026.10  -0.496  -2.043 0.546 0.000e+00  729.14  235.84
2019/06/08 18:00:00   -1.472  -1.381  1026.06   0.425  -1.550 0.002 0.000e+00  559.37  232.50
2019/06/08 21:00:00   -0.268  -2.819  1026.61   0.912  -0.922 0.000 0.000e+00  263.24  229.52
2019/06/09 00:00:00   -0.192  -3.758  1026.71   0.799  -0.968 0.022 0.000e+00   35.78  231.85
2019/06/09 03:00:00   -2.530  -3.125  1026.83   1.206  -1.061 0.034 0.000e+00    1.08  234.49
2019/06/09 06:00:00   -2.443  -3.242  1026.83   1.320  -0.771 0.010 0.000e+00  109.44  235.74
2019/06/09 09:00:00   -4.153  -3.840  1028.46   0.669  -0.560 0.046 0.000e+00  392.73  231.12
2019/06/09 12:00:00   -5.219  -4.558  1028.95   0.581  -0.423 0.304 7.064e-11  657.24  242.20
2019/06/09 15:00:00   -4.853  -4.135  1028.92   0.592   0.041 1.000 2.826e-10  559.48  290.28
2019/06/09 18:00:00   -3.524  -3.902  1028.61   1.438   0.868 1.000 2.649e-10  345.39  316.16
2019/06/09 21:00:00   -2.440  -3.930  1028.50   1.780   1.118 1.000 1.192e-09  119.49  316.66
2019/06/10 00:00:00   -1.875  -4.160  1028.26   1.869   1.354 0.862 1.466e-09   18.17  316.70
2019/06/10 03:00:00   -1.835  -3.541  1028.05   1.820   1.428 0.784 1.598e-09    0.67  324.47
2019/06/10 06:00:00   -2.129  -3.370  1027.61   1.714   1.525 1.000 1.024e-09   43.59  316.60
2019/06/10 09:00:00   -2.725  -3.258  1028.55   1.759   1.476 1.000 1.448e-09  141.56  329.20
2019/06/10 12:00:00   -2.433  -2.136  1028.82   2.398   2.006 1.000 1.660e-09  348.59  322.04
2019/06/10 15:00:00   -2.142  -1.171  1029.32   2.406   2.033 1.000 6.005e-10  425.33  313.48
2019/06/10 18:00:00   -0.875  -0.085  1030.23   2.389   1.983 0.918 2.119e-10  372.06  310.20
2019/06/10 21:00:00   -0.605   0.768  1031.31   2.388   2.011 0.814 8.830e-11  167.19  307.55
2019/06/11 00:00:00   -0.370   0.068  1031.80   4.341   3.675 0.694 5.210e-10   19.48  308.56
2019/06/11 03:00:00    1.394   0.973  1032.77   3.755   3.273 0.990 2.649e-10    1.07  308.62
2019/06/11 06:00:00    2.175   1.768  1033.59   3.292   2.908 1.000 4.768e-10   51.98  317.07
2019/06/11 09:00:00    2.421   2.711  1034.99   3.709   3.234 1.000 0.000e+00  309.31  284.66
2019/06/11 12:00:00    2.082   3.863  1035.62   5.246   4.428 0.491 0.000e+00  626.87  265.06
2019/06/11 15:00:00    2.184   4.875  1036.58   5.860   4.774 0.430 0.000e+00  720.29  263.35
2019/06/11 18:00:00    2.674   4.599  1036.81   5.984   4.617 0.996 0.000e+00  491.59  272.13
2019/06/11 21:00:00    2.526   4.518  1037.22   5.961   4.776 0.964 0.000e+00  206.79  280.24
2019/06/12 00:00:00    1.500   5.035  1037.46   5.818   4.803 0.976 0.000e+00   30.03  270.09
2019/06/12 03:00:00    2.837   6.072  1036.25   5.978   4.871 1.000 0.000e+00    1.88  274.22
2019/06/12 06:00:00    4.613   5.537  1035.91   6.053   4.928 0.976 0.000e+00   78.24  296.05
2019/06/12 09:00:00    5.673   4.922  1035.39   6.074   5.160 0.972 0.000e+00  333.70  304.40
2019/06/12 12:00:00    6.205   4.276  1034.90   6.846   5.973 0.960 0.000e+00  615.74  294.31
2019/06/12 15:00:00    7.105   3.163  1034.39   6.625   5.981 0.948 0.000e+00  700.49  289.36
2019/06/12 18:00:00    7.517   2.804  1032.67   6.075   5.947 1.000 0.000e+00  410.98  319.46
2019/06/12 21:00:00    7.823   3.278  1031.80   5.830   5.748 1.000 9.184e-10  123.43  339.63
2019/06/13 00:00:00    8.466   3.718  1030.64   5.587   5.487 1.000 7.417e-10   17.64  339.79
2019/06/13 03:00:00    9.230   2.035  1029.10   5.821   4.551 0.882 5.651e-10    1.75  314.77
2019/06/13 06:00:00    7.568   1.859  1028.37   6.602   3.399 0.397 8.830e-11   98.31  287.02
2019/06/13 09:00:00    7.852  -0.101  1028.14   5.938   2.975 0.570 1.943e-10  355.78  291.96
2019/06/13 12:00:00    5.642  -1.462  1027.75   5.051   2.556 0.396 2.826e-10  586.79  297.54
2019/06/13 15:00:00    5.263  -1.611  1026.79   4.617   2.629 0.600 1.413e-10  662.66  294.49
2019/06/13 18:00:00   -1.349  -3.299  1026.04   3.409   2.380 0.974 1.589e-10  465.15  290.09
2019/06/13 21:00:00   -5.272  -0.636  1025.89   2.503   2.205 1.000 3.885e-10  138.06  306.38
2019/06/14 00:00:00   -5.427  -0.455  1025.47   3.777   3.664 1.000 9.184e-10   20.73  317.19
2019/06/14 03:00:00   -5.305  -2.858  1025.43   3.745   3.592 1.000 8.477e-10    1.71  319.29
2019/06/14 06:00:00   -6.202  -2.570  1024.94   3.076   2.954 1.000 1.192e-09   65.16  307.68
2019/06/14 09:00:00   -5.609  -2.459  1024.97   2.877   2.452 1.000 4.415e-11  285.08  298.41
2019/06/14 12:00:00   -5.783  -2.912  1024.95   3.215   2.679 1.000 9.713e-11  515.64  299.00
2019/06/14 15:00:00   -6.453  -2.061  1023.73   3.718   2.666 1.000 1.766e-11  632.94  291.96
2019/06/14 18:00:00   -5.145  -3.664  1023.39   3.846   2.664 0.976 7.064e-11  434.31  282.81
2019/06/14 21:00:00   -4.555  -4.657  1023.28   3.841   2.738 0.666 1.766e-11  200.01  294.39
2019/06/15 00:00:00   -5.436  -4.561  1023.35   3.697   2.723 0.348 4.415e-10   33.63  272.58
2019/06/15 03:00:00   -5.433  -4.637  1023.47   3.278   2.498 0.568 1.572e-09    2.61  275.99
2019/06/15 06:00:00   -4.549  -4.984  1023.08   3.053   2.450 1.000 8.919e-10   61.27  312.97
2019/06/15 09:00:00   -4.750  -4.778  1023.30   2.935   2.516 1.000 1.581e-09  214.92  320.26
2019/06/15 12:00:00   -3.553  -6.179  1023.05   2.684   2.392 1.000 1.060e-09  359.87  325.62
2019/06/15 15:00:00   -4.336  -5.273  1022.42   2.485   2.171 1.000 1.148e-09  437.52  323.87
2019/06/15 18:00:00   -3.074  -3.731  1021.07   2.709   2.347 1.000 3.002e-10  364.97  323.51
2019/06/15 21:00:00   -2.452  -3.510  1020.38   2.534   2.346 1.000 1.104e-09  139.03  318.95
2019/06/16 00:00:00   -1.578  -3.897  1019.41   2.288   2.230 1.000 1.554e-09   19.79  315.15
2019/06/16 03:00:00   -1.919  -3.042  1018.82   1.866   1.806 1.000 7.947e-10    1.81  321.27
2019/06/16 06:00:00   -0.947  -2.196  1017.81   1.809   1.758 1.000 7.947e-10   54.13  316.72
2019/06/16 09:00:00   -0.400  -1.974  1017.95   1.629   1.529 1.000 4.945e-10  243.28  301.22
2019/06/16 12:00:00   -0.555  -1.213  1016.92   1.480   1.445 1.000 1.413e-10  520.74  304.95
2019/06/16 15:00:00    0.991  -1.979  1016.83   1.637   1.573 1.000 2.119e-10  607.26  290.18
2019/06/16 18:00:00   -0.870  -0.931  1016.37   1.603   1.468 0.951 7.947e-11  455.27  302.74
2019/06/16 21:00:00   -1.423  -1.760  1016.51   1.329   1.265 1.000 4.415e-11  207.36  293.49
2019/06/17 00:00:00   -2.011  -3.704  1016.11   0.736   0.698 1.000 4.768e-10   21.12  297.81
2019/06/17 03:00:00   -1.961  -4.832  1015.72   0.770   0.687 1.000 1.298e-09    2.37  311.69
2019/06/17 06:00:00   -2.381  -6.204  1015.35   1.772   1.581 1.000 3.091e-09   44.69  316.84
2019/06/17 09:00:00   -4.098  -6.754  1015.11   2.445   1.361 0.353 6.623e-10  223.37  294.37
2019/06/17 12:00:00   -4.639  -6.162  1015.38   3.368   1.650 0.020 0.000e+00  649.99  267.23
2019/06/17 15:00:00   -3.154  -6.752  1015.30   3.579   1.660 0.024 0.000e+00  732.77  255.71
2019/06/17 18:00:00   -2.445  -5.364  1014.85   3.852   1.925 0.123 0.000e+00  526.90  261.19
2019/06/17 21:00:00   -1.777  -4.417  1014.62   3.988   2.211 0.016 0.000e+00  255.36  253.38
2019/06/18 00:00:00    1.057  -5.513  1014.76   4.034   2.779 0.018 0.000e+00   40.22  260.13
2019/06/18 03:00:00    2.710  -5.652  1014.48   4.072   2.952 0.086 0.000e+00    3.90  264.75
2019/06/18 06:00:00    3.560  -4.991  1013.69   3.832   3.016 0.002 0.000e+00  107.06  254.92
2019/06/18 09:00:00    0.994  -3.660  1013.97   2.847   2.732 0.042 0.000e+00  398.83  249.93
2019/06/18 12:00:00    0.404  -0.163  1014.18   3.575   1.979 0.038 7.064e-11  614.06  265.74
2019/06/18 15:00:00    0.346   0.825  1014.46   3.860   2.510 0.010 0.000e+00  697.44  268.73
2019/06/18 18:00:00    0.436   2.263  1013.37   4.439   2.981 0.066 8.830e-12  494.38  277.89
2019/06/18 21:00:00    0.609   2.265  1012.69   4.687   3.577 0.253 4.415e-11  231.34  275.96
2019/06/19 00:00:00    0.622   3.258  1012.57   4.670   3.854 1.000 8.830e-12   31.35  300.12
2019/06/19 03:00:00    2.594   2.753  1011.79   4.253   3.777 1.000 4.768e-10    2.95  302.57
2019/06/19 06:00:00    2.437   0.222  1011.19   3.102   2.836 1.000 1.960e-09   52.50  315.11
2019/06/19 09:00:00    0.245   0.454  1011.27   2.516   2.157 1.000 2.472e-10  228.81  319.01
2019/06/19 12:00:00    0.323  -1.263  1011.36   3.210   2.477 1.000 8.654e-10  370.75  325.80
2019/06/19 15:00:00   -1.425  -1.258  1011.61   3.282   2.554 1.000 1.272e-09  477.14  320.04
2019/06/19 18:00:00   -1.226  -0.292  1011.28   3.507   2.426 1.000 6.093e-10  333.84  313.93
2019/06/19 21:00:00   -1.713  -1.970  1011.86   3.206   2.207 1.000 1.042e-09  144.34  311.35
2019/06/20 00:00:00   -1.172  -0.977  1011.94   2.417   1.731 1.000 7.594e-10   23.35  320.34
2019/06/20 03:00:00    0.367  -0.938  1011.53   2.048   1.435 1.000 4.062e-10    2.51  306.88
2019/06/20 06:00:00    2.097   0.253  1010.52   1.900   1.381 1.000 9.184e-10   49.84  319.88
2019/06/20 09:00:00    2.893  -0.340  1010.32   2.155   1.455 1.000 2.296e-10  228.62  310.88
2019/06/20 12:00:00    3.577  -0.383  1009.89   2.466   1.838 1.000 2.119e-10  417.24  310.01
2019/06/20 15:00:00    3.599  -0.735  1009.79   2.606   1.870 1.000 2.119e-10  487.79  315.78
2019/06/20 18:00:00    3.136  -0.446  1009.43   2.570   1.762 1.000 1.236e-10  361.23  310.96
2019/06/20 21:00:00    3.173   0.161  1009.26   2.695   1.499 1.000 0.000e+00  209.96  276.04
2019/06/21 00:00:00    2.618  -0.147  1009.41   3.818   2.002 1.000 8.830e-11   35.25  266.98
2019/06/21 03:00:00    2.269   0.253  1009.68   3.996   2.580 1.000 1.766e-11    3.95  256.43
2019/06/21 06:00:00    3.013   0.519  1009.34   4.123   2.860 1.000 0.000e+00  109.06  250.27
2019/06/21 09:00:00    2.792   0.025  1010.02   3.985   2.949 1.000 1.369e-09  192.11  323.72
2019/06/21 12:00:00    3.627   0.771  1010.73   2.302   1.422 1.000 7.329e-10  368.62  319.19
2019/06/21 15:00:00    4.084   0.420  1011.20   2.602   1.449 1.000 2.826e-10  462.68  317.19
2019/06/21 18:00:00    3.365   0.938  1011.27   2.887   1.524 1.000 7.064e-10  319.44  313.42
2019/06/21 21:00:00    4.691   1.224  1011.54   2.969   1.313 1.000 2.296e-10  157.70  315.21
2019/06/22 00:00:00    5.100   1.126  1012.41   2.477   1.546 1.000 2.649e-10   21.12  311.04
2019/06/22 03:00:00    5.926   1.583  1012.62   2.489   1.682 1.000 3.620e-10    2.22  313.38
2019/06/22 06:00:00    6.681   1.264  1012.37   3.175   2.114 1.000 2.384e-10   52.33  313.13
2019/06/22 09:00:00    4.942   1.939  1013.23   3.706   2.741 0.928 1.236e-10  262.16  308.78
2019/06/22 12:00:00    4.432   3.064  1014.20   4.895   3.714 0.755 1.589e-10  471.44  309.04
2019/06/22 15:00:00    3.434   3.759  1014.53   5.480   4.315 0.091 3.532e-11  593.22  295.89
2019/06/22 18:00:00    4.184   3.595  1014.27   5.861   4.539 0.188 0.000e+00  513.52  283.72
2019/06/22 21:00:00    4.484   3.620  1014.72   5.867   4.596 0.189 2.472e-10  251.49  270.44
2019/06/23 00:00:00    5.095   3.764  1014.50   5.223   4.680 0.211 5.298e-10   35.59  283.63
2019/06/23 03:00:00    5.520   3.545  1014.57   4.976   4.460 0.721 3.267e-10    2.78  304.18
2019/06/23 06:00:00    5.468   4.215  1014.77   5.433   4.241 0.968 2.561e-10   88.26  271.03
2019/06/23 09:00:00    6.287   4.880  1014.84   5.624   4.216 0.547 1.060e-10  321.75  300.23
2019/06/23 12:00:00    5.921   5.303  1015.52   5.606   4.035 0.258 0.000e+00  558.78  296.63
2019/06/23 15:00:00    6.394   5.836  1015.89   5.869   4.085 0.006 0.000e+00  692.15  267.62
2019/06/23 18:00:00    6.385   5.458  1015.70   6.047   4.281 0.152 0.000e+00  560.19  262.92
2019/06/23 21:00:00    5.629   5.726  1016.92   5.985   4.313 0.331 1.413e-10  232.22  281.50
2019/06/24 00:00:00    5.357   5.801  1017.86   6.048   4.442 0.217 7.064e-11   36.39  270.25
2019/06/24 03:00:00    5.727   5.405  1018.80   5.959   4.397 0.328 2.296e-10    3.92  260.99
2019/06/24 06:00:00    5.709   4.607  1019.29   5.848   4.438 1.000 3.532e-11   80.07  282.28
2019/06/24 09:00:00    5.648   4.949  1020.38   6.019   4.459 1.000 2.561e-10  212.14  320.38
2019/06/24 12:00:00    5.629   5.712  1021.33   6.039   4.962 1.000 1.060e-10  381.40  327.93
2019/06/24 15:00:00    7.016   6.767  1021.87   6.304   5.271 1.000 8.124e-10  312.59  332.54
2019/06/24 18:00:00    6.927   6.055  1022.19   6.494   5.514 1.000 0.000e+00  275.74  330.76
2019/06/24 21:00:00    6.194   7.320  1022.09   6.565   5.930 1.000 7.364e-09   73.76  346.20
2019/06/25 00:00:00    6.827   8.984  1020.94   6.772   6.286 0.948 1.192e-09   16.11  345.33
2019/06/25 03:00:00    7.660   8.199  1019.87   6.911   6.544 1.000 1.607e-09    1.49  348.51
2019/06/25 06:00:00    8.007   8.153  1017.91   6.628   6.471 1.000 1.086e-09   23.20  348.27
2019/06/25 09:00:00    9.493   7.606  1017.67   6.568   6.277 1.000 5.731e-09  134.26  347.24
2019/06/25 12:00:00    9.488   6.551  1017.27   6.362   5.973 1.000 2.737e-09  248.48  346.74
2019/06/25 15:00:00    9.151   7.168  1017.20   6.173   5.575 1.000 1.766e-09  283.62  340.92
2019/06/25 18:00:00    8.808   6.056  1016.92   5.794   5.081 1.000 1.766e-09  284.15  332.88
2019/06/25 21:00:00    7.825   4.590  1018.14   5.005   4.141 0.466 1.130e-09  161.89  317.36
2019/06/26 00:00:00    7.065   3.597  1018.75   5.072   3.856 0.028 4.415e-11   40.28  269.85
2019/06/26 03:00:00    5.224   1.661  1019.37   4.783   3.504 0.002 0.000e+00    3.62  254.28
2019/06/26 06:00:00    4.595   1.813  1019.78   4.462   3.290 0.006 0.000e+00  112.04  254.19
2019/06/26 09:00:00    4.226   2.013  1020.52   4.573   3.261 0.040 0.000e+00  401.31  251.40
2019/06/26 12:00:00    5.001   2.911  1020.84   5.031   3.930 0.811 7.064e-11  625.44  270.24
2019/06/26 15:00:00    5.629   4.168  1020.54   5.086   4.567 0.868 3.002e-10  642.85  281.61
2019/06/26 18:00:00    5.493   4.515  1019.84   5.230   5.154 0.986 7.064e-10  353.20  323.86
2019/06/26 21:00:00    3.907   4.646  1019.54   5.537   5.492 1.000 4.081e-08   81.99  336.76
2019/06/27 00:00:00    2.196   5.211  1018.04   5.544   5.486 1.000 1.498e-08   11.54  344.14
2019/06/27 03:00:00    2.763   4.941  1016.35   5.520   5.446 1.000 2.167e-08    0.78  344.46
2019/06/27 06:00:00    3.626   4.879  1015.25   5.615   5.546 1.000 3.864e-08   14.93  344.27
2019/06/27 09:00:00    4.329   5.728  1015.79   5.832   5.772 1.000 2.552e-09   64.21  345.39
2019/06/27 12:00:00    4.650   5.733  1015.50   6.107   5.951 1.000 5.537e-09  157.55  344.62
2019/06/27 15:00:00    3.104   4.402  1014.76   5.878   5.662 1.000 2.340e-09  193.12  344.27
2019/06/27 18:00:00    0.739   4.055  1013.85   5.696   5.525 1.000 2.817e-09  189.54  343.34
2019/06/27 21:00:00   -0.975   3.235  1012.93   5.437   5.342 1.000 8.777e-09   44.88  345.56
2019/06/28 00:00:00   -1.896   1.329  1012.50   5.095   4.993 1.000 5.431e-09    8.66  343.38
2019/06/28 03:00:00   -2.454  -1.624  1011.77   5.228   5.140 1.000 1.959e-08    0.65  342.82
2019/06/28 06:00:00   -1.802  -2.498  1011.78   5.110   4.994 1.000 2.627e-08   12.71  336.45
2019/06/28 09:00:00   -4.819  -5.236  1013.13   3.992   3.663 1.000 3.691e-08  118.89  320.49
2019/06/28 12:00:00   -5.573  -4.105  1014.95   2.115   1.056 1.000 1.466e-09  111.02  329.35
2019/06/28 15:00:00   -6.347  -6.082  1017.20   2.272   0.877 1.000 7.594e-10  228.88  322.92
2019/06/28 18:00:00   -6.505  -5.737  1018.84   2.778   0.823 1.000 1.386e-09  184.29  321.76
2019/06/28 21:00:00   -6.450  -6.065  1020.02   2.707   0.770 0.960 7.241e-10   69.68  320.37
2019/06/29 00:00:00   -5.770  -6.627  1021.09   3.032   0.859 0.849 0.000e+00   21.00  305.70
2019/06/29 03:00:00   -6.242  -7.460  1020.98   2.678   0.644 0.032 0.000e+00    2.36  265.00
2019/06/29 06:00:00   -6.606  -7.564  1020.18   2.304   0.579 0.046 0.000e+00   94.30  252.48
2019/06/29 09:00:00   -7.512  -6.627  1019.89   2.350   0.694 0.088 0.000e+00  384.90  248.14
2019/06/29 12:00:00   -7.011  -5.984  1019.10   2.275   0.661 0.260 0.000e+00  565.56  267.50
2019/06/29 15:00:00   -6.641  -5.842  1018.77   2.508   0.633 0.334 0.000e+00  681.26  266.04
2019/06/29 18:00:00   -6.220  -4.376  1017.84   2.600   0.660 0.856 0.000e+00  480.64  275.44
2019/06/29 21:00:00   -4.420  -4.441  1016.55   2.404   0.615 1.000 0.000e+00  141.02  299.82
2019/06/30 00:00:00   -3.849  -4.464  1015.52   2.211   0.479 1.000 0.000e+00   23.61  289.41
2019/06/30 03:00:00   -4.556  -5.110  1014.75   2.259   0.218 1.000 0.000e+00    1.67  277.80
2019/06/30 06:00:00   -6.585  -4.807  1014.33   2.121   0.331 0.992 7.064e-11   70.93  272.62
2019/06/30 09:00:00   -7.642  -4.309  1015.03   2.301   0.694 1.000 0.000e+00  258.60  283.84
2019/06/30 12:00:00   -7.377  -4.925  1016.52   2.605   0.897 0.998 0.000e+00  571.47  279.34
2019/06/30 15:00:00   -4.207  -5.484  1017.38   2.103   0.613 0.990 0.000e+00  675.18  269.48
2019/06/30 18:00:00   -4.975  -6.480  1018.28   1.882   0.322 0.982 1.766e-11  515.83  267.01
2019/06/30 21:00:00   -5.212  -5.908  1019.36   1.208  -0.535 0.990 0.000e+00  171.82  274.05
2019/07/01 00:00:00   -5.433  -5.337  1019.25   1.404  -0.345 1.000 8.830e-12   30.33  258.28
2019/07/01 03:00:00   -6.010  -1.732  1019.34   1.415  -0.320 1.000 1.436e-08    0.67  305.60
2019/07/01 06:00:00   -4.292   0.376  1019.90   1.522  -0.180 1.000 4.625e-08   12.36  317.29
2019/07/01 09:00:00   -1.452   2.017  1020.32   1.649  -0.026 1.000 7.153e-10  118.52  310.48
2019/07/01 12:00:00    0.517   2.787  1019.51   2.536   0.950 0.922 0.000e+00  379.43  308.35
2019/07/01 15:00:00    1.801   3.392  1020.08   3.098   1.585 0.370 0.000e+00  696.64  262.53
2019/07/01 18:00:00    3.412   3.214  1019.68   3.519   2.089 0.000 0.000e+00  560.29  250.89
2019/07/01 21:00:00    3.999   2.883  1019.54   3.919   2.442 0.000 0.000e+00  263.31  250.29
2019/07/02 00:00:00    4.720   3.430  1019.76   3.999   2.589 0.243 0.000e+00   39.55  251.22
2019/07/02 03:00:00    3.389   3.059  1019.44   3.766   2.559 0.986 0.000e+00    1.36  252.91
2019/07/02 06:00:00    1.756   3.224  1020.78   3.521   2.520 0.231 0.000e+00  101.32  251.38
2019/07/02 09:00:00   -1.273   2.217  1021.76   3.203   2.384 0.908 0.000e+00  383.92  252.08
2019/07/02 12:00:00   -3.566  -0.330  1022.96   3.233   2.499 0.984 0.000e+00  632.25  255.77
2019/07/02 15:00:00   -4.508   0.392  1023.12   3.409   2.472 0.136 0.000e+00  742.13  249.89
2019/07/02 18:00:00   -6.005  -1.147  1022.42   3.187   2.203 0.871 0.000e+00  469.36  269.59
2019/07/02 21:00:00   -6.320  -2.067  1021.21   2.881   2.002 0.994 8.830e-12  153.52  299.32
2019/07/03 00:00:00   -7.879  -2.989  1020.80   2.536   1.813 1.000 3.532e-11   13.94  315.73
2019/07/03 03:00:00   -8.612  -2.596  1018.84   2.890   1.396 1.000 0.000e+00    0.28  322.12
2019/07/03 06:00:00   -9.660  -4.167  1016.30   3.085   1.341 1.000 6.217e-09   22.84  319.78
2019/07/03 09:00:00  -11.100  -3.632  1014.73   4.330   1.924 0.938 5.394e-08  129.36  318.74
2019/07/03 12:00:00  -12.370  -3.656  1013.95   4.719   2.351 1.000 1.218e-07  111.99  328.55
2019/07/03 15:00:00  -12.049  -3.425  1013.41   4.610   2.591 1.000 8.292e-08  115.71  331.66
2019/07/03 18:00:00  -10.927  -2.408  1013.57   5.119   2.623 0.996 6.511e-08   99.86  330.52
2019/07/03 21:00:00   -8.312  -5.720  1014.09   3.941   1.962 0.982 1.638e-08   61.85  323.99
2019/07/04 00:00:00   -6.666  -7.404  1014.77   2.991   1.502 0.972 4.768e-10   17.48  309.10
2019/07/04 03:00:00   -6.388  -7.823  1014.63   1.941   1.083 1.000 5.828e-10    0.22  316.50
2019/07/04 06:00:00   -5.420  -8.585  1015.67   1.745   0.847 1.000 8.195e-09   17.76  320.10
2019/07/04 09:00:00   -4.508  -8.677  1016.29   2.005   0.987 1.000 3.323e-08   75.68  321.54
2019/07/04 12:00:00   -5.224  -9.607  1017.68   2.045   1.136 1.000 4.887e-08  208.52  322.80
2019/07/04 15:00:00   -4.589  -8.224  1018.95   2.080   1.137 1.000 6.375e-09  394.75  308.06
2019/07/04 18:00:00   -3.100  -8.464  1020.08   1.991   1.030 0.960 7.612e-09  428.07  297.34
2019/07/04 21:00:00   -2.366  -7.850  1021.72   1.983   0.972 0.920 4.592e-10  168.92  302.12
2019/07/05 00:00:00   -1.472  -7.653  1022.67   2.127   0.935 0.642 1.325e-10   18.10  305.34
2019/07/05 03:00:00   -1.303  -5.477  1023.16   2.282   0.991 0.516 0.000e+00    0.37  285.60
2019/07/05 06:00:00    1.142  -4.230  1023.01   2.148   1.037 0.144 0.000e+00   90.84  271.01
2019/07/05 09:00:00    1.042  -2.711  1023.70   1.991   1.160 0.087 0.000e+00  353.26  256.54
2019/07/05 12:00:00    1.213  -0.376  1023.77   2.538   2.076 1.000 0.000e+00  585.15  260.23
2019/07/05 15:00:00    3.171  -0.254  1023.81   2.729   2.608 1.000 5.298e-11  617.58  294.15
2019/07/05 18:00:00    3.027   1.826  1023.23   2.646   2.525 1.000 3.179e-10  452.18  302.20
2019/07/05 21:00:00    3.744   1.559  1022.43   3.322   2.476 1.000 7.241e-10  170.08  313.72
2019/07/06 00:00:00    3.391   2.486  1022.39   3.287   2.595 0.146 4.415e-10   31.22  277.58
2019/07/06 03:00:00    3.756   3.454  1021.38   4.024   2.877 0.002 0.000e+00    0.28  269.78
2019/07/06 06:00:00    4.185   3.208  1020.55   3.503   3.296 0.462 1.148e-10   85.46  269.04
2019/07/06 09:00:00    4.456   3.310  1019.97   2.782   2.673 1.000 9.978e-10  254.03  308.89
2019/07/06 12:00:00    3.782   1.802  1019.55   3.070   2.955 1.000 8.919e-10  433.67  309.74
2019/07/06 15:00:00    3.571   1.201  1019.93   3.035   2.890 1.000 5.386e-10  448.28  314.29
2019/07/06 18:00:00    1.995   0.234  1019.75   2.782   2.630 1.000 7.859e-10  333.90  310.74
2019/07/06 21:00:00    1.079  -0.465  1019.90   2.543   2.384 1.000 2.967e-09  128.21  320.47
2019/07/07 00:00:00    0.758  -1.268  1020.52   1.567   1.465 1.000 3.550e-09   17.25  320.19
2019/07/07 03:00:00   -0.117  -0.844  1020.51   0.895   0.788 1.000 1.722e-09    0.07  318.23
2019/07/07 06:00:00   -1.996  -0.174  1021.35   0.288   0.177 1.000 2.172e-09   46.86  307.50
2019/07/07 09:00:00   -1.893   0.174  1022.03   0.400   0.288 1.000 1.219e-09  174.07  318.51
2019/07/07 12:00:00   -1.594   0.264  1022.81   1.473   1.257 1.000 3.356e-10  382.39  315.20
2019/07/07 15:00:00   -1.341  -1.338  1022.99   2.392   1.830 0.966 4.768e-10  530.67  304.57
2019/07/07 18:00:00   -1.954  -1.566  1022.96   2.469   1.967 0.784 2.296e-10  441.27  291.00
2019/07/07 21:00:00   -3.480  -0.310  1023.00   2.091   1.870 0.833 2.208e-10  197.59  294.23
2019/07/08 00:00:00   -0.014   0.793  1022.53   2.178   1.924 0.992 2.208e-10   28.59  290.81
2019/07/08 03:00:00   -1.018  -1.951  1021.76   2.194   1.939 1.000 7.329e-10    0.03  305.60
2019/07/08 06:00:00   -1.548  -0.312  1021.10   1.856   1.679 1.000 1.413e-10   41.14  309.26
2019/07/08 09:00:00   -0.075   1.350  1020.92   2.015   1.736 1.000 7.241e-10  123.73  324.97
2019/07/08 12:00:00    0.413   0.185  1020.59   2.614   2.550 1.000 9.802e-10  250.14  324.87
2019/07/08 15:00:00   -0.122  -1.443  1020.65   2.626   2.509 1.000 7.506e-09  198.10  329.20
2019/07/08 18:00:00   -2.258  -2.164  1020.53   1.929   1.785 1.000 1.068e-08   75.90  327.36
2019/07/08 21:00:00   -0.812  -1.008  1020.31   1.883   1.593 0.992 7.700e-09   38.10  327.30
2019/07/09 00:00:00   -1.943  -3.214  1020.73   1.999   1.701 1.000 1.959e-08    5.14  322.96
2019/07/09 03:00:00   -1.318  -4.497  1019.42   2.106   1.445 1.000 2.303e-08    0.00  325.45
2019/07/09 06:00:00   -1.891  -4.816  1019.56   1.973   1.468 1.000 8.680e-09   13.23  324.97
2019/07/09 09:00:00   -1.421  -4.765  1019.22   2.052   1.480 1.000 9.184e-10  112.28  321.86
2019/07/09 12:00:00   -1.011  -4.711  1018.61   2.344   1.842 1.000 4.239e-10  304.86  318.82
2019/07/09 15:00:00   -0.236  -4.484  1018.37   2.501   2.042 1.000 1.395e-09  258.10  324.03
2019/07/09 18:00:00   -0.307  -4.714  1017.91   2.541   2.167 1.000 9.625e-10  132.25  328.31
2019/07/09 21:00:00   -0.026  -4.490  1018.04   2.552   2.214 1.000 1.413e-10   58.43  326.65
2019/07/10 00:00:00   -0.362  -5.130  1017.48   2.354   2.052 1.000 3.532e-11    7.71  327.22
2019/07/10 03:00:00   -0.920  -4.841  1017.29   2.359   2.013 1.000 0.000e+00    0.00  325.98
2019/07/10 06:00:00    0.129  -5.603  1016.70   2.263   1.959 1.000 0.000e+00   18.96  324.67
2019/07/10 09:00:00   -0.243  -6.373  1017.00   2.223   1.912 1.000 1.060e-10   99.29  327.60
2019/07/10 12:00:00   -0.175  -6.319  1016.35   2.502   2.223 1.000 0.000e+00  211.88  326.82
2019/07/10 15:00:00   -0.455  -6.274  1015.93   2.672   2.337 1.000 7.064e-11  403.44  317.40
2019/07/10 18:00:00   -0.638  -5.656  1015.59   2.416   2.285 1.000 8.830e-11  304.84  314.18
2019/07/10 21:00:00   -0.571  -4.564  1015.04   2.261   2.138 1.000 1.589e-10  116.82  312.81
2019/07/11 00:00:00   -0.283  -4.052  1014.51   1.971   1.875 1.000 2.923e-09   13.12  317.71
2019/07/11 03:00:00   -0.073  -3.751  1014.53   1.898   1.795 1.000 1.828e-09    0.00  323.48
2019/07/11 06:00:00   -0.589  -3.353  1014.27   2.004   1.888 1.000 8.300e-10   35.99  319.69
2019/07/11 09:00:00   -0.356  -3.451  1014.63   2.192   2.016 1.000 1.298e-09  157.95  314.89
2019/07/11 12:00:00   -1.034  -2.202  1014.66   2.137   1.999 1.000 2.649e-10  366.91  316.60
2019/07/11 15:00:00    0.413  -2.328  1015.12   2.453   2.039 1.000 5.475e-10  397.01  317.96
2019/07/11 18:00:00   -1.443  -1.389  1015.16   2.425   1.895 1.000 1.095e-09  326.28  321.26
2019/07/11 21:00:00   -0.120  -0.965  1015.42   2.385   1.889 1.000 1.139e-09  116.81  313.89
2019/07/12 00:00:00   -0.864  -1.652  1016.05   2.289   1.987 1.000 1.015e-09   12.09  318.53
2019/07/12 03:00:00   -0.639  -2.247  1016.22   1.812   1.519 1.000 5.475e-10    0.00  319.76
2019/07/12 06:00:00   -1.311  -2.260  1016.85   1.775   1.436 1.000 4.592e-10   16.22  319.02
2019/07/12 09:00:00   -0.706  -3.248  1017.61   1.850   1.347 1.000 1.056e-08   67.13  323.09
2019/07/12 12:00:00   -1.489  -2.862  1017.64   2.174   1.616 1.000 1.856e-08  108.33  323.76
2019/07/12 15:00:00   -0.938  -3.751  1018.24   2.402   1.848 1.000 2.686e-08  100.68  326.39
2019/07/12 18:00:00   -0.802  -4.108  1018.21   2.470   1.973 1.000 2.623e-08  114.01  327.44
2019/07/12 21:00:00   -0.515  -3.425  1018.19   2.482   1.997 1.000 2.070e-08   25.55  328.29
2019/07/13 00:00:00    0.852  -3.676  1018.35   2.538   2.002 1.000 1.669e-08    6.98  328.83
2019/07/13 03:00:00    0.924  -3.892  1018.13   2.531   1.905 1.000 2.993e-08    0.00  329.98
2019/07/13 06:00:00    0.911  -2.870  1017.99   2.542   1.946 1.000 6.879e-09   12.80  328.37
2019/07/13 09:00:00    2.415  -2.041  1018.57   2.680   2.095 1.000 3.532e-10  140.84  317.41
2019/07/13 12:00:00    1.857  -1.698  1017.92   2.906   2.418 0.856 2.119e-10  330.41  322.81
2019/07/13 15:00:00    2.387  -0.422  1018.23   3.043   2.434 0.972 1.413e-10  478.40  314.74
2019/07/13 18:00:00    2.119   0.604  1017.73   2.791   2.271 1.000 4.945e-10  278.67  318.29
2019/07/13 21:00:00    2.932   1.425  1017.83   2.807   2.275 1.000 1.201e-09  118.77  319.14
2019/07/14 00:00:00    2.122   0.453  1017.58   3.104   2.684 0.996 2.631e-09   11.43  325.96
2019/07/14 03:00:00    1.794   1.531  1017.07   3.226   2.769 1.000 2.093e-09    0.00  322.67
2019/07/14 06:00:00    1.793   0.525  1017.72   3.388   2.984 1.000 1.528e-09   38.34  330.41
2019/07/14 09:00:00    0.378   0.368  1017.89   3.555   3.205 1.000 1.501e-09  155.32  326.01
2019/07/14 12:00:00   -0.173  -0.256  1018.25   3.966   3.577 1.000 7.947e-10  375.73  327.11
2019/07/14 15:00:00   -0.518  -0.071  1018.33   4.105   3.598 1.000 2.649e-10  429.74  325.56
2019/07/14 18:00:00   -2.008  -1.979  1018.04   3.782   3.331 1.000 3.267e-10  281.05  324.41
2019/07/14 21:00:00   -4.424  -2.150  1017.18   3.240   2.788 1.000 7.064e-11  124.82  312.07
2019/07/15 00:00:00   -6.151  -2.615  1016.73   2.672   2.376 1.000 0.000e+00   10.08  322.51
2019/07/15 03:00:00   -5.496  -3.171  1016.34   2.970   2.622 1.000 3.038e-09    0.00  326.35
2019/07/15 06:00:00   -6.257  -4.778  1015.85   3.317   2.979 1.000 8.583e-09   12.44  331.28
2019/07/15 09:00:00   -7.407  -4.590  1015.15   3.602   3.253 1.000 4.212e-08   40.52  335.92
2019/07/15 12:00:00   -7.671  -4.938  1014.85   4.879   4.177 1.000 1.236e-07   81.43  340.34
2019/07/15 15:00:00   -8.966  -3.833  1014.63   5.273   4.709 1.000 7.954e-08   90.97  345.69
2019/07/15 18:00:00   -8.756  -3.118  1014.00   5.333   4.954 1.000 3.121e-08   59.60  347.86
2019/07/15 21:00:00   -8.149  -2.346  1013.89   5.185   4.914 1.000 3.762e-08   19.93  347.07
2019/07/16 00:00:00   -7.193  -2.665  1014.20   5.030   4.883 1.000 9.016e-09    4.38  344.55
2019/07/16 03:00:00   -6.133  -2.959  1013.43   4.947   4.795 1.000 8.671e-09    0.00  343.56
2019/07/16 06:00:00   -4.887  -4.784  1012.96   4.708   4.558 1.000 9.519e-09   16.51  338.97
2019/07/16 09:00:00   -4.945  -5.242  1011.84   4.294   4.146 1.000 9.272e-10  171.17  336.12
2019/07/16 12:00:00   -3.442  -6.940  1011.06   4.994   4.893 1.000 8.830e-10  340.95  332.17
2019/07/16 15:00:00   -4.142  -6.408  1009.79   5.055   4.838 1.000 8.830e-11  293.25  336.07
2019/07/16 18:00:00   -3.389  -7.092  1008.92   5.245   4.940 1.000 3.709e-10  136.85  340.56
2019/07/16 21:00:00   -3.839  -7.902  1008.06   5.430   5.030 1.000 5.916e-10   62.57  342.64
2019/07/17 00:00:00   -4.417  -8.862  1007.97   5.506   5.238 1.000 2.879e-09    4.93  342.51
2019/07/17 03:00:00   -4.837  -8.274  1007.93   5.352   5.067 1.000 3.029e-09    0.00  342.38
2019/07/17 06:00:00   -5.690  -8.336  1008.48   5.340   5.030 1.000 3.797e-09    8.63  339.78
2019/07/17 09:00:00   -7.025  -6.901  1009.49   5.407   4.882 1.000 8.071e-09   39.52  339.25
2019/07/17 12:00:00   -6.123  -7.690  1010.30   4.766   4.225 1.000 1.326e-08   63.18  338.78
2019/07/17 15:00:00   -6.373  -7.974  1011.11   4.669   4.060 1.000 9.537e-10  152.47  337.67
2019/07/17 18:00:00   -5.916  -7.519  1011.25   4.569   3.865 1.000 1.766e-11  250.35  334.02
2019/07/17 21:00:00   -5.068  -7.082  1011.36   4.452   3.752 1.000 2.826e-10  118.57  337.71
2019/07/18 00:00:00   -3.966  -6.662  1011.72   4.609   3.933 0.939 9.802e-10   11.12  326.78
2019/07/18 03:00:00   -3.254  -6.366  1010.91   4.398   3.960 0.877 1.572e-09    0.00  331.76
2019/07/18 06:00:00   -2.605  -6.099  1010.92   4.080   3.859 0.941 2.737e-09   21.46  332.57
2019/07/18 09:00:00   -1.353  -6.517  1010.89   4.049   3.803 1.000 3.356e-10  185.67  327.50
2019/07/18 12:00:00   -1.153  -5.915  1010.81   4.683   4.248 1.000 8.124e-10  297.18  329.81
2019/07/18 15:00:00   -1.308  -5.190  1010.67   4.453   4.157 1.000 1.413e-10  403.81  324.88
2019/07/18 18:00:00    0.548  -5.157  1010.56   3.849   3.799 0.998 5.122e-10  315.63  327.21
2019/07/18 21:00:00    0.221  -5.346  1011.25   3.548   3.498 0.878 8.654e-10  114.44  316.83
2019/07/19 00:00:00   -0.222  -5.325  1011.36   4.153   3.661 0.953 1.060e-09   10.23  323.59
2019/07/19 03:00:00   -0.183  -5.537  1011.74   4.094   3.462 0.972 1.325e-09    0.00  322.40
2019/07/19 06:00:00   -0.479  -5.334  1012.32   4.250   3.360 0.992 2.552e-09   33.14  326.90
2019/07/19 09:00:00   -1.087  -4.895  1012.88   4.465   3.523 0.938 9.095e-10  160.47  326.73
2019/07/19 12:00:00   -0.359  -4.987  1013.07   3.829   3.333 0.937 3.532e-10  364.51  317.81
2019/07/19 15:00:00   -1.110  -4.494  1013.02   3.951   3.585 0.968 1.766e-10  409.37  322.15
2019/07/19 18:00:00   -0.928  -4.085  1012.20   4.067   3.788 0.939 1.422e-09  357.18  327.63
2019/07/19 21:00:00   -0.631  -3.914  1012.30   4.008   3.818 0.804 3.797e-10  131.93  315.71
2019/07/20 00:00:00   -0.570  -2.886  1011.55   3.865   3.228 0.667 2.119e-10   13.37  311.78
2019/07/20 03:00:00   -0.341  -3.505  1010.68   3.618   3.089 0.501 4.503e-10    0.00  300.70
2019/07/20 06:00:00   -1.527  -2.258  1010.48   3.593   2.971 0.595 7.064e-11   50.40  295.66
2019/07/20 09:00:00   -1.259  -3.330  1010.60   3.583   2.958 0.733 2.826e-10  265.44  294.57
2019/07/20 12:00:00   -1.713  -3.014  1010.39   3.624   2.921 0.825 1.589e-10  542.42  283.07
2019/07/20 15:00:00   -2.460  -3.271  1010.90   3.184   3.009 0.860 8.830e-11  563.31  303.55
2019/07/20 18:00:00   -2.118  -4.282  1010.70   3.423   3.306 1.000 1.060e-10  333.46  322.26
2019/07/20 21:00:00   -3.740  -4.911  1010.93   3.679   3.528 1.000 8.830e-10   98.45  325.07
2019/07/21 00:00:00   -3.639  -4.779  1011.26   3.592   3.459 1.000 8.300e-10    6.33  323.50
2019/07/21 03:00:00   -2.395  -4.991  1011.01   3.851   3.674 1.000 2.287e-09    0.00  327.31
2019/07/21 06:00:00   -3.113  -4.505  1009.96   3.947   3.780 1.000 1.740e-09   23.93  334.90
2019/07/21 09:00:00   -2.752  -3.807  1010.65   4.144   3.870 1.000 8.830e-10  143.89  336.84
2019/07/21 12:00:00   -2.548  -3.709  1009.72   4.944   4.623 0.980 1.236e-09  293.39  334.95
2019/07/21 15:00:00   -2.311  -4.085  1010.20   5.047   4.687 0.840 5.475e-10  298.35  338.42
2019/07/21 18:00:00   -2.091  -3.665  1010.07   5.050   4.701 0.860 5.298e-10  306.56  329.82
2019/07/21 21:00:00   -1.789  -3.041  1009.95   4.985   4.647 0.936 8.389e-10  121.60  327.72
2019/07/22 00:00:00   -1.512  -3.324  1009.81   4.848   4.710 1.000 2.764e-09    5.94  327.08
2019/07/22 03:00:00   -1.331  -3.394  1009.45   4.690   4.563 1.000 1.934e-09    0.00  334.54
2019/07/22 06:00:00   -1.401  -2.299  1008.64   4.662   4.494 1.000 2.472e-09   27.85  337.96
2019/07/22 09:00:00   -0.445  -1.876  1008.76   4.700   4.477 1.000 9.802e-10  144.42  335.44
2019/07/22 12:00:00   -1.105  -0.654  1007.86   4.918   4.528 1.000 3.885e-10  299.59  332.97
2019/07/22 15:00:00    0.342  -0.998  1007.65   5.340   4.819 1.000 4.239e-10  395.03  335.82
2019/07/22 18:00:00   -1.094   0.971  1006.88   5.722   5.119 1.000 7.594e-10  253.32  337.27
2019/07/22 21:00:00    0.515   0.782  1007.80   5.640   5.178 1.000 1.501e-09   87.06  337.79
2019/07/23 00:00:00   -0.437   0.546  1008.41   5.313   4.963 1.000 1.272e-09    4.32  339.93
2019/07/23 03:00:00   -1.567  -1.252  1009.34   4.928   4.624 1.000 3.161e-09    0.00  336.42
2019/07/23 06:00:00   -4.131  -2.903  1010.37   4.833   4.627 0.852 1.678e-09   22.28  336.65
2019/07/23 09:00:00   -6.078  -3.786  1012.29   4.976   4.501 0.896 1.890e-09  132.81  327.89
2019/07/23 12:00:00   -5.403  -5.108  1014.36   4.965   4.423 0.992 1.298e-09  325.74  322.02
2019/07/23 15:00:00   -4.797  -6.008  1014.99   4.885   3.969 0.998 1.943e-10  375.28  325.27
2019/07/23 18:00:00   -5.363  -5.956  1015.31   4.779   3.193 0.747 4.415e-11  440.10  276.38
2019/07/23 21:00:00   -5.451  -5.419  1016.09   4.812   3.215 0.687 1.589e-10  171.66  298.86
2019/07/24 00:00:00   -4.981  -5.985  1016.47   4.689   3.475 0.611 0.000e+00    7.24  296.32
2019/07/24 03:00:00   -3.817  -6.610  1016.53   4.603   3.484 0.735 0.000e+00    0.00  272.71
2019/07/24 06:00:00   -3.385  -6.662  1015.98   4.698   3.382 0.238 0.000e+00   53.16  262.22
2019/07/24 09:00:00   -2.640  -5.845  1015.96   5.005   3.382 0.696 1.060e-10  283.73  283.33
2019/07/24 12:00:00   -0.254  -5.587  1015.23   5.321   3.538 0.096 0.000e+00  453.34  307.16
2019/07/24 15:00:00   -1.615  -6.085  1014.99   5.280   3.485 1.000 0.000e+00  552.95  295.65
2019/07/24 18:00:00   -3.260  -6.410  1014.69   5.345   3.494 0.992 0.000e+00  453.82  290.51
2019/07/24 21:00:00   -4.954  -7.621  1014.91   5.194   3.622 1.000 2.439e-08   66.79  324.55
2019/07/25 00:00:00   -4.495  -9.000  1014.77   5.293   3.886 1.000 7.550e-08    1.93  324.77
2019/07/25 03:00:00   -3.655  -8.436  1014.01   4.807   3.835 1.000 4.952e-08    0.00  329.07
2019/07/25 06:00:00   -2.439  -9.512  1013.97   4.698   3.711 1.000 4.536e-08   10.21  332.42
2019/07/25 09:00:00   -2.794  -9.144  1013.45   4.893   3.566 1.000 2.971e-08   54.53  332.77
2019/07/25 12:00:00   -4.237  -8.596  1013.43   5.313   3.486 0.779 6.428e-09  261.17  322.80
2019/07/25 15:00:00   -4.222  -8.877  1013.45   5.312   3.336 1.000 5.285e-08  196.37  324.43
2019/07/25 18:00:00   -3.941  -9.800  1013.46   5.105   3.232 1.000 1.513e-07   69.64  328.56
2019/07/25 21:00:00   -5.986  -9.535  1014.01   5.089   3.298 1.000 1.318e-07   16.93  333.23
2019/07/26 00:00:00   -6.740  -8.720  1014.18   4.803   3.311 1.000 9.351e-08    0.56  331.50
2019/07/26 03:00:00   -8.755  -7.981  1014.38   4.734   3.346 1.000 9.662e-08    0.00  329.06
2019/07/26 06:00:00   -9.226  -8.177  1014.85   4.609   3.082 1.000 6.105e-08    7.86  328.49
2019/07/26 09:00:00   -9.364  -8.593  1015.71   4.399   2.856 1.000 5.722e-08   41.41  330.36
2019/07/26 12:00:00   -8.720  -8.710  1016.15   4.191   2.671 1.000 4.685e-08   73.89  328.87
2019/07/26 15:00:00   -8.250  -8.315  1016.64   4.025   2.555 1.000 3.569e-08   78.68  327.55
2019/07/26 18:00:00   -7.345  -8.796  1016.97   3.983   2.457 1.000 1.487e-08   66.26  326.13
2019/07/26 21:00:00   -8.655 -10.406  1017.28   4.057   2.283 1.000 1.127e-08   25.61  326.67
2019/07/27 00:00:00   -7.404 -10.084  1017.56   4.026   2.382 1.000 1.220e-08    0.73  324.88
2019/07/27 03:00:00   -7.031  -9.557  1017.29   4.308   2.376 1.000 2.278e-09    0.00  326.95
2019/07/27 06:00:00   -7.571  -9.397  1016.97   4.624   2.383 1.000 6.270e-10   10.64  327.17
2019/07/27 09:00:00   -5.843  -9.740  1017.35   4.972   2.448 1.000 4.424e-09   70.62  327.97
2019/07/27 12:00:00   -6.479 -10.868  1017.09   4.896   2.596 1.000 2.499e-08   84.71  325.44
2019/07/27 15:00:00   -6.476 -11.415  1015.79   4.490   2.204 1.000 1.138e-07  160.24  327.06
2019/07/27 18:00:00   -9.259 -10.352  1014.60   4.279   2.215 1.000 1.257e-07   66.45  329.10
2019/07/27 21:00:00  -10.992  -9.213  1013.57   4.203   2.463 1.000 1.364e-07   17.26  331.90
2019/07/28 00:00:00  -12.557  -6.302  1013.21   4.246   3.056 1.000 1.266e-07    0.48  331.95
2019/07/28 03:00:00  -11.981  -4.969  1013.20   4.329   3.263 1.000 4.476e-08    0.00  334.19
2019/07/28 06:00:00  -11.009  -3.795  1014.26   4.609   3.808 0.984 1.938e-08    9.21  335.90
2019/07/28 09:00:00  -10.297  -5.228  1015.77   4.395   3.788 0.920 3.179e-10   94.74  338.91
2019/07/28 12:00:00  -10.275  -4.831  1017.14   4.362   3.738 1.000 5.033e-10  123.84  337.24
2019/07/28 15:00:00  -10.395  -4.131  1018.58   4.236   3.593 1.000 7.153e-10  235.75  336.10
2019/07/28 18:00:00   -9.965  -4.873  1019.10   4.062   3.387 1.000 2.411e-09  116.76  336.42
2019/07/28 21:00:00   -9.430  -5.328  1019.72   3.987   3.244 1.000 2.188e-08   36.37  337.51
2019/07/29 00:00:00   -8.974  -5.054  1019.17   3.987   3.282 1.000 3.350e-08    0.58  335.30
2019/07/29 03:00:00   -8.493  -5.074  1018.48   4.092   3.482 1.000 6.757e-08    0.00  335.49
2019/07/29 06:00:00   -8.471  -3.826  1018.04   4.505   4.030 1.000 1.164e-07    4.15  338.00
2019/07/29 09:00:00   -9.383  -3.475  1018.53   4.946   4.594 1.000 2.297e-08   62.25  339.34
2019/07/29 12:00:00  -10.321  -4.877  1018.77   4.431   4.195 1.000 8.989e-09   93.60  339.75
2019/07/29 15:00:00  -11.173  -5.744  1018.92   4.398   3.821 1.000 1.031e-08  153.93  338.07
2019/07/29 18:00:00  -12.061  -6.850  1017.81   4.426   3.764 1.000 6.270e-10  163.06  338.18
2019/07/29 21:00:00  -12.245  -8.284  1018.00   4.477   3.549 1.000 1.236e-10   54.21  332.76
2019/07/30 00:00:00  -13.141  -8.796  1017.64   4.769   3.539 1.000 8.830e-11    1.36  332.11
2019/07/30 03:00:00  -13.729  -8.876  1018.15   4.915   3.883 1.000 1.943e-10    0.00  317.12
2019/07/30 06:00:00  -13.776  -9.399  1018.38   4.485   3.645 1.000 1.139e-09   10.71  336.13
2019/07/30 09:00:00  -14.111  -9.611  1019.44   4.441   3.429 0.984 1.589e-10  157.29  333.24
2019/07/30 12:00:00  -13.428  -9.110  1020.07   5.286   3.868 0.996 4.044e-09  284.07  334.27
2019/07/30 15:00:00  -13.250  -8.473  1020.87   5.566   3.995 1.000 1.492e-08  200.12  347.75
2019/07/30 18:00:00  -12.899  -7.803  1021.43   5.591   4.062 1.000 3.620e-09  110.46  347.69
2019/07/30 21:00:00  -12.025  -7.853  1022.58   5.660   4.221 0.996 2.843e-09   65.64  345.85
2019/07/31 00:00:00  -11.253  -7.589  1023.62   5.494   4.310 1.000 1.766e-10    0.77  343.87
2019/07/31 03:00:00  -10.377  -7.155  1023.73   5.321   4.259 0.620 0.000e+00    0.00  323.77
2019/07/31 06:00:00   -9.633  -7.460  1023.86   5.141   4.354 0.772 1.060e-10   22.48  311.40
2019/07/31 09:00:00   -9.628  -7.777  1023.84   4.844   4.432 1.000 0.000e+00  259.81  288.80
2019/07/31 12:00:00   -9.006  -7.198  1024.07   4.658   4.327 1.000 1.068e-09  298.51  325.84
2019/07/31 15:00:00   -8.764  -6.943  1023.83   4.623   4.207 1.000 1.501e-09  331.73  330.87
2019/07/31 18:00:00   -8.786  -6.520  1023.56   4.392   3.838 0.629 5.475e-10  282.32  324.17
2019/07/31 21:00:00   -8.419  -6.184  1023.67   4.315   3.729 0.743 6.888e-10  127.83  293.45
2019/08/01 00:00:00   -7.475  -5.662  1023.82   4.151   3.608 0.703 1.581e-09    0.74  305.86
2019/08/01 03:00:00   -6.414  -5.949  1023.78   4.104   3.531 1.000 9.448e-10    0.00  297.23
2019/08/01 06:00:00   -6.203  -5.703  1023.50   4.085   3.412 0.980 1.148e-09   22.93  306.40
2019/08/01 09:00:00   -5.721  -4.927  1023.69   4.170   3.352 0.404 3.091e-10  207.71  303.46
2019/08/01 12:00:00   -4.696  -5.168  1024.08   3.711   2.774 0.198 1.766e-11  496.39  274.52
2019/08/01 15:00:00   -3.658  -3.938  1024.07   3.582   2.889 0.288 1.766e-11  620.75  276.37
2019/08/01 18:00:00   -3.031  -4.475  1023.96   3.313   2.952 1.000 0.000e+00  404.19  294.73
2019/08/01 21:00:00   -2.249  -3.004  1024.09   3.185   3.024 1.000 3.974e-10  105.86  306.24
2019/08/02 00:00:00   -0.736  -2.941  1024.27   2.930   2.728 1.000 1.060e-09    0.44  311.68
2019/08/02 03:00:00    0.131  -3.413  1024.06   2.728   2.632 1.000 2.525e-09    0.00  316.68
2019/08/02 06:00:00    0.010  -2.508  1024.00   2.613   2.532 1.000 3.550e-09   13.36  328.51
2019/08/02 09:00:00    0.237  -1.664  1024.06   2.572   2.461 1.000 4.133e-09  130.21  320.85
2019/08/02 12:00:00    0.807  -1.831  1024.50   2.985   2.743 1.000 1.492e-09  292.37  319.06
2019/08/02 15:00:00    1.865  -0.767  1024.34   3.153   2.751 1.000 5.475e-10  384.74  322.24
2019/08/02 18:00:00    1.897  -0.229  1024.11   3.044   2.550 1.000 7.594e-10  254.80  314.03
2019/08/02 21:00:00    2.317   0.252  1023.73   2.900   2.459 1.000 1.325e-09   80.38  318.33
2019/08/03 00:00:00    2.106   0.560  1023.19   2.367   2.237 1.000 1.404e-09    0.20  324.06
2019/08/03 03:00:00    2.626   0.578  1022.65   2.749   2.349 0.970 1.704e-09    0.00  317.11
2019/08/03 06:00:00    2.089   1.800  1022.08   3.476   2.853 0.360 2.367e-09   17.92  308.21
2019/08/03 09:00:00    3.197   2.873  1021.59   3.928   3.679 0.850 1.060e-10  239.14  283.07
2019/08/03 12:00:00    4.521   1.989  1021.49   4.006   3.761 1.000 3.885e-10  443.06  296.68
2019/08/03 15:00:00    4.535   1.266  1020.93   4.263   3.799 1.000 2.472e-10  543.82  294.07
2019/08/03 18:00:00    4.443   2.305  1020.61   4.282   3.743 1.000 7.064e-11  422.46  282.17
2019/08/03 21:00:00    4.197   1.333  1020.44   3.995   3.540 1.000 1.731e-09  104.22  314.02
2019/08/04 00:00:00    3.740   0.809  1020.86   2.840   2.702 1.000 2.066e-09    0.07  322.87
2019/08/04 03:00:00    2.569  -0.862  1021.06   2.510   2.400 1.000 2.367e-09    0.00  323.47
2019/08/04 06:00:00    0.268  -1.167  1021.54   2.015   1.907 1.000 1.130e-09   11.92  321.34
2019/08/04 09:00:00   -0.954  -1.887  1022.00   1.870   1.724 1.000 3.356e-10  139.98  316.11
2019/08/04 12:00:00   -3.648  -4.210  1022.42   2.263   2.145 1.000 2.472e-10  315.54  321.24
2019/08/04 15:00:00   -3.998  -4.170  1022.23   2.811   2.461 1.000 1.325e-09  389.03  323.70
2019/08/04 18:00:00   -3.317  -5.132  1021.59   2.798   2.420 1.000 6.093e-10  228.90  321.65
2019/08/04 21:00:00   -3.746  -4.550  1020.77   2.988   2.392 1.000 5.122e-10   85.06  322.44
2019/08/05 00:00:00   -2.786  -4.821  1019.97   2.942   2.448 1.000 2.296e-10    0.01  320.78
2019/08/05 03:00:00   -1.161  -4.492  1018.65   2.902   2.597 1.000 1.227e-09    0.00  324.73
2019/08/05 06:00:00   -1.225  -3.904  1018.00   2.664   2.532 1.000 1.166e-09   10.19  323.57
2019/08/05 09:00:00   -1.884  -3.286  1017.37   2.583   2.447 1.000 1.713e-09  121.94  328.16
2019/08/05 12:00:00   -1.022  -3.837  1017.00   2.689   2.446 1.000 9.007e-10  259.76  321.72
2019/08/05 15:00:00   -1.636  -4.327  1017.79   2.782   2.434 1.000 2.296e-09  269.86  329.26
2019/08/05 18:00:00   -2.442  -4.173  1017.89   3.004   2.521 1.000 5.828e-10  167.38  324.33
2019/08/05 21:00:00   -3.171  -4.343  1018.26   3.123   2.634 1.000 5.563e-09   47.10  332.93
2019/08/06 00:00:00   -4.154  -5.194  1018.76   2.902   2.646 0.988 2.388e-08    0.00  326.36
2019/08/06 03:00:00   -5.097  -5.521  1018.87   2.289   2.163 1.000 1.007e-09    0.00  323.15
2019/08/06 06:00:00   -5.921  -6.323  1019.40   3.279   2.781 1.000 3.709e-10    5.25  326.93
2019/08/06 09:00:00   -6.270  -5.454  1020.07   3.335   2.694 1.000 9.201e-09   70.33  327.87
2019/08/06 12:00:00   -5.311  -5.998  1020.74   4.200   2.919 0.996 0.000e+00  295.61  314.37
2019/08/06 15:00:00   -5.107  -5.772  1021.26   3.897   2.840 1.000 0.000e+00  527.32  288.89
2019/08/06 18:00:00   -5.049  -4.667  1020.91   3.231   2.581 1.000 0.000e+00  297.19  313.68
2019/08/06 21:00:00   -4.861  -3.750  1020.75   3.140   2.471 1.000 6.181e-11   90.59  305.86
2019/08/07 00:00:00   -4.317  -3.638  1020.60   3.471   2.637 0.862 8.830e-11    0.00  282.69
2019/08/07 03:00:00   -2.762  -4.171  1020.39   3.404   2.671 0.910 4.415e-11    0.00  294.29
2019/08/07 06:00:00   -3.055  -2.842  1019.84   3.305   2.660 0.924 0.000e+00   12.39  286.63
2019/08/07 09:00:00   -2.465  -1.906  1020.30   3.426   2.498 0.898 0.000e+00  218.72  276.47
2019/08/07 12:00:00   -1.662  -1.326  1020.13   3.322   2.515 0.775 0.000e+00  455.99  272.96
2019/08/07 15:00:00   -1.030  -1.860  1020.23   3.637   2.763 1.000 0.000e+00  579.79  265.16
2019/08/07 18:00:00   -0.414  -1.513  1019.81   3.714   2.986 1.000 0.000e+00  454.69  269.83
2019/08/07 21:00:00    0.064  -2.195  1020.09   3.143   2.590 1.000 8.830e-11   99.88  299.21
2019/08/08 00:00:00   -2.028  -2.355  1019.97   1.579   1.509 1.000 7.241e-10    0.00  304.28
2019/08/08 03:00:00   -0.622  -2.033  1019.68   1.183   1.100 1.000 7.594e-10    0.00  316.06
2019/08/08 06:00:00    0.339  -1.867  1019.11   1.222   1.050 1.000 1.899e-09    7.91  319.67
2019/08/08 09:00:00    1.231  -1.857  1019.37   1.670   1.169 1.000 8.212e-10  121.67  312.39
2019/08/08 12:00:00    0.854  -1.770  1019.48   2.154   1.743 1.000 4.592e-10  310.93  314.41
2019/08/08 15:00:00    1.097  -2.121  1019.72   2.729   2.012 1.000 5.298e-10  450.02  310.64
2019/08/08 18:00:00    0.658  -1.405  1019.61   3.100   2.225 1.000 3.532e-10  265.06  314.08
2019/08/08 21:00:00    0.765  -2.232  1019.56   3.110   2.373 1.000 3.709e-10   82.33  317.27
2019/08/09 00:00:00   -0.352  -1.884  1020.09   2.171   1.764 1.000 9.890e-10    0.00  319.45
2019/08/09 03:00:00   -0.789  -2.801  1020.34   1.792   1.463 1.000 9.272e-10    0.00  311.66
2019/08/09 06:00:00   -1.080  -2.173  1019.96   1.605   1.249 1.000 1.157e-09    7.15  311.02
2019/08/09 09:00:00   -1.927  -1.412  1020.89   1.745   0.979 1.000 3.903e-09  110.12  315.51
2019/08/09 12:00:00   -2.095  -2.600  1021.60   2.006   1.123 1.000 7.947e-10  273.67  316.68
2019/08/09 15:00:00   -2.217  -3.576  1022.23   2.590   1.469 1.000 1.766e-11  433.94  306.82
2019/08/09 18:00:00   -2.336  -3.301  1021.92   2.705   1.561 1.000 0.000e+00  314.07  308.17
2019/08/09 21:00:00   -1.806  -2.557  1021.86   2.636   1.459 0.976 7.064e-11  107.39  283.58
2019/08/10 00:00:00   -1.229  -4.366  1022.57   2.167   1.709 1.000 8.830e-11    0.00  289.36
