2018/08/04 00:00:00  -0.386 -2.266 1013.57  -0.135  -0.266 1.000 2.313e-09 0.00 328.98
2018/08/04 03:00:00  0.521 -2.520 1014.02  -0.376  -0.490 1.000 3.700e-09 0.00 343.75
2018/08/04 06:00:00  -0.077 -2.432 1014.08  -0.412  -0.524 1.000 1.099e-09 9.04 342.17
2018/08/04 09:00:00  0.256 -2.534 1014.99  -0.426  -0.543 1.000 4.116e-09 134.81 341.65
2018/08/04 12:00:00  0.572 -1.992 1015.61  -0.665  -0.787 1.000 1.110e-09 235.12 333.65
2018/08/04 15:00:00  0.059 -2.031 1015.66  -0.594  -0.789 0.997 3.897e-10 400.85 331.48
2018/08/04 18:00:00  -0.954 -1.615 1015.75  -0.400  -0.985 0.998 9.121e-10 249.50 332.29
2018/08/04 21:00:00  -0.904 -1.314 1015.75  -0.421  -1.143 1.000 1.551e-09 69.06 331.04
2018/08/05 00:00:00  -1.595 -2.715 1015.58  -0.500  -1.138 0.997 1.878e-09 0.00 331.60
2018/08/05 03:00:00  -2.342 -3.589 1015.29  -0.626  -1.466 0.988 1.236e-09 0.00 328.62
2018/08/05 06:00:00  -3.002 -4.457 1014.47  -0.814  -1.786 1.000 2.119e-09 9.72 325.88
2018/08/05 09:00:00  -4.286 -5.206 1014.82  -0.916  -1.859 1.000 2.683e-09 150.08 331.73
2018/08/05 12:00:00  -4.049 -6.156 1014.81  -0.636  -1.450 0.994 5.248e-10 324.98 330.08
2018/08/05 15:00:00  -4.400 -6.876 1014.44  -0.452  -1.257 0.938 7.684e-10 519.76 308.20
2018/08/05 18:00:00  -5.440 -6.592 1013.82  -0.250  -1.124 0.993 4.323e-10 362.23 300.18
2018/08/05 21:00:00  -6.847 -5.949 1013.98  -0.316  -1.192 0.999 4.140e-10 86.24 321.42
2018/08/06 00:00:00  -6.558 -6.174 1013.87  -0.370  -1.293 0.976 1.042e-09 0.00 321.42
2018/08/06 03:00:00  -6.683 -5.819 1013.36  -1.026  -1.730 0.987 4.697e-10 0.00 308.44
2018/08/06 06:00:00  -6.317 -6.638 1013.64  -1.717  -2.446 1.000 3.056e-09 9.51 322.92
2018/08/06 09:00:00  -6.869 -5.529 1014.07  -1.505  -2.619 1.000 2.830e-10 125.93 328.28
2018/08/06 12:00:00  -6.410 -4.822 1014.36  -0.594  -2.093 0.933 1.570e-10 345.03 328.26
2018/08/06 15:00:00  -5.875 -4.708 1014.44  -0.123  -1.999 0.135 0.000e+00 514.96 300.49
2018/08/06 18:00:00  -5.047 -5.741 1014.70  -0.562  -1.764 0.030 0.000e+00 449.55 266.77
2018/08/06 21:00:00  -4.783 -6.094 1015.36  -1.091  -2.111 0.476 0.000e+00 152.19 271.89
2018/08/07 00:00:00  -3.240 -7.221 1015.78  -1.800  -2.579 0.999 6.072e-11 0.00 301.63
2018/08/07 03:00:00  -3.720 -8.781 1015.43  -1.593  -2.610 0.981 3.846e-10 0.00 304.07
2018/08/07 06:00:00  -1.956 -9.305 1015.52  -1.180  -2.588 0.980 2.998e-10 10.32 295.88
2018/08/07 09:00:00  -1.598 -9.253 1015.41  -1.321  -2.386 0.986 2.909e-10 172.30 302.82
2018/08/07 12:00:00  -1.662 -9.095 1015.10  -2.013  -2.353 1.000 3.274e-10 372.73 314.65
2018/08/07 15:00:00  -0.919 -8.099 1014.80  -2.243  -2.528 1.000 3.360e-10 420.42 319.64
2018/08/07 18:00:00  -0.983 -6.019 1014.07  -2.441  -2.746 0.999 1.247e-10 324.21 315.97
2018/08/07 21:00:00  1.700 -4.745 1013.92  -2.773  -2.921 1.000 7.212e-10 82.47 317.34
2018/08/08 00:00:00  3.688 -4.149 1013.21  -2.856  -3.150 1.000 2.815e-10 0.00 324.44
2018/08/08 03:00:00  3.932 -2.199 1012.10  -2.946  -3.274 1.000 4.762e-10 0.00 317.21
2018/08/08 06:00:00  5.511 -0.418 1010.88  -2.670  -3.184 0.996 3.434e-10 7.44 314.20
2018/08/08 09:00:00  6.504 0.271 1010.12  -1.329  -2.931 0.164 1.227e-10 196.29 289.89
2018/08/08 12:00:00  7.424 -0.639 1009.08  -0.301  -1.796 0.280 2.388e-10 499.55 278.42
2018/08/08 15:00:00  7.536 -0.501 1008.02  -0.485  -1.784 0.970 5.458e-10 506.74 303.61
2018/08/08 18:00:00  7.456 -0.162 1007.21  -0.439  -1.581 0.969 2.878e-10 328.19 304.93
2018/08/08 21:00:00  7.384 -0.473 1006.55  -0.463  -1.534 1.000 2.152e-10 86.15 326.38
2018/08/09 00:00:00  5.929 0.014 1006.52  -1.375  -2.514 0.983 2.119e-10 0.00 321.11
2018/08/09 03:00:00  5.010 0.127 1006.03  -1.001  -2.492 1.000 1.511e-10 0.00 318.71
2018/08/09 06:00:00  3.584 0.759 1006.28  -0.702  -2.210 1.000 7.347e-10 7.41 311.51
2018/08/09 09:00:00  2.644 1.234 1006.68  -0.415  -2.031 0.987 8.802e-10 136.16 322.64
2018/08/09 12:00:00  -0.150 1.931 1007.07  -0.370  -1.604 0.998 1.900e-09 301.68 333.62
2018/08/09 15:00:00  0.752 2.874 1007.42   0.065  -1.364 0.999 1.641e-09 389.36 332.51
2018/08/09 18:00:00  0.863 3.737 1007.12   0.142  -1.374 0.999 1.492e-09 217.16 334.59
2018/08/09 21:00:00  0.219 3.662 1007.54   0.284  -1.343 0.999 1.399e-09 65.60 332.31
2018/08/10 00:00:00  -0.701 4.384 1007.86   0.367  -1.303 0.987 3.910e-09 0.00 331.57
2018/08/10 03:00:00  -1.899 5.205 1007.75   0.507  -1.066 1.000 2.902e-09 0.00 327.67
2018/08/10 06:00:00  -2.912 4.725 1008.07   0.587  -0.910 1.000 1.858e-09 5.63 332.48
2018/08/10 09:00:00  -3.899 3.427 1008.78   0.641  -0.833 0.993 1.926e-09 129.32 332.83
2018/08/10 12:00:00  -5.252 2.675 1008.70   0.964  -0.481 0.968 5.740e-10 296.65 320.67
2018/08/10 15:00:00  -7.018 2.696 1009.01   1.244  -0.475 1.000 5.067e-10 382.75 311.44
2018/08/10 18:00:00  -7.816 1.658 1008.79   1.257  -0.616 1.000 9.781e-11 206.49 315.42
2018/08/10 21:00:00  -8.815 0.427 1009.36   1.126  -0.551 0.994 1.270e-08 48.50 317.88
2018/08/11 00:00:00  -9.415 -1.095 1009.28   1.236  -0.377 0.994 3.463e-08 0.00 318.85
2018/08/11 03:00:00  -8.689 -0.395 1009.23   1.057  -0.331 0.999 8.691e-08 0.00 335.25
2018/08/11 06:00:00  -8.516 -0.185 1009.38   1.073  -0.419 1.000 1.310e-07 3.86 329.54
2018/08/11 09:00:00  -8.558 -0.296 1010.44   1.108  -0.428 1.000 4.483e-08 28.14 351.65
2018/08/11 12:00:00  -7.819 -1.190 1011.46   1.340  -0.593 1.000 2.099e-08 63.25 350.82
2018/08/11 15:00:00  -6.138 -2.477 1012.52   1.153  -0.758 1.000 4.851e-09 104.79 350.04
2018/08/11 18:00:00  -5.355 -3.050 1013.21   0.290  -0.976 1.000 1.041e-09 159.16 340.16
2018/08/11 21:00:00  -5.120 -4.316 1013.65  -0.705  -1.069 0.981 2.252e-10 59.36 324.02
2018/08/12 00:00:00  -5.454 -4.799 1013.82  -1.490  -1.586 1.000 8.926e-10 0.00 327.88
2018/08/12 03:00:00  -6.370 -4.312 1012.97  -1.453  -1.538 1.000 1.045e-09 0.00 327.88
2018/08/12 06:00:00  -5.575 -3.650 1012.15  -1.326  -1.452 1.000 3.045e-09 3.55 328.97
2018/08/12 09:00:00  -4.265 -2.880 1012.22  -1.036  -1.235 0.980 7.786e-10 151.51 320.09
2018/08/12 12:00:00  -3.387 -2.472 1011.73  -0.255  -0.622 0.838 1.637e-08 378.82 314.86
2018/08/12 15:00:00  -3.006 -2.752 1011.29  -0.232  -0.531 0.853 5.469e-10 499.69 305.18
2018/08/12 18:00:00  -3.574 -2.625 1010.97  -0.247  -0.533 0.954 5.618e-10 335.13 304.61
2018/08/12 21:00:00  -3.761 -2.361 1010.30  -0.311  -0.602 0.834 1.428e-10 96.60 313.91
2018/08/13 00:00:00  -4.170 -1.658 1010.03  -0.229  -0.561 0.597 3.885e-10 0.00 318.71
2018/08/13 03:00:00  -4.923 -1.614 1009.41  -0.487  -0.682 1.000 5.262e-10 0.00 335.55
2018/08/13 06:00:00  -4.345 -1.732 1008.64  -0.673  -0.890 0.935 3.266e-10 2.19 336.26
2018/08/13 09:00:00  -4.862 -2.406 1008.53  -0.479  -0.734 0.987 4.130e-10 107.53 333.05
2018/08/13 12:00:00  -4.770 -1.959 1007.98  -0.394  -0.665 0.980 4.931e-10 169.43 336.58
2018/08/13 15:00:00  -5.340 -2.897 1006.84  -0.031  -0.424 0.882 0.000e+00 308.32 327.28
2018/08/13 18:00:00  -5.109 -2.576 1005.66  -0.252  -0.599 0.657 1.746e-11 199.16 320.03
2018/08/13 21:00:00  -5.171 -4.032 1004.53  -0.696  -0.880 0.769 9.008e-11 73.16 323.65
2018/08/14 00:00:00  -5.785 -4.818 1003.12  -0.815  -0.993 1.000 2.288e-10 0.00 332.21
2018/08/14 03:00:00  -6.548 -5.117 1001.23  -0.526  -0.947 0.940 2.822e-10 0.00 326.64
2018/08/14 06:00:00  -7.636 -4.979 999.99  -0.702  -1.084 0.904 1.024e-09 1.89 326.70
2018/08/14 09:00:00  -7.797 -5.447 999.50  -0.930  -1.449 0.964 1.326e-09 117.42 327.59
2018/08/14 12:00:00  -7.819 -5.636 998.41  -0.390  -1.083 0.984 7.527e-10 295.31 325.24
2018/08/14 15:00:00  -6.762 -6.529 997.47  -0.236  -0.932 1.000 9.565e-10 316.03 331.11
2018/08/14 18:00:00  -6.634 -7.232 996.08  -0.026  -0.815 1.000 1.653e-09 169.74 329.42
2018/08/14 21:00:00  -6.434 -7.608 995.36   0.438  -0.509 0.956 7.350e-10 63.27 314.87
2018/08/15 00:00:00  -8.065 -7.977 995.08   0.806  -0.247 0.886 3.538e-10 0.00 285.87
2018/08/15 03:00:00  -9.074 -8.578 995.00   0.517  -0.243 1.000 1.231e-09 0.00 339.87
2018/08/15 06:00:00  -8.514 -9.110 995.52   0.412  -0.496 1.000 7.520e-10 1.09 340.07
2018/08/15 09:00:00  -6.389 -9.400 996.90   0.111  -0.698 1.000 1.102e-09 74.88 340.50
2018/08/15 12:00:00  -3.892 -9.777 997.87  -0.617  -1.227 1.000 0.000e+00 167.60 338.31
2018/08/15 15:00:00  -2.771 -10.148 998.41  -0.587  -1.403 1.000 1.971e-10 201.59 335.98
2018/08/15 18:00:00  -0.112 -11.076 998.44  -0.463  -1.814 1.000 1.037e-08 190.11 327.15
2018/08/15 21:00:00  0.103 -13.216 998.28   0.226  -1.994 1.000 1.070e-07 13.62 338.62
2018/08/16 00:00:00  -1.904 -12.451 999.20   0.016  -1.132 1.000 4.156e-08 0.00 339.65
2018/08/16 03:00:00  -2.516 -11.443 1000.71   0.115  -1.309 1.000 1.262e-08 0.00 339.76
2018/08/16 06:00:00  -2.001 -10.867 1002.49   0.215  -1.787 1.000 6.783e-09 0.55 334.88
2018/08/16 09:00:00  -3.292 -10.274 1003.56   0.159  -1.959 0.935 2.312e-09 112.81 325.78
2018/08/16 12:00:00  -3.488 -9.268 1003.30   0.350  -1.955 0.111 1.657e-10 414.09 294.79
2018/08/16 15:00:00  -4.408 -8.183 1003.84  -0.060  -1.941 0.320 8.742e-11 574.47 273.62
2018/08/16 18:00:00  -5.626 -7.173 1002.67  -0.269  -1.873 0.295 1.150e-10 400.22 271.88
2018/08/16 21:00:00  -6.440 -6.396 1001.65  -0.290  -1.903 0.283 1.869e-11 84.20 290.88
2018/08/17 00:00:00  -6.099 -6.061 1000.57  -0.223  -1.659 0.387 0.000e+00 0.00 281.33
2018/08/17 03:00:00  -6.248 -6.397 999.43  -0.576  -1.554 0.606 8.680e-11 0.00 298.22
2018/08/17 06:00:00  -7.047 -6.976 998.61  -0.850  -1.730 0.976 3.425e-10 1.43 280.04
2018/08/17 09:00:00  -7.398 -6.551 998.67  -0.491  -1.963 0.999 1.301e-10 132.29 325.81
2018/08/17 12:00:00  -5.649 -7.124 998.47  -1.105  -1.874 0.819 5.127e-11 354.74 309.94
2018/08/17 15:00:00  -2.889 -7.156 998.85  -0.672  -2.133 0.080 0.000e+00 548.01 265.95
2018/08/17 18:00:00  -0.561 -7.323 999.96  -0.261  -1.981 0.047 0.000e+00 415.37 254.45
2018/08/17 21:00:00  0.058 -4.879 1001.09  -0.252  -1.755 0.469 0.000e+00 101.34 261.29
2018/08/18 00:00:00  2.718 -4.095 1002.15  -0.168  -1.538 0.450 0.000e+00 0.00 258.16
2018/08/18 03:00:00  3.639 -1.870 1003.16   0.188  -1.891 0.242 0.000e+00 0.00 257.63
2018/08/18 06:00:00  5.594 -1.134 1004.25   0.495  -1.908 0.033 0.000e+00 1.05 259.52
2018/08/18 09:00:00  5.227 0.873 1005.22   0.919  -1.091 0.001 0.000e+00 229.04 258.28
2018/08/18 12:00:00  4.554 2.234 1006.06   1.309  -0.528 0.047 0.000e+00 513.77 258.95
2018/08/18 15:00:00  4.184 4.685 1006.79   1.830  -0.352 0.832 0.000e+00 581.25 265.51
2018/08/18 18:00:00  5.972 4.697 1007.48   1.889  -0.208 0.443 7.023e-11 349.48 274.05
2018/08/18 21:00:00  5.790 3.007 1008.61   1.671  -0.067 0.314 4.415e-11 95.93 277.49
2018/08/19 00:00:00  4.553 2.781 1009.44   1.388  -0.002 0.976 8.867e-13 0.00 285.34
2018/08/19 03:00:00  2.700 2.584 1010.07   1.236   0.058 1.000 0.000e+00 0.00 308.76
2018/08/19 06:00:00  0.879 2.645 1009.74   1.293   0.300 1.000 0.000e+00 0.45 300.51
2018/08/19 09:00:00  -1.336 3.095 1010.40   1.596   0.587 1.000 2.028e-09 90.98 327.14
2018/08/19 12:00:00  -3.788 3.111 1010.43   1.695   0.545 1.000 9.720e-10 228.82 326.26
2018/08/19 15:00:00  -2.904 5.072 1010.41   1.808   0.487 1.000 4.406e-09 303.44 319.90
2018/08/19 18:00:00  -0.584 5.393 1009.42   1.701   0.663 0.973 4.896e-09 148.47 334.67
2018/08/19 21:00:00  1.712 4.843 1009.55   1.570   0.589 0.947 8.916e-09 37.29 321.15
2018/08/20 00:00:00  1.834 4.898 1009.51   1.471   0.750 0.951 1.471e-09 0.00 329.33
2018/08/20 03:00:00  1.624 5.784 1008.64   1.491   0.686 1.000 8.263e-09 0.00 335.50
2018/08/20 06:00:00  1.174 6.118 1008.21   1.506   0.534 1.000 9.281e-09 0.06 342.65
2018/08/20 09:00:00  0.595 4.883 1008.44   1.535   0.416 1.000 1.803e-08 48.40 343.55
2018/08/20 12:00:00  -0.949 3.872 1008.25   1.544   0.605 1.000 7.195e-09 198.62 342.74
2018/08/20 15:00:00  -0.724 3.664 1007.81   1.591   0.515 1.000 1.174e-08 243.95 333.81
2018/08/20 18:00:00  0.086 3.891 1007.07   1.432   0.516 0.998 1.759e-08 134.25 330.09
2018/08/20 21:00:00  -0.800 2.748 1006.91   1.178   0.449 1.000 1.348e-08 26.00 336.07
2018/08/21 00:00:00  -1.904 1.122 1006.64   0.863   0.221 0.997 6.476e-09 0.00 335.99
2018/08/21 03:00:00  -1.348 0.775 1005.81   0.633  -0.009 0.990 2.708e-08 0.00 333.02
2018/08/21 06:00:00  -0.425 1.163 1005.71   0.873   0.100 0.976 1.391e-08 0.02 323.76
2018/08/21 09:00:00  -0.210 0.653 1005.86   0.719  -0.281 0.701 1.785e-08 133.29 306.29
2018/08/21 12:00:00  0.707 0.708 1005.79   0.704  -0.343 0.200 5.195e-10 404.37 284.97
2018/08/21 15:00:00  -0.082 -1.138 1005.62   0.562  -0.278 0.713 1.773e-12 529.79 271.77
2018/08/21 18:00:00  -0.191 -1.209 1005.44   0.082  -0.172 0.987 8.867e-13 369.96 272.35
2018/08/21 21:00:00  -0.756 -2.218 1005.39  -1.721  -1.801 1.000 1.127e-09 51.21 307.26
2018/08/22 00:00:00  -1.964 -2.607 1005.31  -1.791  -1.904 1.000 2.889e-09 0.00 317.97
2018/08/22 03:00:00  -1.247 -3.616 1004.81  -1.516  -1.588 1.000 5.747e-09 0.00 332.18
2018/08/22 06:00:00  -2.082 -4.296 1004.20  -0.952  -1.113 1.000 6.799e-09 0.00 338.04
2018/08/22 09:00:00  -4.120 -4.195 1004.11  -0.722  -1.041 1.000 2.665e-09 92.23 336.28
2018/08/22 12:00:00  -3.322 -4.099 1004.57  -0.521  -0.949 1.000 1.057e-09 275.76 331.33
2018/08/22 15:00:00  -2.462 -4.520 1004.61  -0.627  -1.086 1.000 5.399e-10 313.51 326.68
2018/08/22 18:00:00  -1.202 -4.787 1005.00  -0.684  -1.262 1.000 9.008e-11 180.27 336.49
2018/08/22 21:00:00  -0.323 -4.551 1005.38  -0.781  -1.430 0.999 1.252e-09 35.94 333.85
2018/08/23 00:00:00  -0.193 -4.994 1005.76  -1.043  -1.871 0.966 4.077e-10 0.00 317.56
2018/08/23 03:00:00  0.120 -3.915 1006.01  -1.426  -2.685 0.912 1.511e-10 0.00 299.15
2018/08/23 06:00:00  -0.938 -3.428 1006.00  -1.422  -3.077 0.961 8.769e-11 0.00 302.73
2018/08/23 09:00:00  -0.950 -4.015 1007.31  -1.222  -3.027 0.968 2.163e-10 85.59 325.11
2018/08/23 12:00:00  -0.372 -4.000 1008.67  -0.935  -2.623 0.886 3.309e-10 276.34 310.03
2018/08/23 15:00:00  -1.072 -4.149 1009.49  -1.003  -2.819 0.246 0.000e+00 420.77 294.00
2018/08/23 18:00:00  -1.018 -4.972 1010.71  -1.283  -2.972 0.628 0.000e+00 367.76 265.57
2018/08/23 21:00:00  -1.197 -4.227 1011.94  -1.243  -2.719 0.894 0.000e+00 48.22 297.87
2018/08/24 00:00:00  0.359 -3.984 1012.89  -1.899  -2.761 1.000 1.564e-10 0.00 319.87
2018/08/24 03:00:00  -0.726 -4.355 1013.24  -1.653  -2.737 0.994 1.203e-09 0.00 329.60
2018/08/24 06:00:00  1.790 -3.699 1014.20  -1.080  -2.394 1.000 2.399e-09 0.00 327.35
2018/08/24 09:00:00  -0.452 -4.522 1014.42  -1.026  -2.099 1.000 3.123e-10 67.41 333.57
2018/08/24 12:00:00  2.936 -2.280 1015.27  -0.696  -1.966 1.000 1.186e-09 173.15 333.26
2018/08/24 15:00:00  3.109 -3.348 1015.13  -0.817  -1.869 0.983 3.525e-10 231.93 331.74
2018/08/24 18:00:00  1.364 -2.668 1014.95  -0.753  -2.218 0.993 6.243e-10 143.82 328.53
2018/08/24 21:00:00  0.416 -2.609 1015.39  -0.724  -2.559 0.976 5.712e-10 27.26 325.69
2018/08/25 00:00:00  -1.823 -3.411 1015.22  -0.765  -2.133 0.981 6.817e-10 0.00 325.13
2018/08/25 03:00:00  -2.624 -2.858 1015.19  -0.627  -2.213 0.967 1.554e-09 0.00 325.66
2018/08/25 06:00:00  -4.183 -3.452 1013.85  -0.666  -1.979 0.641 6.980e-10 0.00 323.77
2018/08/25 09:00:00  -3.788 -3.230 1013.91  -0.631  -2.017 0.730 7.330e-10 128.73 305.33
2018/08/25 12:00:00  -4.572 -4.672 1012.91  -0.898  -2.787 0.927 3.933e-10 360.09 291.36
2018/08/25 15:00:00  -4.914 -4.264 1012.02  -0.835  -2.536 0.931 8.830e-11 426.57 286.05
2018/08/25 18:00:00  -5.100 -4.877 1010.66  -0.946  -2.311 0.875 0.000e+00 260.07 296.56
2018/08/25 21:00:00  -5.254 -4.786 1009.53  -1.129  -2.359 0.474 0.000e+00 51.19 283.79
2018/08/26 00:00:00  -4.483 -4.796 1008.94  -1.478  -3.607 0.545 7.112e-11 0.00 288.75
2018/08/26 03:00:00  -3.558 -4.542 1007.19  -1.553  -4.012 0.649 6.411e-10 0.00 307.92
2018/08/26 06:00:00  -2.851 -4.499 1005.95  -1.759  -4.461 0.534 8.189e-10 0.00 294.11
2018/08/26 09:00:00  -2.934 -3.826 1005.75  -1.841  -4.573 0.781 4.245e-10 138.01 280.74
2018/08/26 12:00:00  -2.904 -3.159 1005.03  -1.465  -3.584 0.930 2.758e-10 332.46 289.69
2018/08/26 15:00:00  -2.215 -2.482 1004.81  -1.447  -3.416 0.998 1.508e-10 391.50 289.00
2018/08/26 18:00:00  -3.292 -2.870 1003.99  -1.272  -3.142 1.000 8.867e-13 222.59 287.98
2018/08/26 21:00:00  -3.345 -2.578 1004.03  -0.810  -2.708 1.000 0.000e+00 30.23 295.12
2018/08/27 00:00:00  -3.890 -3.002 1003.68  -0.435  -2.463 0.993 2.519e-11 0.00 301.22
2018/08/27 03:00:00  -5.145 -3.313 1002.89  -0.201  -2.035 0.972 0.000e+00 0.00 281.25
2018/08/27 06:00:00  -6.112 -3.457 1002.37   0.356  -1.699 0.997 5.606e-11 0.00 292.49
2018/08/27 09:00:00  -8.580 -4.416 1002.76   0.490  -1.358 1.000 2.674e-09 69.08 312.22
2018/08/27 12:00:00  -9.047 -6.500 1002.62   0.040  -1.601 1.000 1.660e-10 276.84 301.08
2018/08/27 15:00:00  -9.747 -7.701 1002.14  -0.261  -1.827 1.000 9.985e-10 333.42 301.59
2018/08/27 18:00:00  -9.608 -8.801 1001.80  -0.396  -2.337 1.000 4.429e-09 165.74 304.62
2018/08/27 21:00:00  -9.222 -9.264 1001.42  -0.551  -2.826 1.000 1.433e-10 28.77 300.28
2018/08/28 00:00:00  -8.092 -9.757 1001.55  -1.035  -3.484 0.977 0.000e+00 0.00 290.95
2018/08/28 03:00:00  -6.765 -9.063 1001.69  -1.155  -3.764 0.997 0.000e+00 0.00 285.87
2018/08/28 06:00:00  -5.348 -10.388 1001.63  -1.276  -4.106 0.980 7.023e-11 0.00 289.47
2018/08/28 09:00:00  -5.465 -10.252 1002.11  -1.171  -3.858 0.770 4.680e-10 146.44 275.67
2018/08/28 12:00:00  -3.961 -10.103 1002.73  -1.408  -3.763 0.831 2.077e-10 311.27 285.97
2018/08/28 15:00:00  -2.991 -9.996 1003.22  -1.331  -3.570 0.803 8.830e-11 314.94 310.54
2018/08/28 18:00:00  -1.396 -9.696 1004.14  -1.265  -3.372 0.755 3.508e-10 158.80 319.72
2018/08/28 21:00:00  -0.702 -8.164 1005.21  -1.383  -3.397 0.315 0.000e+00 47.45 263.06
2018/08/29 00:00:00  -0.409 -6.710 1005.92  -1.306  -4.327 0.001 3.492e-11 0.00 244.10
2018/08/29 03:00:00  0.796 -5.168 1006.86  -1.412  -4.683 0.000 0.000e+00 0.00 239.17
2018/08/29 06:00:00  2.224 -2.928 1007.51  -1.540  -4.650 0.000 0.000e+00 0.00 236.06
2018/08/29 09:00:00  2.450 -0.679 1008.46  -1.296  -4.846 0.146 0.000e+00 182.17 237.55
2018/08/29 12:00:00  3.279 0.971 1009.53  -0.575  -4.818 0.990 0.000e+00 436.43 247.40
2018/08/29 15:00:00  2.774 2.152 1010.19  -0.036  -4.233 0.991 0.000e+00 453.53 264.74
2018/08/29 18:00:00  2.354 3.180 1010.26   0.320  -3.877 0.189 0.000e+00 335.67 252.45
2018/08/29 21:00:00  1.856 3.984 1010.65   0.423  -3.850 0.038 0.000e+00 47.65 248.71
2018/08/30 00:00:00  0.413 4.215 1010.68   0.226  -3.974 0.938 0.000e+00 0.00 249.41
2018/08/30 03:00:00  -1.810 4.921 1009.49   0.210  -4.374 1.000 0.000e+00 0.00 272.99
2018/08/30 06:00:00  -3.544 5.640 1007.57   0.694  -4.631 1.000 7.106e-11 0.00 310.29
2018/08/30 09:00:00  -5.235 6.949 1005.35   0.856  -2.963 1.000 2.012e-08 41.44 326.38
2018/08/30 12:00:00  -8.178 7.223 1002.95   1.868  -0.303 1.000 1.197e-07 59.08 338.79
2018/08/30 15:00:00  -6.782 9.857 999.69   2.472   0.322 1.000 9.955e-08 56.79 340.05
2018/08/30 18:00:00  -7.001 11.650 996.19   2.637   0.470 1.000 1.536e-07 24.33 344.78
2018/08/30 21:00:00  -7.328 11.847 992.81   2.765   0.443 1.000 8.027e-08 4.34 345.52
2018/08/31 00:00:00  -4.224 11.150 991.05   2.596   1.290 1.000 1.538e-08 0.00 350.72
2018/08/31 03:00:00  -1.898 8.181 990.11   1.891   0.301 0.911 6.965e-09 0.00 325.13
2018/08/31 06:00:00  -2.849 7.136 989.49   1.797  -0.398 0.776 2.436e-09 0.00 324.71
2018/08/31 09:00:00  -4.210 6.236 988.84   1.570  -0.838 0.571 2.317e-09 89.94 312.10
2018/08/31 12:00:00  -5.396 4.761 987.95   1.162  -0.930 0.600 8.848e-09 247.87 301.12
2018/08/31 15:00:00  -6.155 4.114 986.68   1.073  -1.021 0.866 7.291e-09 207.32 321.38
2018/08/31 18:00:00  -5.532 3.569 986.07   0.955  -0.929 0.533 8.941e-09 229.52 286.77
2018/08/31 21:00:00  -6.712 1.601 985.60   0.955  -0.767 0.419 1.522e-09 34.43 275.69
2018/09/01 00:00:00  -6.775 -0.863 984.83   0.917  -0.807 0.976 1.121e-08 0.00 306.51
2018/09/01 03:00:00  -6.333 -2.297 984.34   0.820  -0.736 0.930 1.939e-08 0.00 316.45
2018/09/01 06:00:00  -4.970 -3.706 985.10   0.706  -0.640 0.936 5.793e-09 0.00 326.84
2018/09/01 09:00:00  -4.779 -5.197 986.48   0.489  -0.810 0.957 9.670e-09 77.20 316.44
2018/09/01 12:00:00  -5.168 -2.674 987.36   0.240  -0.957 0.989 3.126e-08 172.17 323.49
2018/09/01 15:00:00  -3.829 0.841 988.34   0.540  -0.733 0.781 1.783e-08 271.13 319.41
2018/09/01 18:00:00  -3.244 3.981 990.29   0.824  -0.469 0.487 1.444e-09 230.12 298.92
2018/09/01 21:00:00  -3.847 3.424 992.53   0.927  -0.505 0.413 9.248e-10 25.41 280.77
2018/09/02 00:00:00  -4.627 1.690 994.64   0.808  -0.692 0.335 3.856e-10 0.00 288.36
2018/09/02 03:00:00  -4.648 -0.161 996.16   0.545  -0.743 0.406 8.596e-10 0.00 294.70
2018/09/02 06:00:00  -4.682 -2.472 998.13   0.262  -0.921 0.575 6.867e-10 0.00 278.28
2018/09/02 09:00:00  -5.615 -4.522 1000.14   0.164  -0.918 0.727 1.642e-09 92.50 296.16
2018/09/02 12:00:00  -6.105 -3.648 1002.09   0.155  -1.189 0.442 1.232e-09 367.67 284.11
2018/09/02 15:00:00  -5.218 -4.860 1003.83  -0.383  -1.731 0.318 0.000e+00 470.15 263.63
2018/09/02 18:00:00  -4.325 -3.826 1005.50  -0.704  -2.429 0.282 4.415e-11 250.91 272.68
2018/09/02 21:00:00  -2.393 -2.029 1007.30  -0.864  -2.809 0.138 8.867e-13 26.36 262.95
2018/09/03 00:00:00  -1.973 0.012 1008.74  -0.837  -3.119 0.515 8.919e-11 0.00 276.29
2018/09/03 03:00:00  -2.214 0.483 1009.11  -0.533  -2.784 0.954 1.604e-10 0.00 291.71
2018/09/03 06:00:00  -3.486 0.980 1009.31   0.016  -2.082 0.973 1.309e-09 0.00 309.31
2018/09/03 09:00:00  -2.481 1.743 1009.52   0.510  -1.490 0.773 3.570e-08 63.85 314.84
2018/09/03 12:00:00  0.347 -0.446 1009.90   0.492  -0.712 0.801 1.337e-09 264.62 313.43
2018/09/03 15:00:00  0.208 1.393 1009.90   0.673  -0.588 0.927 1.763e-10 416.26 282.79
2018/09/03 18:00:00  -2.073 1.269 1009.32   0.883  -0.750 0.996 6.426e-10 171.43 307.14
2018/09/03 21:00:00  -3.998 -0.067 1008.65   1.038  -0.600 0.972 8.446e-10 14.61 314.39
2018/09/04 00:00:00  -5.956 -1.183 1007.98   1.090  -0.577 0.999 4.750e-09 0.00 331.78
2018/09/04 03:00:00  -7.583 -1.774 1006.13   1.221  -0.282 1.000 2.452e-08 0.00 341.17
2018/09/04 06:00:00  -7.417 -1.236 1004.81   1.510  -0.053 1.000 3.004e-08 0.00 347.16
2018/09/04 09:00:00  -4.614 1.115 1004.59   1.413   0.269 1.000 3.157e-08 24.17 345.04
2018/09/04 12:00:00  -1.879 1.402 1005.15   1.089  -0.052 0.939 4.209e-09 135.79 336.33
2018/09/04 15:00:00  -2.409 0.849 1005.98   1.113  -0.218 0.876 5.814e-10 284.88 319.53
2018/09/04 18:00:00  -1.263 1.457 1007.33   1.122  -0.238 0.886 7.378e-11 229.95 304.92
2018/09/04 21:00:00  -1.161 -1.568 1009.77   1.465   0.008 0.607 3.932e-10 13.54 312.79
2018/09/05 00:00:00  -1.567 -1.573 1012.18   0.066  -0.660 0.351 7.200e-11 0.00 294.10
2018/09/05 03:00:00  -0.606 -2.510 1014.13  -0.094  -0.727 0.291 5.216e-11 0.00 290.73
2018/09/05 06:00:00  -2.110 -2.530 1016.49  -0.580  -0.864 0.484 1.162e-10 0.00 309.78
2018/09/05 09:00:00  -3.152 -2.901 1018.52  -0.430  -0.839 0.703 1.043e-10 97.81 297.86
2018/09/05 12:00:00  -5.362 -2.603 1020.22  -0.041  -0.829 0.995 1.579e-10 303.90 307.99
2018/09/05 15:00:00  -6.738 -2.751 1021.33   0.357  -1.050 0.863 2.822e-10 278.58 335.24
2018/09/05 18:00:00  -6.498 -3.272 1022.05   0.491  -1.124 0.804 4.415e-11 210.49 301.91
2018/09/05 21:00:00  -7.812 -3.009 1022.23   0.252  -1.499 0.845 8.953e-11 15.75 285.45
2018/09/06 00:00:00  -8.258 -2.645 1022.25   0.778  -0.473 1.000 7.229e-11 0.00 279.09
2018/09/06 03:00:00  -8.935 -3.008 1020.95   0.676  -0.359 1.000 0.000e+00 0.00 282.58
2018/09/06 06:00:00  -9.386 -1.158 1019.94   0.773  -0.432 1.000 0.000e+00 0.00 304.83
2018/09/06 09:00:00  -9.246 -0.369 1018.88   1.022  -0.602 0.993 0.000e+00 97.14 294.06
2018/09/06 12:00:00  -9.074 -0.369 1017.98   1.432  -0.403 1.000 2.660e-11 164.43 322.53
2018/09/06 15:00:00  -8.914 1.754 1016.85   2.141  -0.024 1.000 4.369e-09 127.81 332.83
2018/09/06 18:00:00  -9.008 3.317 1015.72   2.577   0.097 1.000 9.390e-09 63.20 340.26
2018/09/06 21:00:00  -10.296 3.804 1014.90   2.576   0.163 1.000 6.933e-08 1.87 343.72
2018/09/07 00:00:00  -10.598 4.472 1013.39   2.489   0.056 1.000 1.090e-07 0.00 345.44
2018/09/07 03:00:00  -9.607 5.157 1012.30   2.423   0.022 1.000 1.617e-07 0.00 347.61
2018/09/07 06:00:00  -8.948 6.410 1011.46   2.345   0.278 1.000 1.873e-07 0.00 348.39
2018/09/07 09:00:00  -9.221 5.998 1011.08   2.284   0.209 1.000 9.141e-08 10.61 350.85
2018/09/07 12:00:00  -9.061 3.336 1011.31   2.393   0.422 1.000 8.028e-08 44.88 347.70
2018/09/07 15:00:00  -8.778 1.728 1010.72   2.355   0.273 1.000 8.295e-08 50.55 347.55
2018/09/07 18:00:00  -8.287 -0.469 1009.95   2.479   0.031 0.355 3.788e-09 122.87 332.46
2018/09/07 21:00:00  -8.157 -2.827 1009.13   1.585  -0.905 0.888 2.910e-10 9.02 298.37
2018/09/08 00:00:00  -8.405 -4.862 1007.90   0.293  -0.983 0.915 6.760e-10 0.00 324.10
2018/09/08 03:00:00  -8.136 -2.660 1006.40   0.961  -0.573 0.999 4.714e-10 0.00 335.07
2018/09/08 06:00:00  -9.799 0.785 1005.07   2.150  -0.332 1.000 2.029e-08 0.00 336.69
2018/09/08 09:00:00  -8.441 2.924 1005.36   2.194  -0.380 1.000 5.046e-08 12.76 346.69
2018/09/08 12:00:00  -7.081 0.883 1005.58   1.560  -0.225 1.000 4.613e-08 68.75 342.88
2018/09/08 15:00:00  -5.447 -1.528 1005.09   1.108  -0.542 1.000 4.992e-08 65.14 344.26
2018/09/08 18:00:00  -4.017 -3.511 1004.24   0.562  -1.102 1.000 1.712e-08 61.27 342.76
2018/09/08 21:00:00  -3.489 -4.943 1003.19  -0.009  -1.355 1.000 2.047e-08 3.53 334.01
2018/09/09 00:00:00  -3.743 -4.904 1002.32  -0.525  -1.054 0.991 1.628e-08 0.00 332.98
2018/09/09 03:00:00  -3.591 -3.528 1000.98  -0.625  -0.872 1.000 9.547e-09 0.00 332.75
2018/09/09 06:00:00  -3.517 -2.994 1000.55  -0.614  -0.861 1.000 1.274e-08 0.00 331.49
2018/09/09 09:00:00  -2.712 -0.019 1000.90  -0.503  -0.802 0.994 8.598e-09 23.43 341.60
2018/09/09 12:00:00  -1.917 1.416 1001.10   0.611   0.161 1.000 2.080e-09 140.49 335.36
2018/09/09 15:00:00  -1.535 1.190 1001.44   0.925   0.011 1.000 8.986e-10 203.81 335.61
2018/09/09 18:00:00  -2.136 1.256 1001.21   0.897  -0.355 0.976 3.495e-11 149.73 321.36
2018/09/09 21:00:00  -3.069 -0.019 1001.01   0.767  -0.451 0.691 3.026e-10 5.10 311.07
2018/09/10 00:00:00  -2.755 -1.438 1001.19   0.277  -0.503 0.749 7.695e-10 0.00 304.70
2018/09/10 03:00:00  -3.607 -2.171 1000.29  -0.110  -0.671 0.774 5.479e-10 0.00 316.77
2018/09/10 06:00:00  -3.753 -2.443 999.92  -0.691  -0.850 0.843 3.438e-10 0.00 325.75
2018/09/10 09:00:00  -4.131 -3.305 999.00  -1.278  -1.408 0.998 6.582e-10 55.45 325.51
2018/09/10 12:00:00  -4.058 -3.242 998.22  -1.555  -1.673 1.000 1.487e-09 157.21 331.78
2018/09/10 15:00:00  -4.195 -3.514 997.34  -1.262  -1.811 1.000 6.543e-10 184.23 334.36
2018/09/10 18:00:00  -4.299 -4.333 996.67  -1.234  -2.277 0.994 4.955e-10 69.94 322.70
2018/09/10 21:00:00  -3.974 -4.795 996.68  -1.309  -2.624 0.982 2.057e-09 1.98 335.63
2018/09/11 00:00:00  -3.827 -5.788 996.76  -1.247  -2.441 0.932 2.502e-09 0.00 326.22
2018/09/11 03:00:00  -1.311 -6.173 996.47  -1.321  -2.754 0.980 7.711e-09 0.00 329.77
2018/09/11 06:00:00  3.279 -5.541 996.02  -1.242  -2.616 0.994 1.905e-08 0.00 328.50
2018/09/11 09:00:00  2.863 -4.357 995.13  -1.304  -2.056 1.000 1.114e-08 22.52 331.07
2018/09/11 12:00:00  -0.816 -3.972 994.98  -1.058  -1.660 1.000 2.122e-09 63.34 334.61
2018/09/11 15:00:00  -2.220 -3.627 995.20  -0.743  -1.627 1.000 1.979e-08 63.46 335.76
2018/09/11 18:00:00  -5.762 -3.738 995.79  -0.608  -1.999 1.000 1.393e-08 75.17 327.19
2018/09/11 21:00:00  -7.128 -4.785 996.92  -0.729  -2.418 1.000 1.422e-08 0.74 330.37
2018/09/12 00:00:00  -7.573 -4.940 997.84  -0.713  -2.263 1.000 1.689e-08 0.00 329.26
2018/09/12 03:00:00  -8.382 -5.044 998.71  -0.815  -2.420 0.999 1.079e-08 0.00 320.22
2018/09/12 06:00:00  -6.734 -4.816 999.64  -0.857  -2.653 0.977 1.513e-08 0.00 325.56
2018/09/12 09:00:00  -2.825 -6.351 1001.22  -0.944  -2.458 0.936 2.525e-09 25.49 327.04
2018/09/12 12:00:00  -2.521 -6.072 1001.98  -0.984  -2.738 0.999 1.694e-09 173.63 319.99
2018/09/12 15:00:00  -3.220 -7.883 1002.75  -1.161  -2.941 1.000 1.111e-08 174.17 321.79
2018/09/12 18:00:00  -5.840 -8.111 1003.48  -1.204  -2.513 1.000 5.902e-09 40.53 332.68
2018/09/12 21:00:00  -5.431 -7.674 1005.26  -1.269  -2.481 1.000 1.117e-08 0.58 334.07
2018/09/13 00:00:00  -6.400 -7.708 1006.18  -1.434  -2.308 1.000 5.208e-09 0.00 333.49
2018/09/13 03:00:00  -5.648 -6.450 1006.46  -1.452  -2.537 1.000 6.466e-09 0.00 332.18
2018/09/13 06:00:00  -4.358 -6.999 1007.03  -1.143  -2.505 0.997 3.339e-09 0.00 327.40
2018/09/13 09:00:00  -6.928 -6.128 1008.26  -1.197  -2.522 0.986 2.446e-09 34.67 331.76
2018/09/13 12:00:00  -5.532 -5.830 1009.18  -0.942  -2.572 0.879 1.896e-11 304.63 288.15
2018/09/13 15:00:00  -5.536 -4.373 1009.54  -1.313  -2.770 0.988 0.000e+00 360.46 284.00
2018/09/13 18:00:00  -5.334 -3.471 1010.26  -1.451  -3.374 0.972 1.542e-09 107.71 308.83
2018/09/13 21:00:00  -4.129 -2.981 1011.24  -1.716  -3.947 0.971 3.580e-09 0.59 318.23
2018/09/14 00:00:00  -2.982 -3.420 1011.02  -1.710  -3.930 0.902 1.387e-10 0.00 290.26
2018/09/14 03:00:00  -2.487 -3.316 1011.16  -1.937  -3.785 0.778 1.064e-09 0.00 289.03
2018/09/14 06:00:00  -0.786 -3.394 1011.05  -2.129  -3.819 0.926 1.686e-10 0.00 267.71
2018/09/14 09:00:00  0.621 -3.988 1011.64  -2.052  -3.841 0.965 3.682e-10 54.26 301.09
2018/09/14 12:00:00  0.214 -4.219 1011.19  -1.852  -3.841 0.865 1.807e-11 210.11 306.25
2018/09/14 15:00:00  -2.058 -3.391 1010.78  -1.705  -3.453 0.449 0.000e+00 346.56 268.12
2018/09/14 18:00:00  -2.724 -2.886 1010.04  -1.666  -3.028 0.421 0.000e+00 215.24 262.39
2018/09/14 21:00:00  -5.162 -2.502 1010.07  -1.614  -2.617 0.915 0.000e+00 1.09 283.60
2018/09/15 00:00:00  -5.383 -2.812 1009.20  -1.380  -4.022 0.601 0.000e+00 0.00 288.01
2018/09/15 03:00:00  -5.989 -3.971 1008.23  -1.348  -3.616 0.962 1.275e-10 0.00 280.31
2018/09/15 06:00:00  -7.652 -4.114 1007.20  -1.727  -3.686 0.988 2.671e-09 0.00 293.02
2018/09/15 09:00:00  -9.336 -5.346 1006.62  -2.135  -4.556 0.958 1.431e-10 61.57 285.66
2018/09/15 12:00:00  -9.820 -6.949 1005.86  -2.476  -5.473 1.000 1.665e-10 264.72 278.89
2018/09/15 15:00:00  -9.672 -7.586 1003.70  -1.750  -5.770 0.988 1.858e-09 209.24 305.82
2018/09/15 18:00:00  -9.683 -8.268 1001.87  -1.344  -3.890 1.000 3.107e-09 78.49 318.54
2018/09/15 21:00:00  -10.802 -8.912 1000.78  -1.030  -3.399 1.000 1.702e-09 0.19 310.92
2018/09/16 00:00:00  -10.680 -10.565 999.94  -1.153  -2.962 1.000 1.604e-09 0.00 322.85
2018/09/16 03:00:00  -9.026 -11.652 998.65  -1.568  -3.423 1.000 7.593e-10 0.00 315.14
2018/09/16 06:00:00  -10.393 -13.131 998.05  -1.630  -3.542 1.000 2.278e-09 0.00 321.49
2018/09/16 09:00:00  -8.465 -12.741 997.48  -1.507  -3.040 1.000 5.784e-10 28.82 324.21
2018/09/16 12:00:00  -9.822 -12.488 997.21  -1.261  -2.623 1.000 1.126e-09 178.23 310.66
2018/09/16 15:00:00  -7.567 -13.526 997.26  -1.750  -2.808 1.000 1.657e-09 209.51 321.43
2018/09/16 18:00:00  -8.120 -14.541 997.19  -1.880  -3.332 1.000 1.712e-08 77.52 324.94
2018/09/16 21:00:00  -9.180 -16.761 997.11  -2.116  -3.709 1.000 6.315e-08 0.06 323.99
2018/09/17 00:00:00  -10.831 -14.167 997.63  -1.909  -3.674 1.000 7.947e-09 0.00 319.79
2018/09/17 03:00:00  -9.522 -13.597 998.43  -1.587  -3.540 1.000 1.246e-08 0.00 325.88
2018/09/17 06:00:00  -10.835 -14.550 999.05  -1.265  -3.235 1.000 6.172e-09 0.00 321.37
2018/09/17 09:00:00  -12.588 -14.309 999.74  -1.089  -2.887 1.000 9.988e-09 14.60 330.48
2018/09/17 12:00:00  -12.405 -12.591 1000.53  -1.327  -2.944 1.000 5.477e-09 77.01 328.28
2018/09/17 15:00:00  -12.680 -12.168 1000.89  -1.456  -3.050 1.000 1.418e-08 108.40 328.18
2018/09/17 18:00:00  -13.042 -12.518 1001.55  -1.655  -3.149 1.000 1.241e-08 59.54 326.57
2018/09/17 21:00:00  -12.801 -11.910 1002.77  -1.738  -3.268 1.000 4.782e-09 0.03 306.80
2018/09/18 00:00:00  -12.287 -11.868 1002.92  -1.375  -3.260 1.000 8.526e-09 0.00 311.32
2018/09/18 03:00:00  -12.219 -11.499 1003.41  -1.609  -3.171 1.000 9.962e-10 0.00 301.83
2018/09/18 06:00:00  -11.661 -10.972 1003.78  -1.804  -3.212 0.999 2.289e-10 0.00 313.32
2018/09/18 09:00:00  -12.003 -10.539 1004.32  -1.854  -3.422 0.998 1.746e-11 46.46 286.90
2018/09/18 12:00:00  -11.512 -11.367 1004.87  -2.112  -4.369 0.980 0.000e+00 200.14 278.64
2018/09/18 15:00:00  -10.927 -11.297 1004.56  -2.245  -4.219 1.000 3.492e-11 266.72 288.02
2018/09/18 18:00:00  -11.410 -11.659 1004.33  -2.432  -4.384 0.988 2.519e-11 112.75 306.07
2018/09/18 21:00:00  -11.916 -10.757 1005.18  -2.670  -4.638 0.960 7.154e-09 0.00 324.75
2018/09/19 00:00:00  -11.090 -10.725 1006.03  -2.436  -4.019 0.323 4.415e-11 0.00 257.54
2018/09/19 03:00:00  -9.272 -11.020 1006.82  -2.890  -4.496 0.894 9.714e-11 0.00 297.64
2018/09/19 06:00:00  -7.433 -12.626 1006.31  -3.138  -4.792 1.000 3.003e-09 0.00 295.91
2018/09/19 09:00:00  -10.579 -12.071 1006.72  -2.816  -5.274 0.993 2.470e-08 15.86 319.95
2018/09/19 12:00:00  -9.811 -12.297 1007.11  -2.165  -4.934 0.945 4.154e-09 153.72 312.80
2018/09/19 15:00:00  -9.111 -12.074 1007.72  -2.675  -4.756 0.995 2.838e-10 176.68 299.38
2018/09/19 18:00:00  -9.389 -10.590 1008.45  -3.083  -6.483 0.979 5.804e-10 101.53 303.05
2018/09/19 21:00:00  -8.766 -9.429 1009.21  -3.488  -6.982 0.118 0.000e+00 0.00 240.76
2018/09/20 00:00:00  -8.414 -8.969 1009.39  -3.638  -7.978 0.257 0.000e+00 0.00 237.54
2018/09/20 03:00:00  -7.476 -7.754 1010.18  -3.594  -8.595 0.337 0.000e+00 0.00 233.34
2018/09/20 06:00:00  -4.144 -7.344 1010.23  -3.545  -8.931 0.083 5.127e-11 0.00 252.49
2018/09/20 09:00:00  -3.413 -6.320 1010.79  -3.349  -9.093 0.325 1.746e-11 65.21 233.56
2018/09/20 12:00:00  -0.607 -5.113 1011.32  -3.346  -8.272 0.559 1.852e-09 244.81 276.07
2018/09/20 15:00:00  0.651 -4.595 1012.08  -3.256  -7.698 0.201 1.222e-10 361.83 248.40
2018/09/20 18:00:00  1.282 -4.605 1012.22  -3.143  -7.300 0.060 9.871e-10 189.94 235.88
2018/09/20 21:00:00  -0.113 -3.721 1012.60  -3.097  -7.304 0.142 7.759e-10 0.00 241.31
2018/09/21 00:00:00  -1.513 -1.668 1013.15  -3.223  -6.701 0.233 1.180e-09 0.00 243.22
2018/09/21 03:00:00  -2.007 -0.479 1013.39  -3.217  -6.865 0.272 0.000e+00 0.00 249.81
2018/09/21 06:00:00  -2.563 0.051 1013.88  -3.044  -7.600 0.310 0.000e+00 0.00 241.30
2018/09/21 09:00:00  -3.662 -0.195 1014.72  -2.939  -8.307 0.360 2.772e-10 57.59 242.79
2018/09/21 12:00:00  -3.844 -1.636 1015.46  -2.982  -8.297 0.079 3.004e-11 312.39 242.48
2018/09/21 15:00:00  -5.234 -0.986 1016.15  -3.052  -8.113 0.142 0.000e+00 362.60 238.30
2018/09/21 18:00:00  -4.746 -0.564 1016.43  -3.142  -7.942 0.144 1.229e-12 179.74 243.00
2018/09/21 21:00:00  -4.282 -0.546 1016.93  -2.956  -8.342 0.089 6.145e-13 0.00 235.39
2018/09/22 00:00:00  -4.722 -0.743 1017.00  -2.986  -8.255 0.100 0.000e+00 0.00 234.29
2018/09/22 03:00:00  -3.735 0.850 1016.87  -2.911  -8.118 0.290 0.000e+00 0.00 234.95
2018/09/22 06:00:00  -2.946 1.983 1016.44  -2.633  -8.116 0.699 2.388e-12 0.00 244.15
2018/09/22 09:00:00  -3.197 3.441 1016.45  -2.179  -8.126 0.506 0.000e+00 56.45 236.62
2018/09/22 12:00:00  -2.855 4.451 1015.85  -1.629  -7.707 0.700 0.000e+00 308.01 241.00
2018/09/22 15:00:00  -1.572 5.511 1016.02  -1.213  -7.017 0.687 0.000e+00 380.10 238.21
2018/09/22 18:00:00  -1.026 5.692 1015.39  -0.898  -6.897 0.599 0.000e+00 177.79 243.58
2018/09/22 21:00:00  -1.118 6.444 1015.27  -0.652  -6.155 0.775 0.000e+00 0.00 256.96
2018/09/23 00:00:00  -1.353 6.511 1014.45  -0.297  -5.869 0.482 4.155e-10 0.00 285.35
2018/09/23 03:00:00  -0.830 6.714 1013.80  -0.794  -3.998 0.673 4.385e-08 0.00 274.62
2018/09/23 06:00:00  1.284 5.681 1013.27  -0.737  -3.232 0.382 5.378e-09 0.00 267.03
2018/09/23 09:00:00  4.532 2.278 1013.79  -0.952  -3.678 0.260 8.126e-10 51.53 259.87
2018/09/23 12:00:00  3.487 0.026 1014.91  -2.536  -3.357 0.844 1.939e-10 263.99 253.66
2018/09/23 15:00:00  3.309 -1.277 1015.31  -3.098  -3.924 0.985 3.492e-11 346.75 249.67
2018/09/23 18:00:00  1.639 0.225 1014.81  -3.500  -5.459 0.996 0.000e+00 140.58 259.87
2018/09/23 21:00:00  0.218 3.295 1013.65  -3.029  -5.761 1.000 7.229e-11 0.00 277.45
2018/09/24 00:00:00  -4.752 0.923 1011.56  -1.480  -3.774 1.000 6.725e-09 0.00 295.60
2018/09/24 03:00:00  -6.450 4.964 1006.28  -0.100  -2.411 1.000 8.486e-08 0.00 327.51
2018/09/24 06:00:00  -6.314 5.774 999.11   0.072  -1.298 0.998 1.181e-07 0.00 332.51
2018/09/24 09:00:00  3.046 4.890 994.92  -0.738  -2.411 1.000 9.899e-08 12.58 319.05
2018/09/24 12:00:00  5.101 5.708 993.99  -0.835  -2.672 0.944 2.322e-09 200.38 281.75
2018/09/24 15:00:00  8.875 7.547 994.33  -0.745  -2.933 0.450 4.055e-10 288.96 253.92
2018/09/24 18:00:00  11.521 7.649 995.04  -0.795  -3.181 0.281 1.245e-09 143.64 270.98
2018/09/24 21:00:00  10.170 6.341 996.83  -1.293  -3.277 0.367 4.899e-10 0.00 258.10
2018/09/25 00:00:00  8.973 5.046 998.05  -2.619  -4.985 0.672 1.325e-09 0.00 253.06
2018/09/25 03:00:00  5.355 1.150 996.85  -3.106  -5.422 0.559 9.812e-10 0.00 250.78
2018/09/25 06:00:00  0.080 -2.242 994.41  -3.393  -5.553 0.338 7.506e-10 0.00 252.37
2018/09/25 09:00:00  -2.257 -4.296 992.47  -3.162  -5.160 0.520 2.842e-10 37.92 259.33
2018/09/25 12:00:00  -2.465 -6.594 990.74  -2.884  -4.801 0.837 3.884e-10 228.49 276.65
2018/09/25 15:00:00  -3.086 -7.078 990.73  -2.500  -4.348 0.855 3.733e-09 250.84 272.97
2018/09/25 18:00:00  -2.439 -8.271 991.47  -2.238  -3.910 0.605 2.334e-09 95.87 294.99
2018/09/25 21:00:00  -5.292 -6.912 994.66  -2.438  -3.656 0.991 3.137e-08 0.00 313.29
2018/09/26 00:00:00  -4.340 -4.992 998.78  -3.056  -5.117 0.997 1.332e-08 0.00 314.69
2018/09/26 03:00:00  -2.705 -4.249 1002.13  -3.419  -5.671 0.944 4.098e-09 0.00 306.98
2018/09/26 06:00:00  -2.794 -2.138 1004.19  -3.597  -6.656 0.369 1.602e-10 0.00 265.72
2018/09/26 09:00:00  -1.846 0.392 1006.62  -3.483  -7.603 0.358 0.000e+00 35.85 252.50
2018/09/26 12:00:00  -0.796 -0.869 1008.08  -3.064  -8.425 0.742 0.000e+00 237.52 266.17
2018/09/26 15:00:00  -1.906 0.139 1008.77  -2.791  -7.654 0.102 0.000e+00 307.82 248.57
2018/09/26 18:00:00  -1.497 1.751 1008.85  -2.037  -6.785 0.276 8.867e-13 148.03 244.04
2018/09/26 21:00:00  -1.663 1.208 1009.13  -1.590  -5.384 0.546 0.000e+00 0.00 251.28
2018/09/27 00:00:00  -2.366 -1.298 1009.75  -1.632  -5.282 0.779 7.892e-10 0.00 268.67
2018/09/27 03:00:00  -1.783 -1.062 1010.27  -1.680  -4.102 0.853 1.732e-08 0.00 286.22
2018/09/27 06:00:00  1.380 -3.105 1011.56  -2.115  -4.619 0.869 6.999e-10 0.00 296.21
2018/09/27 09:00:00  5.219 -3.209 1013.81  -3.271  -5.637 0.578 0.000e+00 31.56 250.70
2018/09/27 12:00:00  6.282 -2.468 1016.53  -3.611 -11.334 0.689 0.000e+00 262.00 230.37
2018/09/27 15:00:00  6.272 -0.144 1017.55  -3.010 -10.267 0.018 0.000e+00 311.01 237.76
2018/09/27 18:00:00  5.358 2.585 1017.71  -2.299  -7.748 0.011 0.000e+00 154.86 229.22
2018/09/27 21:00:00  1.723 6.019 1016.04  -1.255  -6.231 1.000 0.000e+00 0.00 264.41
2018/09/28 00:00:00  -2.665 8.898 1011.64  -0.857  -4.004 1.000 3.357e-08 0.00 316.42
2018/09/28 03:00:00  1.778 12.898 1004.02  -0.590  -2.722 1.000 1.591e-07 0.00 332.17
2018/09/28 06:00:00  2.157 13.956 996.41   0.193  -2.728 1.000 1.037e-07 0.00 329.94
2018/09/28 09:00:00  6.277 11.831 990.44   0.934  -0.692 1.000 3.426e-08 3.52 339.88
2018/09/28 12:00:00  8.332 9.095 988.33  -0.030  -2.041 0.996 1.248e-08 46.15 338.90
2018/09/28 15:00:00  10.628 7.947 987.15  -0.821  -3.148 0.723 4.480e-10 231.04 295.48
2018/09/28 18:00:00  9.242 2.384 987.14  -1.836  -3.081 0.973 1.777e-10 93.94 297.81
2018/09/28 21:00:00  7.962 -2.753 987.79  -3.128  -3.586 0.998 9.563e-10 0.00 322.02
2018/09/29 00:00:00  3.882 -6.260 988.64  -3.568  -5.159 0.947 2.203e-09 0.00 308.88
2018/09/29 03:00:00  -1.421 -6.529 991.88  -3.963  -6.269 0.940 2.061e-09 0.00 308.17
2018/09/29 06:00:00  -7.001 -6.363 995.86  -3.835  -7.211 0.877 3.363e-09 0.00 302.30
2018/09/29 09:00:00  -6.340 -6.833 1001.28  -3.348  -7.070 0.835 6.281e-10 13.31 299.10
2018/09/29 12:00:00  1.036 -7.328 1005.58  -3.087  -6.514 0.849 3.112e-10 238.52 262.59
2018/09/29 15:00:00  2.022 -4.726 1008.94  -3.101  -5.523 0.525 2.267e-10 290.40 248.76
2018/09/29 18:00:00  0.610 0.509 1011.64  -3.058  -5.517 0.914 2.310e-09 85.75 286.68
2018/09/29 21:00:00  1.967 4.931 1013.83  -2.693  -6.034 0.362 9.328e-09 0.00 270.08
2018/09/30 00:00:00  5.089 -0.701 1014.77  -2.727  -6.977 0.078 8.530e-11 0.00 258.27
2018/09/30 03:00:00  5.145 -3.161 1015.43  -3.170  -8.724 0.001 0.000e+00 0.00 217.48
2018/09/30 06:00:00  4.928 -2.702 1016.89  -3.404  -8.642 0.000 0.000e+00 0.00 215.74
2018/09/30 09:00:00  2.526 -1.041 1018.55  -3.553  -8.421 0.347 0.000e+00 27.94 215.19
2018/09/30 12:00:00  1.791 -0.768 1020.08  -3.278  -8.927 1.000 0.000e+00 214.49 239.10
2018/09/30 15:00:00  -1.144 2.463 1020.31  -3.058  -8.355 1.000 0.000e+00 161.93 266.96
2018/09/30 18:00:00  -0.471 3.599 1019.43  -2.514  -7.156 0.998 0.000e+00 57.75 288.13
2018/09/30 21:00:00  -2.029 1.994 1017.34  -2.311  -6.510 0.991 5.633e-11 0.00 290.80
2018/10/01 00:00:00  -3.768 1.876 1015.11  -2.469  -6.521 1.000 5.233e-09 0.00 299.23
2018/10/01 03:00:00  -7.502 -1.058 1010.61  -2.759  -5.626 1.000 3.606e-08 0.00 308.98
2018/10/01 06:00:00  -11.026 -2.966 1005.62  -2.968  -4.653 1.000 7.452e-08 0.00 317.11
2018/10/01 09:00:00  -10.882 -5.309 1000.88  -3.405  -4.529 1.000 7.248e-08 2.34 317.83
2018/10/01 12:00:00  -9.229 -8.508 997.70  -4.175  -4.449 1.000 1.143e-07 17.38 323.33
2018/10/01 15:00:00  -5.215 -10.781 997.34  -4.413  -4.589 1.000 7.127e-08 30.33 326.68
2018/10/01 18:00:00  -0.319 -12.553 1001.03  -4.000  -5.073 1.000 5.360e-08 16.78 316.76
2018/10/01 21:00:00  3.098 -10.518 1005.36  -3.868  -5.384 0.999 2.255e-08 0.00 308.01
2018/10/02 00:00:00  1.824 -9.916 1007.72  -4.163  -5.852 0.978 4.769e-09 0.00 277.54
2018/10/02 03:00:00  1.295 -7.941 1009.14  -4.186  -6.246 0.936 8.079e-09 0.00 293.28
2018/10/02 06:00:00  -0.223 -7.955 1010.25  -4.057  -5.529 0.994 1.143e-08 0.00 292.02
2018/10/02 09:00:00  -2.820 -6.986 1011.72  -4.028  -5.153 1.000 1.173e-08 7.72 314.13
2018/10/02 12:00:00  -5.204 -6.935 1013.02  -3.642  -5.336 0.912 2.087e-08 87.59 311.07
2018/10/02 15:00:00  -5.708 -6.618 1013.83  -3.422  -5.508 0.634 8.287e-09 150.41 298.81
2018/10/02 18:00:00  -5.707 -6.381 1014.68  -3.454  -5.389 0.550 1.025e-09 95.94 254.69
2018/10/02 21:00:00  -5.430 -6.281 1015.10  -3.814  -5.313 0.517 4.171e-10 0.00 262.52
2018/10/03 00:00:00  -6.330 -7.545 1014.72  -4.015  -5.495 0.472 1.570e-10 0.00 276.69
2018/10/03 03:00:00  -6.525 -6.887 1014.33  -4.140  -5.707 0.568 9.299e-10 0.00 284.38
2018/10/03 06:00:00  -5.197 -8.460 1013.20  -4.334  -5.772 0.988 5.039e-10 0.00 286.73
2018/10/03 09:00:00  -2.981 -9.621 1012.61  -4.202  -6.449 0.992 3.701e-10 10.75 294.59
2018/10/03 12:00:00  -1.484 -9.222 1011.05  -4.010  -6.745 0.983 1.534e-09 133.98 290.74
2018/10/03 15:00:00  -2.692 -4.732 1008.72  -3.505  -5.151 0.924 4.965e-09 163.22 306.65
2018/10/03 18:00:00  -4.776 -6.373 1007.49  -2.629  -4.745 0.996 1.056e-09 58.97 293.31
2018/10/03 21:00:00  -6.035 -10.075 1005.59  -3.100  -4.720 0.998 4.418e-08 0.00 289.58
2018/10/04 00:00:00  -10.250 -12.616 1005.78  -3.808  -4.617 1.000 6.456e-08 0.00 304.87
2018/10/04 03:00:00  -8.019 -13.652 1005.98  -3.937  -5.140 1.000 9.558e-09 0.00 289.91
2018/10/04 06:00:00  -6.804 -14.725 1006.74  -4.533  -6.111 1.000 5.808e-09 0.00 281.05
2018/10/04 09:00:00  -7.113 -14.408 1008.57  -4.826  -7.171 1.000 9.936e-09 4.77 294.20
2018/10/04 12:00:00  -6.823 -12.941 1009.49  -4.627  -7.793 1.000 3.004e-10 148.28 269.33
2018/10/04 15:00:00  -5.892 -11.455 1010.05  -4.837  -8.130 1.000 0.000e+00 251.19 243.62
2018/10/04 18:00:00  -3.766 -9.434 1011.23  -4.972  -8.528 0.990 0.000e+00 83.85 256.06
2018/10/04 21:00:00  -2.422 -7.198 1012.42  -5.024  -9.118 0.958 0.000e+00 0.00 233.71
2018/10/05 00:00:00  -2.209 -5.792 1013.71  -4.930  -9.499 0.601 0.000e+00 0.00 229.15
2018/10/05 03:00:00  -2.117 -4.018 1014.86  -5.004 -10.457 0.377 0.000e+00 0.00 224.98
2018/10/05 06:00:00  -3.076 -1.249 1015.77  -4.987 -11.335 0.171 0.000e+00 0.00 232.39
2018/10/05 09:00:00  -2.071 1.535 1016.71  -4.647 -11.530 0.339 0.000e+00 11.77 239.06
2018/10/05 12:00:00  -2.291 3.605 1016.97  -4.217 -11.101 0.265 6.145e-13 225.89 238.52
2018/10/05 15:00:00  0.507 5.001 1016.63  -3.592  -8.406 0.772 7.744e-10 262.03 249.80
2018/10/05 18:00:00  2.381 5.775 1015.09  -3.393  -6.333 0.446 5.046e-09 79.68 256.41
2018/10/05 21:00:00  2.931 6.400 1013.75  -2.816  -5.863 0.801 3.722e-09 0.00 241.15
2018/10/06 00:00:00  2.651 6.987 1011.58  -2.602  -6.360 0.884 3.044e-09 0.00 251.57
2018/10/06 03:00:00  -0.415 7.749 1008.56  -2.443  -6.962 0.718 5.163e-10 0.00 262.10
2018/10/06 06:00:00  -4.843 7.222 1004.84  -2.823  -6.900 0.997 6.145e-13 0.00 260.36
2018/10/06 09:00:00  -9.119 6.023 1000.00  -2.773  -7.351 1.000 1.089e-09 4.04 291.61
2018/10/06 12:00:00  -12.614 3.194 995.77  -3.055  -6.899 1.000 2.228e-08 56.91 300.34
2018/10/06 15:00:00  -15.575 -2.623 988.97  -3.571  -6.002 1.000 1.122e-07 30.96 309.30
2018/10/06 18:00:00  -16.392 -1.246 984.66  -3.606  -4.772 1.000 1.787e-07 8.15 319.37
2018/10/06 21:00:00  -7.363 2.529 984.40  -1.784  -4.258 0.755 6.057e-08 0.00 302.47
2018/10/07 00:00:00  -3.825 2.046 985.63  -1.204  -4.382 0.580 1.934e-09 0.00 287.63
2018/10/07 03:00:00  -3.650 0.969 985.33  -1.461  -4.187 0.793 6.428e-09 0.00 262.45
2018/10/07 06:00:00  -4.598 -1.356 985.03  -1.846  -3.871 0.991 1.592e-08 0.00 289.36
2018/10/07 09:00:00  -5.033 -2.346 985.63  -2.188  -3.800 1.000 1.844e-08 3.91 295.49
2018/10/07 12:00:00  -7.658 -6.568 987.01  -2.678  -4.089 1.000 1.379e-08 119.91 296.86
2018/10/07 15:00:00  -9.030 -5.939 987.21  -2.737  -4.099 1.000 3.621e-09 133.79 289.17
2018/10/07 18:00:00  -9.263 -6.066 987.74  -2.981  -4.078 1.000 8.119e-09 41.45 300.86
2018/10/07 21:00:00  -12.604 -7.172 989.41  -3.529  -4.518 0.998 1.070e-08 0.00 302.22
2018/10/08 00:00:00  -12.522 -6.786 990.90  -4.025  -5.215 1.000 1.916e-08 0.00 302.54
2018/10/08 03:00:00  -12.626 -6.578 991.68  -4.227  -6.111 1.000 6.105e-09 0.00 293.62
2018/10/08 06:00:00  -11.744 -7.423 992.14  -4.504  -6.284 1.000 1.826e-08 0.00 301.80
2018/10/08 09:00:00  -12.381 -6.473 993.49  -3.869  -7.366 1.000 2.620e-08 2.75 298.81
2018/10/08 12:00:00  -12.268 -7.659 993.98  -3.113  -6.636 0.999 3.634e-09 74.92 301.95
2018/10/08 15:00:00  -12.064 -8.133 993.27  -3.706  -5.657 1.000 1.531e-08 104.43 298.70
2018/10/08 18:00:00  -12.355 -8.299 993.00  -3.898  -6.041 1.000 3.332e-08 23.76 306.92
2018/10/08 21:00:00  -12.068 -8.198 993.24  -3.873  -6.443 1.000 4.353e-08 0.00 307.29
2018/10/09 00:00:00  -11.966 -9.286 992.73  -3.438  -5.689 0.999 4.335e-08 0.00 303.11
2018/10/09 03:00:00  -9.790 -8.225 991.93  -3.229  -5.663 0.988 5.252e-08 0.00 303.76
2018/10/09 06:00:00  -10.242 -6.593 990.93  -3.083  -5.402 0.982 3.912e-08 0.00 300.06
2018/10/09 09:00:00  -9.753 -4.959 991.63  -2.723  -5.844 0.953 3.046e-08 2.93 288.30
2018/10/09 12:00:00  -8.475 -5.351 991.81  -2.347  -4.655 0.986 3.283e-08 72.97 302.91
2018/10/09 15:00:00  -7.717 -3.488 991.02  -2.624  -4.594 1.000 5.904e-08 132.96 293.77
2018/10/09 18:00:00  -6.279 -0.244 990.67  -2.643  -4.484 1.000 4.839e-08 33.66 283.22
2018/10/09 21:00:00  -6.196 -0.871 991.22  -1.854  -4.167 1.000 3.216e-08 0.00 294.20
2018/10/10 00:00:00  -7.025 -3.258 991.32  -1.851  -3.857 0.981 7.782e-09 0.00 282.87
2018/10/10 03:00:00  -5.958 -3.325 990.83  -2.041  -4.011 1.000 2.207e-08 0.00 268.41
2018/10/10 06:00:00  -4.705 -3.793 991.14  -2.220  -4.035 0.997 2.344e-08 0.00 273.94
2018/10/10 09:00:00  -4.732 -5.198 991.95  -2.325  -3.886 1.000 1.396e-08 2.16 280.41
2018/10/10 12:00:00  -3.837 -5.613 993.50  -2.920  -4.201 0.959 9.887e-09 115.93 278.46
2018/10/10 15:00:00  -2.141 -6.120 995.10  -3.321  -4.355 0.708 4.903e-10 194.46 273.86
2018/10/10 18:00:00  -1.733 -6.833 997.62  -3.682  -4.683 0.553 4.415e-11 47.22 280.98
2018/10/10 21:00:00  -2.132 -7.675 999.98  -3.790  -4.866 0.499 8.742e-11 0.00 270.08
2018/10/11 00:00:00  -3.066 -8.364 1001.17  -3.787  -4.775 0.951 3.553e-11 0.00 260.61
2018/10/11 03:00:00  -3.902 -8.866 1000.84  -3.770  -4.855 0.995 6.250e-11 0.00 268.32
2018/10/11 06:00:00  -6.354 -10.354 999.36  -3.463  -4.865 1.000 1.437e-10 0.00 292.10
2018/10/11 09:00:00  -7.025 -11.525 996.41  -3.387  -4.393 1.000 5.615e-09 0.84 318.94
2018/10/11 12:00:00  -8.328 -14.591 991.80  -2.916  -4.171 1.000 3.444e-08 37.63 319.21
2018/10/11 15:00:00  -12.457 -14.365 985.48  -3.081  -4.099 1.000 1.053e-07 21.44 323.24
2018/10/11 18:00:00  -15.556 -12.650 981.85  -2.750  -4.084 1.000 7.962e-08 6.78 323.70
2018/10/11 21:00:00  -15.208 -12.361 980.55  -2.528  -3.679 1.000 1.351e-08 0.00 323.77
2018/10/12 00:00:00  -15.132 -10.643 980.39  -2.826  -4.110 1.000 5.455e-08 0.00 324.80
2018/10/12 03:00:00  -14.845 -8.323 980.25  -2.611  -3.782 1.000 8.751e-08 0.00 319.18
2018/10/12 06:00:00  -12.572 -4.880 980.05  -1.428  -2.678 1.000 1.782e-08 0.00 313.53
2018/10/12 09:00:00  -10.584 -0.836 982.57  -0.763  -2.563 0.797 3.630e-08 0.75 312.38
2018/10/12 12:00:00  -10.011 -1.172 984.19  -0.806  -2.844 0.789 1.271e-08 109.25 290.27
2018/10/12 15:00:00  -11.820 -5.309 985.33  -1.642  -3.036 0.935 2.324e-09 113.04 304.28
2018/10/12 18:00:00  -12.779 -5.744 985.48  -2.341  -3.320 0.953 7.932e-10 34.00 290.56
2018/10/12 21:00:00  -10.147 -7.760 984.76  -3.235  -4.688 1.000 7.660e-10 0.00 304.53
2018/10/13 00:00:00  -9.571 -7.450 983.73  -3.665  -6.038 1.000 1.955e-10 0.00 315.52
2018/10/13 03:00:00  -6.795 -6.984 982.88  -3.836  -6.835 1.000 1.837e-10 0.00 304.29
2018/10/13 06:00:00  -6.493 -5.043 982.06  -3.679  -7.216 1.000 4.418e-10 0.00 286.12
2018/10/13 09:00:00  -5.227 -0.738 981.89  -3.308  -7.177 1.000 2.075e-10 0.55 295.00
2018/10/13 12:00:00  -2.184 0.327 981.56  -2.829  -6.448 1.000 1.340e-09 83.37 294.65
2018/10/13 15:00:00  -2.153 0.640 981.47  -2.850  -5.991 1.000 1.644e-09 129.66 281.74
2018/10/13 18:00:00  -2.208 1.063 981.95  -2.675  -5.374 1.000 7.290e-10 30.98 287.06
2018/10/13 21:00:00  -2.679 0.885 982.68  -2.068  -5.257 1.000 5.171e-10 0.00 287.56
2018/10/14 00:00:00  -2.541 1.479 982.88  -2.086  -4.821 1.000 4.280e-10 0.00 292.61
2018/10/14 03:00:00  -0.537 1.628 982.78  -2.128  -4.617 0.972 5.237e-11 0.00 271.14
2018/10/14 06:00:00  0.299 2.009 982.20  -1.952  -4.619 0.995 0.000e+00 0.00 277.11
2018/10/14 09:00:00  0.355 3.397 982.60  -1.596  -4.759 0.878 0.000e+00 0.44 253.68
2018/10/14 12:00:00  0.355 4.489 982.72  -0.752  -4.191 0.687 1.047e-10 124.51 297.81
2018/10/14 15:00:00  1.787 4.882 982.64  -0.470  -3.576 0.700 9.147e-12 197.51 264.56
2018/10/14 18:00:00  2.421 3.398 983.35  -0.523  -3.140 0.938 7.193e-10 37.00 284.63
2018/10/14 21:00:00  2.328 2.594 984.91  -0.753  -2.829 0.971 3.547e-09 0.00 281.40
2018/10/15 00:00:00  2.161 1.735 985.43  -0.977  -2.695 0.991 3.257e-10 0.00 280.77
2018/10/15 03:00:00  0.960 1.192 986.35  -1.127  -2.719 0.995 5.989e-09 0.00 285.57
2018/10/15 06:00:00  -0.619 0.489 986.92  -1.096  -2.756 0.850 2.411e-09 0.00 272.51
2018/10/15 09:00:00  -2.412 1.670 988.01  -0.883  -2.716 0.410 2.928e-09 0.15 261.24
2018/10/15 12:00:00  -2.988 1.959 987.90  -0.802  -2.939 0.367 4.684e-09 117.53 269.15
2018/10/15 15:00:00  -3.795 3.732 987.69  -0.846  -3.028 0.458 1.292e-08 198.79 267.54
2018/10/15 18:00:00  -3.669 3.931 987.26  -0.957  -3.152 0.283 7.093e-09 37.98 269.06
2018/10/15 21:00:00  -4.545 3.130 987.30  -0.981  -3.300 0.375 4.348e-09 0.00 257.08
2018/10/16 00:00:00  -5.370 1.544 986.61  -0.873  -3.618 0.450 1.961e-09 0.00 261.91
2018/10/16 03:00:00  -6.134 -1.740 985.43  -0.940  -3.139 0.845 1.325e-09 0.00 270.27
2018/10/16 06:00:00  -6.331 -5.655 984.39  -1.250  -3.080 0.941 7.338e-10 0.00 288.78
2018/10/16 09:00:00  -4.893 -8.414 983.93  -1.438  -3.579 1.000 9.178e-09 0.01 300.16
2018/10/16 12:00:00  -3.663 -10.676 983.40  -3.008  -4.386 1.000 1.238e-08 38.24 306.28
2018/10/16 15:00:00  -3.616 -11.214 983.69  -3.263  -4.661 1.000 8.802e-09 75.53 304.53
2018/10/16 18:00:00  -2.737 -12.888 984.73  -3.932  -4.901 1.000 9.439e-09 16.83 306.29
2018/10/16 21:00:00  -0.305 -12.974 987.13  -4.203  -5.302 1.000 4.780e-08 0.00 315.96
2018/10/17 00:00:00  6.401 -10.140 989.36  -4.538  -5.367 1.000 8.656e-08 0.00 312.89
2018/10/17 03:00:00  8.625 -8.033 992.22  -4.126  -5.590 1.000 3.832e-08 0.00 308.39
2018/10/17 06:00:00  8.062 -4.214 994.85  -3.861  -5.075 1.000 1.554e-08 0.00 308.92
2018/10/17 09:00:00  5.979 0.636 997.81  -3.288  -5.193 0.928 1.181e-09 0.00 297.77
2018/10/17 12:00:00  3.132 1.935 999.83  -2.533  -5.259 0.654 5.495e-10 147.47 241.97
2018/10/17 15:00:00  3.052 3.437 1000.94  -2.264  -6.175 1.000 5.039e-11 164.96 263.95
2018/10/17 18:00:00  1.823 3.874 1001.65  -2.183  -7.541 1.000 0.000e+00 20.98 275.12
2018/10/17 21:00:00  -2.503 3.831 1001.81  -1.471  -7.002 0.999 2.493e-10 0.00 283.12
2018/10/18 00:00:00  -6.352 4.822 999.94  -1.114  -5.757 1.000 7.632e-09 0.00 305.00
2018/10/18 03:00:00  -10.998 3.923 996.47  -0.957  -3.803 1.000 5.456e-08 0.00 320.41
2018/10/18 06:00:00  -13.200 0.485 992.58  -1.473  -3.445 1.000 8.173e-08 0.00 329.30
2018/10/18 09:00:00  -9.661 3.801 990.00  -0.045  -1.645 0.885 2.029e-08 0.00 322.70
2018/10/18 12:00:00  -7.691 4.114 988.05   0.010  -1.141 1.000 9.799e-09 54.51 322.17
2018/10/18 15:00:00  -7.176 3.570 985.51  -0.066  -1.091 0.999 4.207e-09 111.04 314.62
2018/10/18 18:00:00  -4.923 3.338 983.32  -0.315  -1.704 0.916 1.698e-08 14.02 306.42
2018/10/18 21:00:00  -2.808 2.513 981.99  -0.578  -1.818 0.675 1.026e-08 0.00 312.25
2018/10/19 00:00:00  -3.669 0.557 981.32  -0.908  -2.382 0.976 2.499e-08 0.00 312.02
2018/10/19 03:00:00  -2.425 -1.443 980.69  -1.624  -2.673 0.963 2.845e-09 0.00 275.19
2018/10/19 06:00:00  0.858 -2.350 981.50  -2.105  -2.935 0.993 1.328e-08 0.00 291.00
2018/10/19 09:00:00  3.168 -0.759 984.80  -2.325  -3.182 0.994 1.600e-09 0.00 313.58
2018/10/19 12:00:00  3.713 2.120 987.32  -2.686  -3.499 0.492 2.444e-10 121.23 273.40
2018/10/19 15:00:00  3.570 2.333 989.08  -2.450  -3.404 0.841 1.819e-10 64.70 317.62
2018/10/19 18:00:00  1.620 4.752 990.41  -2.560  -3.967 0.992 1.249e-09 16.76 291.72
2018/10/19 21:00:00  0.991 6.177 990.32  -1.739  -3.935 1.000 4.916e-09 0.00 302.06
2018/10/20 00:00:00  0.075 8.620 989.48  -1.369  -4.345 0.979 3.147e-09 0.00 305.29
2018/10/20 03:00:00  -3.981 2.537 986.05  -1.782  -4.516 0.938 1.348e-09 0.00 277.23
2018/10/20 06:00:00  -8.591 -3.307 981.41  -1.843  -3.898 1.000 5.322e-08 0.00 319.36
2018/10/20 09:00:00  -9.227 -4.925 977.92  -3.275  -3.873 1.000 2.098e-07 0.00 323.42
2018/10/20 12:00:00  -7.182 -8.214 975.19  -3.990  -4.382 1.000 5.183e-08 25.89 324.38
2018/10/20 15:00:00  -7.166 -9.974 974.54  -3.635  -3.946 1.000 2.510e-08 36.31 321.78
2018/10/20 18:00:00  -4.395 -11.670 975.77  -3.773  -4.325 1.000 1.152e-08 8.11 310.21
2018/10/20 21:00:00  -2.537 -12.759 979.55  -4.427  -5.093 1.000 1.469e-08 0.00 312.63
2018/10/21 00:00:00  1.351 -10.705 983.49  -5.177  -6.993 1.000 1.365e-08 0.00 301.61
2018/10/21 03:00:00  1.209 -5.760 986.98  -5.357  -7.610 1.000 8.024e-09 0.00 290.88
2018/10/21 06:00:00  4.312 0.428 989.76  -5.177  -8.202 1.000 8.721e-09 0.00 288.68
2018/10/21 09:00:00  3.616 3.172 991.84  -3.945  -7.372 0.791 3.462e-09 0.00 290.20
2018/10/21 12:00:00  6.425 7.197 992.67  -2.030  -5.968 0.400 6.451e-10 119.57 248.62
2018/10/21 15:00:00  8.229 5.888 994.22  -1.831  -6.379 0.336 5.237e-11 182.67 234.23
2018/10/21 18:00:00  6.725 8.937 994.47  -2.807  -7.303 0.917 1.345e-10 15.64 257.69
2018/10/21 21:00:00  8.704 6.785 994.70  -2.436  -7.155 0.864 2.359e-09 0.00 293.71
2018/10/22 00:00:00  10.091 6.298 994.64  -2.962  -8.347 0.556 8.677e-10 0.00 257.56
2018/10/22 03:00:00  9.161 5.043 993.92  -2.731  -8.976 0.745 1.236e-09 0.00 253.04
2018/10/22 06:00:00  7.957 4.278 993.23  -2.691  -8.558 0.641 2.331e-10 0.00 267.22
2018/10/22 09:00:00  8.031 2.273 994.73  -3.092  -8.283 0.439 2.608e-11 0.00 238.59
2018/10/22 12:00:00  7.391 0.262 996.52  -4.606  -9.487 0.617 9.652e-11 96.98 265.42
2018/10/22 15:00:00  8.858 -1.262 998.82  -4.643 -10.211 0.918 8.090e-11 112.59 282.75
2018/10/22 18:00:00  8.907 -2.084 1002.00  -4.649  -9.121 0.849 7.000e-10 13.24 242.24
2018/10/22 21:00:00  5.117 -4.200 1005.43  -4.791  -9.229 0.922 7.112e-10 0.00 255.26
2018/10/23 00:00:00  0.580 -4.661 1008.96  -5.433  -9.697 0.971 5.125e-11 0.00 278.66
2018/10/23 03:00:00  -0.700 -2.428 1010.62  -5.724 -10.749 1.000 0.000e+00 0.00 279.32
2018/10/23 06:00:00  -1.715 -1.020 1011.25  -5.860 -11.536 1.000 0.000e+00 0.00 270.88
2018/10/23 09:00:00  -3.337 -0.979 1011.93  -5.609 -11.395 1.000 1.167e-11 0.00 261.58
2018/10/23 12:00:00  -2.341 -2.501 1012.48  -5.088 -10.044 1.000 1.807e-11 78.09 268.95
2018/10/23 15:00:00  -4.788 -2.840 1011.98  -4.752  -9.839 0.979 5.422e-11 98.54 270.67
2018/10/23 18:00:00  -5.624 -2.925 1010.59  -4.532  -9.239 0.977 4.629e-10 4.37 291.83
2018/10/23 21:00:00  -7.638 -6.982 1008.17  -4.090  -8.098 0.999 1.624e-08 0.00 299.04
2018/10/24 00:00:00  -7.448 -8.321 1005.47  -4.549  -6.387 0.997 5.201e-08 0.00 301.55
2018/10/24 03:00:00  -10.783 -8.141 1003.87  -4.298  -5.568 1.000 5.649e-08 0.00 303.56
2018/10/24 06:00:00  -8.045 -12.680 1007.81  -4.903  -7.534 0.999 2.158e-08 0.00 299.56
2018/10/24 09:00:00  -6.599 -11.164 1012.79  -5.044  -9.470 0.927 9.555e-10 0.00 254.83
2018/10/24 12:00:00  -4.675 -9.624 1016.70  -4.833  -8.958 0.892 4.191e-09 89.55 266.00
2018/10/24 15:00:00  -3.823 -6.606 1019.30  -5.273 -10.285 0.641 0.000e+00 138.19 238.02
2018/10/24 18:00:00  -3.727 -4.132 1021.30  -5.502 -11.201 0.427 0.000e+00 9.61 229.02
2018/10/24 21:00:00  -3.573 -2.427 1022.01  -5.434 -11.776 0.358 0.000e+00 0.00 232.20
2018/10/25 00:00:00  -2.732 -1.271 1022.46  -5.383 -12.888 0.475 4.204e-10 0.00 242.74
2018/10/25 03:00:00  -2.476 -2.576 1022.94  -5.574 -11.668 0.515 1.583e-10 0.00 221.27
2018/10/25 06:00:00  -3.064 -3.297 1023.30  -5.821 -11.217 0.070 0.000e+00 0.00 223.03
2018/10/25 09:00:00  -1.866 -3.701 1024.91  -5.896 -11.728 0.114 2.867e-10 0.00 223.38
2018/10/25 12:00:00  -0.216 -3.639 1026.40  -5.893 -11.023 0.684 8.867e-13 110.07 223.83
2018/10/25 15:00:00  0.617 -3.165 1027.42  -5.939 -10.839 0.959 7.917e-11 144.37 227.84
2018/10/25 18:00:00  0.803 -2.080 1029.00  -5.972 -11.034 0.642 3.298e-09 5.95 252.52
2018/10/25 21:00:00  1.731 -2.980 1030.58  -5.881 -11.242 0.506 1.173e-09 0.00 272.23
2018/10/26 00:00:00  1.350 -4.228 1031.97  -6.356 -11.724 0.734 6.098e-10 0.00 258.56
2018/10/26 03:00:00  1.960 -5.178 1033.38  -6.543 -12.619 0.925 8.707e-11 0.00 250.18
2018/10/26 06:00:00  1.203 -5.290 1035.48  -6.459 -13.306 0.925 2.015e-10 0.00 247.34
2018/10/26 09:00:00  0.316 -4.681 1037.73  -6.092 -11.321 0.978 2.998e-09 0.00 262.66
2018/10/26 12:00:00  0.150 -4.242 1039.63  -6.069 -11.179 0.970 6.299e-09 61.39 252.00
2018/10/26 15:00:00  -0.894 -2.974 1041.53  -5.565 -11.297 0.797 6.679e-09 94.50 261.14
2018/10/26 18:00:00  -4.294 -1.412 1042.60  -5.160 -11.374 0.892 4.381e-09 4.43 252.88
2018/10/26 21:00:00  -6.110 1.548 1044.11  -4.650 -11.804 1.000 3.230e-09 0.00 264.99
2018/10/27 00:00:00  -6.108 5.039 1044.33  -4.238 -10.709 1.000 1.569e-09 0.00 288.46
2018/10/27 03:00:00  -6.524 6.312 1043.47  -4.337 -10.977 1.000 4.070e-09 0.00 294.59
2018/10/27 06:00:00  -6.020 6.900 1041.65  -4.361 -10.912 1.000 1.074e-08 0.00 295.05
2018/10/27 09:00:00  -6.512 7.464 1038.59  -4.130 -10.231 1.000 9.958e-09 0.00 299.73
2018/10/27 12:00:00  -7.960 7.145 1034.07  -3.769  -8.993 1.000 4.320e-09 19.84 303.11
2018/10/27 15:00:00  -7.457 8.434 1028.40  -3.496  -7.302 1.000 6.748e-08 18.40 307.38
2018/10/27 18:00:00  -8.618 9.378 1020.86  -3.538  -4.165 1.000 2.201e-07 0.31 316.34
2018/10/27 21:00:00  -6.228 14.819 1011.86  -0.442  -2.622 1.000 1.494e-07 0.00 328.73
2018/10/28 00:00:00  0.845 12.889 1005.15   0.582  -0.484 1.000 8.392e-08 0.00 340.81
2018/10/28 03:00:00  6.370 4.286 1001.53  -0.748  -0.971 0.757 1.958e-09 0.00 333.93
2018/10/28 06:00:00  8.151 6.879 998.98  -1.802  -3.052 0.854 2.436e-09 0.00 311.64
2018/10/28 09:00:00  7.132 5.998 997.21  -1.496  -3.774 0.501 2.821e-09 0.00 291.11
2018/10/28 12:00:00  5.253 1.659 994.33  -3.036  -4.087 0.997 1.639e-09 61.35 298.28
2018/10/28 15:00:00  2.613 -3.611 992.16  -4.681  -5.747 1.000 6.168e-10 56.62 299.25
2018/10/28 18:00:00  0.206 -2.110 989.97  -5.358  -6.442 0.995 4.324e-09 1.88 291.51
2018/10/28 21:00:00  1.892 -3.672 988.59  -5.475  -6.580 1.000 1.074e-08 0.00 287.55
2018/10/29 00:00:00  1.971 -4.802 987.19  -5.620  -6.608 0.999 2.783e-08 0.00 297.44
2018/10/29 03:00:00  5.621 -1.969 986.52  -5.420  -6.641 0.991 1.779e-08 0.00 297.62
2018/10/29 06:00:00  7.414 -1.153 986.82  -4.812  -7.659 0.855 1.662e-09 0.00 267.47
2018/10/29 09:00:00  4.249 -0.221 987.88  -4.410  -8.163 0.932 2.520e-09 0.00 260.47
2018/10/29 12:00:00  1.663 -0.063 990.09  -4.794  -7.723 0.861 7.784e-09 47.17 265.60
2018/10/29 15:00:00  -4.276 -3.464 991.86  -5.044  -7.508 0.500 4.682e-09 56.73 292.04
2018/10/29 18:00:00  -5.785 -3.036 993.88  -4.432  -7.493 0.570 1.616e-09 1.20 295.70
2018/10/29 21:00:00  -6.045 -1.404 995.38  -3.908  -6.911 0.773 3.358e-08 0.00 267.85
2018/10/30 00:00:00  -8.018 -0.478 996.78  -3.410  -6.079 0.627 3.923e-08 0.00 275.58
2018/10/30 03:00:00  -8.573 -2.630 997.68  -4.036  -5.735 0.632 3.916e-08 0.00 278.33
2018/10/30 06:00:00  -9.695 -7.063 998.46  -4.001  -5.911 0.645 1.901e-08 0.00 266.56
2018/10/30 09:00:00  -10.964 -8.582 998.86  -4.393  -5.754 0.997 1.275e-08 0.00 275.15
2018/10/30 12:00:00  -10.900 -9.970 999.54  -4.433  -5.502 1.000 8.602e-09 35.47 306.51
2018/10/30 15:00:00  -9.818 -11.278 999.68  -5.056  -6.202 0.997 8.565e-09 54.16 296.10
2018/10/30 18:00:00  -8.689 -12.306 999.42  -5.524  -6.665 1.000 1.796e-08 0.80 294.59
2018/10/30 21:00:00  -7.913 -14.636 999.12  -6.329  -8.230 0.998 1.405e-08 0.00 297.40
2018/10/31 00:00:00  -4.657 -16.172 996.96  -6.754  -9.091 1.000 5.172e-08 0.00 299.81
2018/10/31 03:00:00  -5.881 -12.181 992.16  -4.931  -6.248 1.000 6.506e-08 0.00 306.10
2018/10/31 06:00:00  -9.284 -5.131 991.69  -2.744  -4.157 0.998 3.633e-08 0.00 318.23
2018/10/31 09:00:00  -8.196 -4.192 992.17  -2.723  -4.300 1.000 5.854e-08 0.00 310.88
2018/10/31 12:00:00  -14.650 -6.794 993.30  -2.499  -3.961 1.000 1.285e-07 11.23 321.93
2018/10/31 15:00:00  -14.096 -8.225 995.22  -3.640  -4.266 0.999 1.451e-07 13.92 320.34
2018/10/31 18:00:00  -13.550 -10.280 997.40  -4.667  -5.343 1.000 1.271e-07 0.20 311.19
2018/10/31 21:00:00  -15.077 -11.570 999.03  -4.822  -6.191 0.999 7.008e-08 0.00 309.30
2018/11/01 00:00:00  -15.990 -11.506 1000.28  -4.674  -6.400 1.000 5.738e-08 0.00 304.86
2018/11/01 03:00:00  -14.125 -10.142 1000.81  -4.824  -5.676 0.996 5.420e-08 0.00 308.39
2018/11/01 06:00:00  -12.458 -8.858 1002.05  -4.934  -6.093 0.994 3.604e-08 0.00 302.23
2018/11/01 09:00:00  -13.471 -8.485 1003.30  -4.834  -6.311 0.944 2.865e-08 0.00 295.38
2018/11/01 12:00:00  -13.550 -8.509 1004.17  -4.208  -5.804 0.992 1.299e-08 33.13 289.45
2018/11/01 15:00:00  -12.910 -7.334 1005.19  -4.562  -6.176 0.984 5.400e-09 75.40 270.82
2018/11/01 18:00:00  -12.169 -6.944 1006.24  -4.851  -6.532 0.981 1.651e-09 0.28 266.47
2018/11/01 21:00:00  -12.726 -6.228 1007.23  -4.717  -7.528 0.959 8.048e-09 0.00 278.27
2018/11/02 00:00:00  -12.555 -5.695 1007.95  -4.798  -6.977 0.910 2.547e-09 0.00 260.06
2018/11/02 03:00:00  -12.855 -5.925 1008.81  -5.086  -7.741 0.834 7.564e-10 0.00 254.44
2018/11/02 06:00:00  -12.321 -5.492 1009.41  -5.366  -8.438 0.805 2.163e-10 0.00 261.42
2018/11/02 09:00:00  -11.500 -6.187 1010.12  -5.312  -9.288 0.574 5.216e-11 0.00 250.14
2018/11/02 12:00:00  -11.001 -5.864 1010.24  -5.773  -9.754 0.367 2.519e-11 68.25 225.89
2018/11/02 15:00:00  -10.772 -6.486 1009.42  -5.705 -10.391 0.100 2.796e-10 102.79 227.61
2018/11/02 18:00:00  -10.414 -8.646 1009.06  -5.779 -10.133 0.469 8.111e-10 0.09 250.84
2018/11/02 21:00:00  -10.324 -10.986 1007.41  -6.293  -9.561 0.928 3.895e-09 0.00 241.11
2018/11/03 00:00:00  -11.105 -9.203 1004.86  -5.200  -9.041 1.000 1.123e-08 0.00 295.08
2018/11/03 03:00:00  -9.345 -10.614 1002.80  -5.728  -8.690 0.479 2.592e-10 0.00 233.44
2018/11/03 06:00:00  -9.512 -9.615 1001.03  -5.514 -10.296 0.533 3.553e-11 0.00 220.21
2018/11/03 09:00:00  -5.886 -9.370 1000.00  -5.810 -10.126 0.372 9.468e-10 0.00 239.92
2018/11/03 12:00:00  -2.433 -8.689 998.56  -5.913  -9.538 0.302 3.711e-10 51.86 241.38
2018/11/03 15:00:00  -1.463 -6.695 997.48  -6.069  -9.704 0.340 7.167e-11 93.62 226.86
2018/11/03 18:00:00  -2.560 -5.454 997.84  -6.088 -10.736 0.310 3.553e-11 0.01 222.77
2018/11/03 21:00:00  -2.751 -4.985 997.48  -5.976 -11.243 0.429 3.553e-11 0.00 222.56
2018/11/04 00:00:00  -1.452 -4.248 997.33  -6.047 -10.876 0.833 4.389e-10 0.00 233.22
2018/11/04 03:00:00  -0.976 -4.555 996.84  -6.113 -10.458 0.936 7.167e-10 0.00 239.77
2018/11/04 06:00:00  -2.835 -3.673 996.87  -5.878 -10.452 1.000 3.553e-11 0.00 249.45
2018/11/04 09:00:00  -3.371 -3.365 997.05  -5.467 -10.427 1.000 1.992e-11 0.00 248.42
2018/11/04 12:00:00  -4.760 -4.765 997.04  -5.655 -10.214 1.000 1.807e-11 35.54 257.64
2018/11/04 15:00:00  -6.163 -5.680 996.99  -5.377  -9.817 1.000 6.370e-10 44.77 262.91
2018/11/04 18:00:00  -7.032 -7.066 997.22  -5.498  -9.605 1.000 5.355e-09 0.00 286.69
2018/11/04 21:00:00  -8.951 -8.681 996.20  -5.200  -7.905 1.000 2.150e-08 0.00 294.20
2018/11/05 00:00:00  -10.328 -6.822 994.90  -5.462  -6.662 1.000 9.624e-08 0.00 294.98
2018/11/05 03:00:00  -7.799 -5.187 992.98  -5.119  -5.827 0.991 7.362e-08 0.00 293.09
2018/11/05 06:00:00  -4.922 0.252 992.22  -4.890  -6.329 1.000 4.683e-08 0.00 290.42
2018/11/05 09:00:00  -1.474 0.640 994.12  -4.563  -7.844 0.947 4.444e-08 0.00 284.58
2018/11/05 12:00:00  -4.940 -2.948 996.36  -4.623  -9.142 0.483 1.342e-08 36.10 276.07
2018/11/05 15:00:00  -5.615 -3.164 997.06  -4.515  -8.107 0.875 1.469e-08 43.61 284.44
2018/11/05 18:00:00  -7.616 -2.660 998.04  -4.200  -7.317 1.000 1.325e-08 0.00 270.81
2018/11/05 21:00:00  -9.665 -3.299 999.55  -3.651  -8.064 1.000 3.810e-08 0.00 285.28
2018/11/06 00:00:00  -13.026 -6.635 1000.81  -4.315  -6.255 1.000 2.410e-08 0.00 289.81
2018/11/06 03:00:00  -13.855 -7.874 1001.01  -4.390  -6.893 1.000 1.576e-08 0.00 286.62
2018/11/06 06:00:00  -12.540 -8.322 1001.08  -3.866  -7.714 1.000 5.668e-09 0.00 287.98
2018/11/06 09:00:00  -14.038 -8.234 1001.02  -3.752  -7.241 1.000 1.076e-08 0.00 302.55
2018/11/06 12:00:00  -14.981 -11.160 1000.86  -3.070  -6.628 1.000 1.137e-08 20.51 298.77
2018/11/06 15:00:00  -14.927 -11.886 999.14  -3.169  -6.666 1.000 7.595e-09 31.12 292.79
2018/11/06 18:00:00  -15.444 -12.322 997.94  -3.006  -6.448 1.000 1.223e-08 0.00 302.46
2018/11/06 21:00:00  -17.766 -12.706 996.61  -2.677  -6.290 1.000 3.228e-08 0.00 307.49
2018/11/07 00:00:00  -17.206 -13.008 996.03  -2.556  -5.670 1.000 8.875e-09 0.00 310.18
2018/11/07 03:00:00  -18.043 -12.898 995.31  -2.618  -5.696 1.000 1.115e-08 0.00 311.55
2018/11/07 06:00:00  -16.564 -13.494 995.57  -3.033  -5.539 1.000 1.105e-08 0.00 311.06
2018/11/07 09:00:00  -16.018 -14.259 995.83  -3.581  -5.906 1.000 2.868e-08 0.00 311.72
2018/11/07 12:00:00  -16.490 -14.343 996.60  -3.691  -5.911 1.000 2.005e-08 12.97 313.65
2018/11/07 15:00:00  -16.192 -13.837 997.14  -4.039  -6.104 1.000 1.855e-08 22.99 313.32
2018/11/07 18:00:00  -14.696 -13.679 998.32  -4.282  -6.121 1.000 4.421e-08 0.00 313.32
2018/11/07 21:00:00  -14.719 -12.362 999.33  -3.953  -5.914 1.000 1.400e-08 0.00 316.00
2018/11/08 00:00:00  -13.936 -12.430 999.97  -3.810  -5.704 1.000 7.948e-09 0.00 316.57
2018/11/08 03:00:00  -12.802 -12.059 998.54  -3.896  -5.557 1.000 7.572e-09 0.00 315.80
2018/11/08 06:00:00  -12.654 -13.135 996.91  -3.572  -4.964 1.000 4.608e-09 0.00 319.67
2018/11/08 09:00:00  -12.591 -13.981 994.95  -3.737  -5.096 1.000 1.227e-08 0.00 320.49
2018/11/08 12:00:00  -14.109 -12.386 991.18  -3.368  -4.712 1.000 2.202e-08 5.04 319.41
2018/11/08 15:00:00  -15.090 -12.444 989.32  -3.311  -4.503 1.000 8.643e-10 15.61 323.06
2018/11/08 18:00:00  -12.874 -8.245 989.50  -2.128  -3.150 1.000 5.538e-08 0.00 325.33
2018/11/08 21:00:00  -8.691 -3.501 990.29  -1.227  -2.646 0.962 7.288e-09 0.00 315.52
2018/11/09 00:00:00  -10.892 -4.664 991.49  -0.775  -2.773 0.682 5.467e-09 0.00 267.66
2018/11/09 03:00:00  -10.275 -2.550 991.74  -0.663  -3.082 0.979 2.529e-08 0.00 291.89
2018/11/09 06:00:00  -8.035 -7.756 991.95  -1.164  -2.946 1.000 5.889e-10 0.00 279.22
2018/11/09 09:00:00  -8.964 -8.233 991.70  -1.496  -2.847 0.856 1.230e-10 0.00 260.62
2018/11/09 12:00:00  -10.616 -8.511 991.77  -1.294  -2.871 0.865 7.023e-11 37.68 254.03
2018/11/09 15:00:00  -11.904 -7.909 991.13  -1.324  -2.704 0.986 0.000e+00 62.92 260.28
2018/11/09 18:00:00  -12.383 -6.846 991.65  -1.409  -2.506 0.903 1.102e-09 0.00 306.55
2018/11/09 21:00:00  -10.762 -8.370 992.78  -1.225  -2.643 1.000 1.508e-09 0.00 313.32
2018/11/10 00:00:00  -10.398 -8.576 992.99  -1.494  -2.745 0.993 8.330e-10 0.00 312.00
2018/11/10 03:00:00  -10.528 -9.492 992.33  -1.847  -2.838 1.000 9.368e-10 0.00 315.73
2018/11/10 06:00:00  -10.951 -10.311 992.04  -1.781  -3.334 1.000 8.950e-10 0.00 317.91
2018/11/10 09:00:00  -8.865 -12.203 991.73  -2.620  -3.689 1.000 3.289e-10 0.00 325.89
2018/11/10 12:00:00  -9.957 -13.056 990.98  -2.276  -3.550 1.000 1.343e-09 9.96 326.01
2018/11/10 15:00:00  -9.376 -13.869 989.68  -2.174  -3.293 1.000 8.461e-10 17.45 321.73
2018/11/10 18:00:00  -11.376 -13.612 990.17  -1.707  -3.149 1.000 3.796e-10 0.00 324.84
2018/11/10 21:00:00  -10.421 -13.398 990.87  -2.727  -3.922 1.000 1.106e-09 0.00 329.05
2018/11/11 00:00:00  -10.378 -13.641 991.92  -2.732  -3.939 1.000 9.780e-09 0.00 326.24
2018/11/11 03:00:00  -11.883 -14.184 991.90  -3.416  -4.656 1.000 1.220e-08 0.00 320.02
2018/11/11 06:00:00  -12.485 -13.587 993.73  -3.686  -4.960 1.000 2.842e-08 0.00 317.02
2018/11/11 09:00:00  -13.271 -13.501 996.54  -3.662  -5.433 1.000 8.040e-09 0.00 307.94
2018/11/11 12:00:00  -13.949 -13.070 999.91  -3.913  -5.734 1.000 5.377e-09 10.48 307.68
2018/11/11 15:00:00  -13.573 -12.051 1001.95  -4.324  -6.347 1.000 9.858e-09 14.41 309.10
2018/11/11 18:00:00  -13.801 -12.038 1004.47  -4.629  -6.798 1.000 1.921e-08 0.00 308.76
2018/11/11 21:00:00  -13.425 -11.398 1006.41  -4.974  -7.259 1.000 1.151e-08 0.00 307.24
2018/11/12 00:00:00  -12.802 -10.555 1007.11  -5.019  -7.666 1.000 4.231e-09 0.00 285.73
2018/11/12 03:00:00  -11.734 -10.481 1007.35  -5.260  -8.012 1.000 3.906e-09 0.00 298.99
2018/11/12 06:00:00  -11.486 -11.042 1007.14  -5.460  -8.100 1.000 1.204e-08 0.00 300.83
2018/11/12 09:00:00  -11.259 -11.697 1006.96  -5.508  -8.012 1.000 7.072e-09 0.00 305.50
2018/11/12 12:00:00  -10.850 -11.581 1006.31  -4.550  -7.095 1.000 9.261e-09 7.43 309.40
2018/11/12 15:00:00  -10.792 -11.302 1004.98  -4.183  -6.605 1.000 7.820e-09 12.78 311.92
2018/11/12 18:00:00  -12.299 -10.561 1004.16  -3.793  -6.188 1.000 6.313e-09 0.00 312.90
2018/11/12 21:00:00  -10.039 -10.010 1003.84  -3.900  -5.572 1.000 3.645e-08 0.00 309.84
2018/11/13 00:00:00  -11.056 -10.808 1003.16  -3.304  -4.800 1.000 5.328e-08 0.00 316.46
2018/11/13 03:00:00  -11.653 -10.011 1001.76  -2.518  -4.920 1.000 2.472e-08 0.00 317.96
2018/11/13 06:00:00  -13.167 -10.301 1000.29  -2.541  -5.006 1.000 2.575e-08 0.00 318.80
2018/11/13 09:00:00  -13.689 -7.174 1000.03  -1.981  -4.620 1.000 2.865e-08 0.00 319.12
2018/11/13 12:00:00  -12.690 -7.885 1000.49  -2.540  -4.295 1.000 4.155e-08 5.44 321.83
2018/11/13 15:00:00  -12.213 -7.466 999.82  -3.005  -4.609 1.000 1.700e-08 16.62 316.28
2018/11/13 18:00:00  -11.755 -7.588 999.40  -2.687  -5.362 1.000 1.825e-08 0.00 315.72
2018/11/13 21:00:00  -10.032 -9.152 999.55  -2.948  -5.219 1.000 1.183e-08 0.00 309.38
2018/11/14 00:00:00  -10.730 -9.291 999.59  -3.316  -5.582 0.998 6.179e-09 0.00 307.39
2018/11/14 03:00:00  -8.376 -9.207 999.06  -3.486  -5.585 0.983 1.395e-09 0.00 300.60
2018/11/14 06:00:00  -6.536 -11.241 998.94  -4.352  -5.330 1.000 1.722e-09 0.00 301.64
2018/11/14 09:00:00  -8.869 -10.129 999.33  -3.310  -4.495 0.999 5.097e-09 0.00 314.60
2018/11/14 12:00:00  -10.908 -10.815 999.93  -3.087  -5.039 0.997 5.143e-09 9.59 301.21
2018/11/14 15:00:00  -11.753 -8.976 999.93  -2.827  -4.253 0.988 7.036e-09 18.96 309.38
2018/11/14 18:00:00  -10.496 -9.817 999.02  -3.083  -4.222 0.981 1.174e-09 0.00 297.12
2018/11/14 21:00:00  -12.333 -8.536 998.37  -2.806  -4.507 0.951 1.342e-08 0.00 299.21
2018/11/15 00:00:00  -12.728 -9.470 997.90  -2.715  -4.196 0.985 2.084e-08 0.00 314.56
2018/11/15 03:00:00  -12.556 -9.045 996.84  -3.182  -5.153 1.000 2.406e-09 0.00 306.82
2018/11/15 06:00:00  -10.970 -10.333 996.04  -3.504  -6.158 0.988 1.102e-09 0.00 269.63
2018/11/15 09:00:00  -9.770 -11.903 995.98  -3.745  -7.244 0.993 8.127e-09 0.00 256.44
2018/11/15 12:00:00  -10.546 -11.962 996.85  -4.194  -8.015 1.000 4.174e-09 7.49 302.74
2018/11/15 15:00:00  -11.526 -10.584 996.89  -4.925  -8.392 1.000 4.592e-09 12.34 304.89
2018/11/15 18:00:00  -11.554 -9.871 997.52  -5.291  -8.162 1.000 5.808e-09 0.00 302.29
2018/11/15 21:00:00  -11.435 -9.577 999.44  -5.321  -8.044 1.000 2.385e-08 0.00 303.74
2018/11/16 00:00:00  -11.539 -8.540 1000.77  -5.165  -8.214 1.000 1.613e-08 0.00 304.72
2018/11/16 03:00:00  -11.702 -7.521 1002.02  -5.254  -8.322 0.998 1.478e-09 0.00 302.02
2018/11/16 06:00:00  -12.882 -6.231 1003.94  -4.640  -7.832 1.000 1.536e-09 0.00 299.26
2018/11/16 09:00:00  -13.673 -4.549 1005.44  -4.039  -7.249 0.999 7.059e-09 0.00 310.14
2018/11/16 12:00:00  -14.692 -4.835 1006.32  -2.975  -5.856 1.000 1.129e-08 7.99 302.46
2018/11/16 15:00:00  -15.603 -6.032 1005.08  -2.532  -5.343 1.000 6.945e-09 11.10 314.19
2018/11/16 18:00:00  -17.777 -7.697 1001.09  -2.223  -4.684 1.000 6.498e-08 0.00 315.68
2018/11/16 21:00:00  -16.183 -6.800 999.50  -2.164  -3.533 1.000 1.925e-07 0.00 322.85
2018/11/17 00:00:00  -13.575 -2.679 998.45  -0.353  -2.571 1.000 1.119e-07 0.00 333.20
2018/11/17 03:00:00  -8.360 3.748 996.98   1.325  -0.202 1.000 2.382e-07 0.00 343.62
2018/11/17 06:00:00  -5.750 9.090 996.60   1.576   0.329 1.000 1.754e-08 0.00 349.98
2018/11/17 09:00:00  -6.716 8.404 997.29   1.417   0.387 1.000 8.236e-08 0.00 350.58
2018/11/17 12:00:00  -8.607 11.721 996.62   1.719   0.415 1.000 1.394e-08 2.13 349.61
2018/11/17 15:00:00  -6.967 11.942 998.61   1.783   0.533 1.000 1.926e-09 16.05 343.99
2018/11/17 18:00:00  -5.578 10.779 1000.69   1.609   0.401 1.000 8.521e-10 0.00 347.90
2018/11/17 21:00:00  -6.185 8.512 1001.75   1.203   0.145 1.000 1.812e-08 0.00 341.70
2018/11/18 00:00:00  -5.270 7.036 1001.43   0.879  -0.407 1.000 7.610e-08 0.00 328.69
2018/11/18 03:00:00  -6.260 8.347 1001.72   0.928  -1.830 1.000 1.370e-08 0.00 311.72
2018/11/18 06:00:00  -6.829 9.400 1002.30   0.915  -1.425 0.694 6.515e-09 0.00 303.85
2018/11/18 09:00:00  -2.849 11.435 1003.13   0.403  -1.217 0.923 3.565e-08 0.00 309.61
2018/11/18 12:00:00  3.968 8.860 1007.07  -0.911  -3.842 0.556 2.197e-09 5.93 309.97
2018/11/18 15:00:00  3.300 9.279 1010.81  -1.000  -5.913 0.540 8.760e-10 28.41 274.45
2018/11/18 18:00:00  2.967 8.646 1014.04  -0.451  -6.736 0.887 5.237e-11 0.00 277.51
2018/11/18 21:00:00  2.960 6.733 1017.01  -0.406  -5.815 0.535 3.584e-10 0.00 285.05
2018/11/19 00:00:00  1.238 2.602 1018.45  -0.802  -5.590 0.322 1.608e-10 0.00 255.67
2018/11/19 03:00:00  -2.868 -0.176 1018.73  -1.021  -5.095 0.003 0.000e+00 0.00 242.87
2018/11/19 06:00:00  -6.448 -1.612 1019.30  -0.954  -4.470 0.950 0.000e+00 0.00 251.87
2018/11/19 09:00:00  -8.597 -2.612 1019.21  -0.753  -3.261 1.000 2.389e-08 0.00 313.27
2018/11/19 12:00:00  -9.500 2.847 1019.96   0.576  -0.593 1.000 8.616e-08 1.07 340.72
2018/11/19 15:00:00  -8.718 8.026 1020.95   0.791  -1.146 0.816 5.440e-09 8.01 339.89
2018/11/19 18:00:00  -9.950 6.706 1023.33   0.811  -1.444 0.885 7.769e-09 0.00 331.73
2018/11/19 21:00:00  -9.292 4.893 1025.25   0.734  -1.721 0.920 6.730e-09 0.00 321.51
2018/11/20 00:00:00  -9.229 2.602 1026.50   0.449  -2.089 0.999 4.143e-09 0.00 320.41
2018/11/20 03:00:00  -9.522 2.951 1027.18   0.389  -2.384 0.999 1.192e-09 0.00 327.61
2018/11/20 06:00:00  -8.091 2.639 1027.18   0.074  -2.630 0.999 6.801e-11 0.00 321.88
2018/11/20 09:00:00  -8.320 1.057 1027.67  -0.482  -2.260 0.540 8.478e-11 0.00 309.22
2018/11/20 12:00:00  -6.975 1.634 1027.63  -0.792  -2.791 0.477 1.459e-10 6.81 277.50
2018/11/20 15:00:00  -6.731 3.872 1027.70  -0.557  -2.776 0.861 5.937e-10 18.86 292.81
2018/11/20 18:00:00  -6.790 5.070 1027.51  -0.095  -2.144 0.975 1.742e-09 0.00 327.71
2018/11/20 21:00:00  -5.825 5.872 1028.22   0.109  -1.790 0.996 6.653e-09 0.00 321.94
2018/11/21 00:00:00  -5.577 6.532 1028.01   0.087  -1.636 0.862 1.128e-08 0.00 325.92
2018/11/21 03:00:00  -3.379 6.902 1026.98  -0.084  -1.304 0.648 1.240e-08 0.00 310.18
2018/11/21 06:00:00  -2.293 7.351 1026.75   0.033  -1.102 0.671 4.317e-09 0.00 290.18
2018/11/21 09:00:00  6.905 0.224 1027.54  -1.574  -2.582 1.000 2.683e-08 0.00 338.26
2018/11/21 12:00:00  6.250 -3.154 1029.19  -3.015  -6.257 0.929 6.938e-09 1.55 315.29
2018/11/21 15:00:00  6.119 -2.195 1029.60  -3.156  -7.963 0.491 0.000e+00 22.26 268.58
2018/11/21 18:00:00  6.018 -0.669 1030.73  -3.180  -8.088 0.494 5.964e-10 0.00 253.21
2018/11/21 21:00:00  6.252 0.164 1030.32  -3.352  -7.983 0.233 2.077e-09 0.00 238.93
2018/11/22 00:00:00  6.835 1.385 1029.61  -3.231 -10.074 0.589 0.000e+00 0.00 240.61
2018/11/22 03:00:00  8.386 1.894 1028.72  -3.986 -10.480 0.590 0.000e+00 0.00 224.96
2018/11/22 06:00:00  6.660 1.344 1027.27  -4.618 -10.460 0.015 0.000e+00 0.00 219.95
2018/11/22 09:00:00  6.582 0.785 1027.00  -4.634  -9.832 0.000 0.000e+00 0.00 212.71
2018/11/22 12:00:00  4.751 -1.333 1028.32  -5.069 -12.858 0.000 0.000e+00 5.97 206.11
2018/11/22 15:00:00  2.035 -1.997 1027.73  -5.132 -14.415 0.000 0.000e+00 32.58 204.95
2018/11/22 18:00:00  0.929 -0.448 1028.85  -5.095 -14.145 0.000 0.000e+00 0.00 206.33
2018/11/22 21:00:00  1.561 -1.090 1029.45  -5.013 -13.582 0.000 0.000e+00 0.00 203.95
2018/11/23 00:00:00  -2.207 -1.564 1030.61  -5.497 -12.288 0.009 0.000e+00 0.00 203.83
2018/11/23 03:00:00  -0.643 2.525 1029.75  -4.807 -10.762 0.177 0.000e+00 0.00 208.40
2018/11/23 06:00:00  1.557 2.109 1029.58  -4.166  -9.461 0.581 0.000e+00 0.00 241.75
2018/11/23 09:00:00  2.284 1.022 1029.58  -4.122  -8.882 0.679 0.000e+00 0.00 264.72
2018/11/23 12:00:00  1.644 0.339 1030.27  -4.076  -8.370 0.730 0.000e+00 2.53 283.96
2018/11/23 15:00:00  1.799 1.006 1029.67  -3.526  -7.781 0.320 0.000e+00 25.79 240.38
2018/11/23 18:00:00  1.138 0.553 1029.91  -3.461  -7.570 0.260 0.000e+00 0.00 245.52
2018/11/23 21:00:00  -0.154 0.067 1029.55  -3.187  -6.909 0.145 3.553e-11 0.00 249.02
2018/11/24 00:00:00  -0.888 -0.863 1030.30  -2.708  -5.032 0.216 6.983e-11 0.00 248.19
2018/11/24 03:00:00  -0.948 -0.755 1030.02  -2.641  -4.328 0.278 6.157e-10 0.00 261.44
2018/11/24 06:00:00  -1.217 0.235 1030.42  -2.636  -4.178 0.240 2.635e-10 0.00 250.07
2018/11/24 09:00:00  -1.079 1.019 1030.43  -2.254  -3.558 0.085 0.000e+00 0.00 247.78
2018/11/24 12:00:00  -0.987 -1.470 1031.27  -2.047  -3.535 0.054 0.000e+00 3.13 243.37
2018/11/24 15:00:00  -1.397 -0.925 1030.67  -2.507  -3.688 0.190 0.000e+00 22.56 259.70
2018/11/24 18:00:00  -0.109 0.627 1030.80  -2.613  -3.601 0.375 1.514e-10 0.00 267.38
2018/11/24 21:00:00  1.161 -0.410 1029.91  -3.078  -3.407 0.864 8.867e-13 0.00 271.76
2018/11/25 00:00:00  0.163 -2.945 1030.00  -3.701  -3.935 1.000 5.516e-11 0.00 305.11
2018/11/25 03:00:00  -1.172 -0.942 1028.78  -4.579  -4.682 1.000 1.405e-10 0.00 310.90
2018/11/25 06:00:00  -1.822 -0.389 1028.20  -4.323  -4.553 0.979 2.826e-10 0.00 304.72
2018/11/25 09:00:00  -2.699 -3.028 1028.32  -4.000  -4.519 0.984 6.150e-10 0.00 303.82
2018/11/25 12:00:00  -3.830 -2.652 1027.92  -3.581  -4.391 0.926 4.399e-10 1.13 305.81
2018/11/25 15:00:00  -3.788 -3.117 1026.95  -3.104  -4.668 0.922 5.987e-11 14.85 294.65
2018/11/25 18:00:00  -3.710 -1.861 1026.62  -3.281  -5.137 0.681 9.631e-11 0.00 287.05
2018/11/25 21:00:00  -2.506 -2.091 1025.90  -3.505  -5.773 0.586 1.773e-12 0.00 273.28
2018/11/26 00:00:00  -2.265 -2.434 1024.52  -3.845  -6.046 0.570 3.792e-11 0.00 277.61
2018/11/26 03:00:00  -1.996 -1.920 1023.29  -3.985  -6.398 0.781 9.815e-11 0.00 263.48
2018/11/26 06:00:00  -1.858 -2.156 1022.45  -4.062  -6.347 0.724 9.692e-11 0.00 272.35
2018/11/26 09:00:00  -2.783 -0.789 1021.18  -3.849  -6.151 0.321 0.000e+00 0.00 253.58
2018/11/26 12:00:00  -2.406 -1.171 1020.94  -3.783  -5.734 0.541 0.000e+00 1.31 244.71
2018/11/26 15:00:00  -3.439 -1.117 1019.83  -3.498  -5.192 0.858 7.080e-10 12.69 264.48
2018/11/26 18:00:00  -4.650 -1.040 1019.31  -3.187  -4.981 0.994 3.734e-09 0.00 305.06
2018/11/26 21:00:00  -4.991 -1.884 1019.46  -2.788  -4.718 1.000 1.562e-09 0.00 310.09
2018/11/27 00:00:00  -7.019 -6.543 1020.12  -4.970  -6.171 1.000 2.387e-08 0.00 306.76
2018/11/27 03:00:00  -6.865 -7.272 1019.23  -5.915  -7.331 1.000 1.659e-08 0.00 312.70
2018/11/27 06:00:00  -6.553 -6.521 1017.96  -6.283  -7.784 1.000 8.121e-09 0.00 306.08
2018/11/27 09:00:00  -6.134 -7.873 1017.23  -6.156  -7.738 0.988 2.861e-09 0.00 307.46
2018/11/27 12:00:00  -6.778 -7.958 1016.62  -4.362  -6.193 1.000 1.114e-09 0.62 294.15
2018/11/27 15:00:00  -6.734 -7.837 1015.35  -4.163  -5.985 0.953 3.857e-09 9.94 301.53
2018/11/27 18:00:00  -6.658 -7.929 1013.56  -4.296  -6.482 0.768 4.682e-09 0.00 297.40
2018/11/27 21:00:00  -8.785 -8.938 1012.78  -4.541  -6.987 0.745 6.475e-09 0.00 281.50
2018/11/28 00:00:00  -10.791 -12.801 1012.18  -6.063  -8.278 0.972 5.550e-09 0.00 267.66
2018/11/28 03:00:00  -10.499 -13.387 1011.14  -6.787  -9.563 1.000 6.162e-09 0.00 270.16
2018/11/28 06:00:00  -9.870 -14.393 1009.66  -7.531 -10.124 1.000 1.262e-08 0.00 290.00
2018/11/28 09:00:00  -10.620 -15.368 1008.57  -7.388 -10.293 1.000 1.727e-08 0.00 295.00
2018/11/28 12:00:00  -11.470 -15.197 1007.08  -7.017 -10.313 0.996 1.482e-08 0.21 296.15
2018/11/28 15:00:00  -11.473 -14.013 1006.44  -7.386 -10.459 0.942 3.783e-09 8.19 278.26
2018/11/28 18:00:00  -10.959 -13.772 1006.19  -8.028 -11.840 0.940 3.484e-09 0.00 281.94
2018/11/28 21:00:00  -10.465 -13.943 1005.48  -8.774 -12.925 0.966 2.878e-09 0.00 270.29
2018/11/29 00:00:00  -9.996 -14.645 1004.10  -9.522 -14.060 0.997 2.264e-09 0.00 276.82
2018/11/29 03:00:00  -9.536 -14.233 1002.69  -9.969 -14.371 1.000 4.187e-09 0.00 265.09
2018/11/29 06:00:00  -8.515 -15.503 1001.53 -10.216 -14.411 1.000 6.546e-09 0.00 267.46
2018/11/29 09:00:00  -9.469 -15.288 1001.50 -10.500 -14.719 1.000 5.362e-09 0.00 273.85
2018/11/29 12:00:00  -9.392 -15.385 1000.74 -10.433 -14.505 1.000 5.814e-09 0.13 273.11
2018/11/29 15:00:00  -8.424 -15.176 1000.79 -10.603 -14.715 0.999 6.719e-09 6.56 270.46
2018/11/29 18:00:00  -8.659 -15.676 1000.55 -10.433 -14.669 0.999 9.944e-09 0.00 269.54
2018/11/29 21:00:00  -7.947 -16.306 1000.50 -10.204 -14.461 1.000 9.157e-09 0.00 267.96
2018/11/30 00:00:00  -7.975 -15.767 999.55 -10.531 -14.193 1.000 1.723e-08 0.00 271.25
2018/11/30 03:00:00  -7.204 -15.336 999.67 -10.408 -14.173 1.000 2.382e-08 0.00 275.17
2018/11/30 06:00:00  -7.148 -15.881 999.46 -10.223 -13.740 1.000 2.807e-08 0.00 275.54
2018/11/30 09:00:00  -7.948 -16.393 999.71  -9.352 -12.812 1.000 3.826e-08 0.00 279.63
2018/11/30 12:00:00  -8.348 -16.803 999.72  -8.991 -12.360 1.000 2.851e-08 0.06 279.08
2018/11/30 15:00:00  -9.935 -15.650 999.28  -8.169 -11.878 1.000 2.721e-08 5.66 281.55
2018/11/30 18:00:00  -11.164 -14.884 1000.06  -7.747 -10.820 1.000 1.954e-08 0.00 278.69
2018/11/30 21:00:00  -10.409 -14.373 1001.35  -8.018 -10.179 0.999 1.010e-08 0.00 259.89
2018/12/01 00:00:00  -11.093 -13.752 1001.66  -7.812 -10.418 1.000 6.711e-09 0.00 267.87
2018/12/01 03:00:00  -10.735 -13.249 1002.73  -7.868 -10.795 0.964 2.877e-09 0.00 246.59
2018/12/01 06:00:00  -10.795 -12.586 1003.64  -8.172 -12.219 0.840 6.046e-10 0.00 228.84
2018/12/01 09:00:00  -10.088 -11.955 1005.17  -8.362 -12.645 0.589 1.154e-09 0.00 222.88
2018/12/01 12:00:00  -9.318 -11.246 1005.53  -8.433 -13.425 0.796 6.219e-10 0.04 213.93
2018/12/01 15:00:00  -8.643 -10.171 1005.53  -8.406 -14.316 0.908 1.926e-10 9.80 229.42
2018/12/01 18:00:00  -5.655 -8.682 1005.80  -8.325 -16.053 0.942 1.752e-10 0.00 226.47
2018/12/01 21:00:00  -2.945 -7.858 1006.47  -8.539 -17.083 0.904 3.492e-11 0.00 216.44
2018/12/02 00:00:00  -0.844 -6.314 1006.41  -9.033 -15.523 0.339 0.000e+00 0.00 207.63
2018/12/02 03:00:00  -1.223 -4.299 1005.83  -9.099 -15.995 0.682 3.614e-11 0.00 201.29
2018/12/02 06:00:00  -0.574 -2.299 1005.52  -8.990 -17.700 0.646 1.843e-12 0.00 203.35
2018/12/02 09:00:00  -0.659 -1.527 1005.46  -8.732 -18.659 0.504 5.572e-11 0.00 207.46
2018/12/02 12:00:00  -0.422 -2.831 1005.82  -8.729 -17.999 0.244 9.070e-10 0.01 211.58
2018/12/02 15:00:00  -0.623 -2.589 1006.01  -8.468 -17.591 0.759 1.543e-09 9.98 226.37
2018/12/02 18:00:00  -1.916 -1.831 1006.30  -8.490 -14.979 0.356 3.458e-09 0.00 219.06
2018/12/02 21:00:00  -2.864 -1.200 1006.92  -8.288 -12.191 0.837 4.949e-09 0.00 212.52
2018/12/03 00:00:00  -3.702 1.195 1006.84  -8.469 -13.853 0.975 3.378e-08 0.00 246.23
2018/12/03 03:00:00  -5.996 1.426 1006.48  -7.992 -11.520 0.976 2.638e-08 0.00 256.42
2018/12/03 06:00:00  -7.224 3.480 1005.88  -7.444 -11.559 1.000 2.410e-08 0.00 247.92
2018/12/03 09:00:00  -6.931 4.815 1005.44  -7.037 -11.794 1.000 9.866e-09 0.00 258.23
2018/12/03 12:00:00  -5.410 5.654 1004.55  -6.015 -11.591 1.000 1.085e-08 0.00 282.07
2018/12/03 15:00:00  -6.442 6.816 1002.96  -5.698 -10.798 1.000 1.210e-08 3.53 286.38
2018/12/03 18:00:00  -9.918 7.099 1001.80  -5.832 -10.070 0.999 1.632e-08 0.00 280.06
2018/12/03 21:00:00  -12.173 4.463 1001.11  -5.916  -9.661 0.999 5.825e-08 0.00 273.43
2018/12/04 00:00:00  -10.666 -1.026 1001.78  -6.268  -9.063 1.000 5.042e-08 0.00 279.64
2018/12/04 03:00:00  -8.385 -5.380 1002.64  -6.214 -10.479 0.997 1.113e-08 0.00 263.91
2018/12/04 06:00:00  -6.378 -6.971 1004.29  -5.772 -11.409 0.969 9.680e-10 0.00 247.37
2018/12/04 09:00:00  -6.066 -7.332 1006.17  -5.546 -11.646 0.464 6.440e-09 0.00 252.22
2018/12/04 12:00:00  -6.387 -7.443 1007.84  -5.934  -9.833 0.525 1.101e-08 0.00 235.14
2018/12/04 15:00:00  -6.604 -7.792 1009.43  -5.887 -10.120 0.322 1.447e-08 6.62 233.69
2018/12/04 18:00:00  -6.197 -7.506 1010.46  -5.841 -10.452 0.309 6.181e-09 0.00 221.61
2018/12/04 21:00:00  -5.766 -6.451 1011.02  -5.677 -10.571 0.441 5.650e-09 0.00 237.16
2018/12/05 00:00:00  -6.089 -7.326 1011.60  -6.416 -10.267 0.954 2.207e-09 0.00 233.81
2018/12/05 03:00:00  -6.108 -4.192 1010.86  -6.022 -10.520 1.000 1.234e-09 0.00 240.54
2018/12/05 06:00:00  -5.045 -4.131 1010.23  -5.781 -10.842 1.000 5.528e-10 0.00 247.24
2018/12/05 09:00:00  -5.092 -5.432 1009.57  -5.601 -10.639 0.993 0.000e+00 0.00 250.95
2018/12/05 12:00:00  -6.158 -6.643 1009.25  -5.309 -10.811 1.000 0.000e+00 0.00 247.63
2018/12/05 15:00:00  -6.930 -6.220 1007.00  -4.581 -10.873 0.262 0.000e+00 5.76 251.43
2018/12/05 18:00:00  -6.613 -6.067 1005.51  -4.358  -9.380 0.808 2.674e-10 0.00 263.76
2018/12/05 21:00:00  -7.662 -6.253 1003.65  -4.265  -7.658 0.883 1.602e-09 0.00 247.65
2018/12/06 00:00:00  -7.712 -6.218 1002.16  -3.973  -7.252 0.997 5.718e-09 0.00 280.02
2018/12/06 03:00:00  -8.376 -6.470 1000.06  -3.804  -6.757 0.775 1.660e-09 0.00 296.99
2018/12/06 06:00:00  -9.013 -8.712 997.86  -4.159  -7.229 0.895 1.229e-12 0.00 255.98
2018/12/06 09:00:00  -8.617 -10.838 996.51  -4.549  -8.157 1.000 0.000e+00 0.00 242.81
2018/12/06 12:00:00  -7.893 -12.153 994.99  -4.739  -7.647 1.000 6.934e-11 0.00 248.24
2018/12/06 15:00:00  -7.674 -13.170 992.34  -4.347  -6.382 1.000 3.502e-10 3.62 288.97
2018/12/06 18:00:00  -8.755 -12.584 991.40  -3.778  -5.961 1.000 9.552e-10 0.00 287.37
2018/12/06 21:00:00  -10.371 -11.905 992.53  -3.622  -5.836 1.000 7.308e-09 0.00 293.31
2018/12/07 00:00:00  -11.273 -13.062 994.12  -4.313  -6.943 0.994 9.062e-09 0.00 282.37
2018/12/07 03:00:00  -10.626 -12.907 995.33  -4.570  -7.156 1.000 1.625e-08 0.00 294.55
2018/12/07 06:00:00  -10.353 -13.436 997.09  -4.509  -7.213 0.999 1.796e-08 0.00 300.10
2018/12/07 09:00:00  -9.671 -13.277 999.74  -4.640  -7.401 1.000 1.300e-08 0.00 296.53
2018/12/07 12:00:00  -8.294 -12.765 1001.68  -5.056  -7.707 0.993 7.196e-09 0.00 292.54
2018/12/07 15:00:00  -8.441 -12.512 1002.88  -5.389  -7.394 1.000 6.896e-09 2.43 292.18
2018/12/07 18:00:00  -8.266 -12.492 1002.89  -5.293  -7.349 1.000 4.721e-09 0.00 281.79
2018/12/07 21:00:00  -7.716 -11.872 1003.21  -4.830  -7.309 0.998 1.989e-08 0.00 300.55
2018/12/08 00:00:00  -10.119 -10.720 1002.69  -4.431  -6.478 0.997 1.373e-08 0.00 306.38
2018/12/08 03:00:00  -10.205 -8.422 1002.39  -4.103  -6.419 0.999 1.151e-08 0.00 303.33
2018/12/08 06:00:00  -9.247 -7.803 1002.90  -4.002  -6.780 0.980 4.509e-09 0.00 290.15
2018/12/08 09:00:00  -8.413 -7.280 1004.12  -3.995  -7.286 0.973 3.860e-11 0.00 254.58
2018/12/08 12:00:00  -7.213 -6.876 1005.23  -4.265  -8.144 0.995 0.000e+00 0.00 259.70
2018/12/08 15:00:00  -6.401 -6.824 1006.60  -4.326  -8.353 0.985 0.000e+00 3.46 262.29
2018/12/08 18:00:00  -6.693 -7.445 1007.93  -4.541  -8.472 0.956 8.409e-11 0.00 258.92
2018/12/08 21:00:00  -7.653 -5.923 1009.41  -4.637  -8.629 0.746 2.484e-09 0.00 235.70
2018/12/09 00:00:00  -6.770 -5.758 1011.05  -5.193  -8.828 0.820 1.237e-09 0.00 256.91
2018/12/09 03:00:00  -6.994 -5.272 1012.09  -5.404  -9.301 0.871 1.185e-09 0.00 242.29
2018/12/09 06:00:00  -6.888 -4.398 1012.86  -5.319  -9.910 0.670 5.884e-10 0.00 244.94
2018/12/09 09:00:00  -7.142 -3.918 1013.93  -5.179 -10.813 0.766 3.391e-10 0.00 242.54
2018/12/09 12:00:00  -7.053 -4.456 1015.10  -5.520 -10.848 0.888 7.657e-10 0.00 269.88
2018/12/09 15:00:00  -6.832 -3.828 1015.24  -5.480 -10.544 0.980 2.106e-09 2.39 269.19
2018/12/09 18:00:00  -6.941 -3.651 1015.51  -5.212 -10.404 1.000 8.807e-10 0.00 284.55
2018/12/09 21:00:00  -7.720 -2.154 1015.88  -4.766  -9.492 0.846 1.476e-10 0.00 260.48
2018/12/10 00:00:00  -8.032 -3.442 1015.08  -4.980  -9.946 0.488 8.913e-11 0.00 245.21
2018/12/10 03:00:00  -8.945 -2.269 1013.56  -4.777  -9.114 0.681 2.875e-09 0.00 300.70
2018/12/10 06:00:00  -7.980 -2.868 1012.83  -4.465  -7.223 0.997 1.377e-08 0.00 305.79
2018/12/10 09:00:00  -8.117 -2.671 1011.42  -3.760  -5.867 1.000 6.813e-09 0.00 303.12
2018/12/10 12:00:00  -8.410 -2.654 1009.80  -3.868  -5.631 1.000 1.671e-08 0.00 304.97
2018/12/10 15:00:00  -10.116 -5.074 1005.67  -3.896  -6.145 1.000 1.680e-09 1.63 304.06
2018/12/10 18:00:00  -12.261 -6.830 1000.35  -3.776  -6.192 1.000 2.632e-08 0.00 297.28
2018/12/10 21:00:00  -15.679 -9.917 992.44  -4.408  -5.598 1.000 1.850e-07 0.00 299.64
2018/12/11 00:00:00  -15.014 -0.918 992.08  -3.941  -5.072 1.000 1.103e-07 0.00 315.67
2018/12/11 03:00:00  -5.258 2.756 993.40  -1.732  -3.893 1.000 3.994e-10 0.00 301.03
2018/12/11 06:00:00  -8.155 -1.293 991.95  -2.499  -3.825 1.000 2.034e-09 0.00 296.49
2018/12/11 09:00:00  -13.765 -8.536 986.71  -2.887  -4.731 1.000 1.875e-07 0.00 320.16
2018/12/11 12:00:00  -17.908 -8.865 980.63  -1.690  -3.872 1.000 1.322e-07 0.00 324.79
2018/12/11 15:00:00  -12.008 8.426 981.79  -0.776  -3.289 0.649 4.365e-08 0.94 316.82
2018/12/11 18:00:00  -13.755 7.105 983.23  -1.227  -3.574 0.828 6.994e-09 0.00 280.56
2018/12/11 21:00:00  -13.554 6.160 983.95  -1.423  -3.718 0.811 1.529e-08 0.00 294.10
2018/12/12 00:00:00  -12.323 6.908 984.44  -1.733  -3.762 0.621 3.405e-09 0.00 277.43
2018/12/12 03:00:00  -12.869 7.240 984.55  -1.820  -3.965 0.997 2.250e-09 0.00 289.33
2018/12/12 06:00:00  -6.377 8.760 985.89  -1.850  -3.836 0.932 1.324e-08 0.00 296.52
2018/12/12 09:00:00  -2.295 7.584 989.55  -1.948  -3.988 0.997 1.842e-08 0.00 292.79
2018/12/12 12:00:00  -2.525 6.047 994.10  -1.586  -4.087 0.766 2.297e-10 0.00 273.73
2018/12/12 15:00:00  -2.710 7.202 996.23  -1.467  -3.818 0.983 4.723e-10 2.33 270.88
2018/12/12 18:00:00  -2.706 5.888 998.88  -1.568  -3.399 0.991 0.000e+00 0.00 270.09
2018/12/12 21:00:00  -7.062 4.109 1000.39  -1.615  -3.423 1.000 7.170e-09 0.00 283.06
2018/12/13 00:00:00  -7.846 -0.567 1000.55  -2.000  -3.875 1.000 3.249e-08 0.00 316.31
2018/12/13 03:00:00  -9.533 -2.402 999.12  -1.905  -4.079 1.000 4.992e-09 0.00 283.22
2018/12/13 06:00:00  -9.283 -2.454 997.29  -1.649  -4.283 1.000 3.898e-08 0.00 319.02
2018/12/13 09:00:00  -10.311 -2.310 995.08  -1.477  -4.395 1.000 2.114e-08 0.00 319.75
2018/12/13 12:00:00  -9.996 -1.789 993.50  -1.896  -5.116 1.000 2.359e-08 0.00 314.38
2018/12/13 15:00:00  -10.012 -3.328 991.00  -2.228  -4.855 1.000 4.339e-08 0.56 316.39
2018/12/13 18:00:00  -10.762 -3.275 988.18  -2.039  -4.794 1.000 7.972e-08 0.00 316.00
2018/12/13 21:00:00  -8.893 -2.429 987.26  -2.300  -4.345 1.000 7.416e-08 0.00 322.79
2018/12/14 00:00:00  -7.406 -2.294 986.25  -2.624  -4.253 0.991 8.136e-09 0.00 310.63
2018/12/14 03:00:00  -5.046 -2.373 986.66  -3.161  -4.338 0.999 3.609e-08 0.00 313.39
2018/12/14 06:00:00  -4.360 -2.008 987.68  -3.577  -4.409 0.997 3.037e-08 0.00 327.63
2018/12/14 09:00:00  -3.461 -0.011 989.80  -3.596  -4.402 1.000 5.445e-09 0.00 327.83
2018/12/14 12:00:00  0.296 5.154 991.64  -2.973  -4.583 0.985 9.625e-09 0.00 324.54
2018/12/14 15:00:00  -2.363 2.269 991.75  -3.384  -5.876 0.855 3.811e-10 1.02 295.99
2018/12/14 18:00:00  -5.327 -3.471 990.62  -3.632  -5.704 0.994 3.547e-12 0.00 251.17
2018/12/14 21:00:00  -8.069 -6.932 988.26  -3.571  -5.604 1.000 7.167e-11 0.00 261.28
2018/12/15 00:00:00  -9.569 -6.957 985.06  -3.345  -4.788 1.000 3.974e-09 0.00 296.33
2018/12/15 03:00:00  -8.956 -8.012 982.68  -3.230  -5.042 1.000 6.285e-08 0.00 310.30
2018/12/15 06:00:00  -7.671 -6.951 981.49  -3.625  -4.851 0.968 2.572e-08 0.00 300.53
2018/12/15 09:00:00  -6.367 -5.548 981.24  -3.409  -4.809 0.497 6.639e-09 0.00 293.66
2018/12/15 12:00:00  -6.553 -5.812 982.03  -2.987  -4.610 0.342 3.242e-09 0.00 249.98
2018/12/15 15:00:00  -7.501 -8.433 982.12  -3.776  -4.718 0.617 2.069e-10 1.33 261.74
2018/12/15 18:00:00  -10.564 -8.625 984.18  -5.804  -6.842 0.998 6.351e-09 0.00 304.66
2018/12/15 21:00:00  -12.555 -9.960 987.14  -5.311  -6.565 1.000 3.879e-08 0.00 313.51
2018/12/16 00:00:00  -13.521 -9.983 989.38  -6.351  -8.253 1.000 1.017e-08 0.00 308.70
2018/12/16 03:00:00  -12.630 -10.550 990.47  -6.352  -8.230 0.997 4.642e-09 0.00 302.65
2018/12/16 06:00:00  -12.631 -10.604 991.24  -6.230  -7.851 0.998 5.439e-09 0.00 299.12
2018/12/16 09:00:00  -11.752 -11.429 992.09  -6.704  -8.488 1.000 2.711e-09 0.00 305.37
2018/12/16 12:00:00  -11.521 -12.258 992.01  -6.707  -8.529 1.000 1.167e-08 0.00 299.03
2018/12/16 15:00:00  -11.008 -12.377 990.63  -6.923  -8.792 1.000 3.242e-08 0.47 300.62
2018/12/16 18:00:00  -11.789 -13.467 988.98  -7.047  -8.927 1.000 6.442e-08 0.00 302.09
2018/12/16 21:00:00  -11.755 -13.083 988.15  -7.135  -8.937 1.000 5.243e-08 0.00 301.92
2018/12/17 00:00:00  -14.473 -10.304 987.47  -5.955  -7.619 1.000 3.714e-08 0.00 307.09
2018/12/17 03:00:00  -13.474 -6.960 987.98  -4.590  -6.501 1.000 1.637e-08 0.00 311.65
2018/12/17 06:00:00  -10.349 -5.215 989.58  -3.746  -5.208 0.802 7.666e-10 0.00 302.45
2018/12/17 09:00:00  -11.461 -7.305 990.91  -3.829  -4.944 0.959 2.214e-09 0.00 305.00
2018/12/17 12:00:00  -12.269 -7.797 992.49  -2.992  -4.458 0.761 1.938e-10 0.00 285.04
2018/12/17 15:00:00  -11.683 -10.079 991.82  -3.227  -4.483 0.847 5.316e-10 0.91 293.59
2018/12/17 18:00:00  -10.889 -11.731 991.48  -3.328  -4.745 0.993 1.368e-09 0.00 296.02
2018/12/17 21:00:00  -11.910 -13.329 990.94  -3.640  -4.947 1.000 3.602e-09 0.00 311.86
2018/12/18 00:00:00  -10.594 -14.810 988.86  -4.265  -5.516 1.000 4.187e-09 0.00 317.40
2018/12/18 03:00:00  -11.428 -15.160 986.17  -4.301  -5.617 1.000 8.328e-09 0.00 315.16
2018/12/18 06:00:00  -10.570 -15.660 984.29  -4.347  -5.443 1.000 4.775e-08 0.00 316.83
2018/12/18 09:00:00  -12.486 -13.794 984.79  -3.887  -5.213 1.000 3.220e-08 0.00 319.66
2018/12/18 12:00:00  -12.221 -13.040 986.46  -3.854  -5.007 0.999 4.902e-09 0.00 301.57
2018/12/18 15:00:00  -10.006 -12.901 986.39  -3.748  -4.817 1.000 1.105e-09 0.64 304.90
2018/12/18 18:00:00  -8.308 -14.895 986.62  -4.420  -5.600 1.000 1.390e-09 0.00 318.81
2018/12/18 21:00:00  -5.730 -16.713 984.03  -5.001  -6.179 1.000 3.868e-08 0.00 309.48
2018/12/19 00:00:00  -5.514 -18.094 980.92  -4.665  -5.765 1.000 5.733e-08 0.00 316.96
2018/12/19 03:00:00  -7.430 -16.280 979.52  -2.957  -4.724 1.000 2.190e-08 0.00 317.34
2018/12/19 06:00:00  -10.631 -9.297 985.97  -1.828  -3.936 0.998 2.330e-08 0.00 322.69
2018/12/19 09:00:00  -9.053 -12.988 991.14  -3.616  -4.697 0.968 5.384e-10 0.00 291.44
2018/12/19 12:00:00  -7.791 -11.684 994.67  -3.937  -5.085 1.000 3.200e-10 0.00 318.04
2018/12/19 15:00:00  -6.117 -11.601 995.63  -4.270  -5.471 0.993 5.399e-10 0.44 319.55
2018/12/19 18:00:00  -5.038 -11.186 997.68  -4.116  -5.328 1.000 1.906e-09 0.00 318.69
2018/12/19 21:00:00  -6.025 -9.610 999.20  -3.851  -4.944 1.000 2.212e-09 0.00 321.40
2018/12/20 00:00:00  -8.347 -8.822 1001.31  -3.235  -4.254 0.993 1.921e-09 0.00 321.90
2018/12/20 03:00:00  -8.037 -8.751 1002.52  -3.531  -4.739 1.000 4.634e-10 0.00 320.93
2018/12/20 06:00:00  -6.234 -8.408 1003.97  -3.795  -5.058 0.851 1.880e-10 0.00 312.84
2018/12/20 09:00:00  -5.794 -8.004 1004.94  -3.933  -5.416 0.921 0.000e+00 0.00 289.77
2018/12/20 12:00:00  -6.306 -8.545 1006.07  -4.457  -5.985 0.921 3.319e-10 0.00 306.67
2018/12/20 15:00:00  -4.703 -6.949 1005.18  -4.670  -6.661 0.999 0.000e+00 0.87 247.07
2018/12/20 18:00:00  0.284 -8.883 1005.00  -5.241  -7.358 0.599 1.387e-10 0.00 287.19
2018/12/20 21:00:00  -2.113 -8.971 1003.80  -5.117  -6.495 0.993 6.569e-10 0.00 278.45
2018/12/21 00:00:00  -2.011 -7.826 1003.21  -4.543  -5.436 1.000 5.745e-09 0.00 310.66
2018/12/21 03:00:00  -2.615 -7.996 1002.91  -4.737  -5.399 0.999 1.413e-09 0.00 314.46
2018/12/21 06:00:00  -2.761 -7.068 1003.43  -4.691  -5.387 0.999 1.746e-11 0.00 305.48
2018/12/21 09:00:00  -2.753 -6.371 1003.97  -4.782  -5.448 0.998 1.238e-10 0.00 312.04
2018/12/21 12:00:00  -2.349 -7.400 1005.11  -5.094  -5.818 0.999 5.367e-10 0.00 317.53
2018/12/21 15:00:00  -3.387 -5.639 1005.71  -5.068  -5.838 1.000 3.273e-10 0.29 317.64
2018/12/21 18:00:00  -1.365 -6.531 1008.03  -5.151  -5.900 0.998 2.133e-09 0.00 318.40
2018/12/21 21:00:00  -1.962 -6.078 1009.17  -4.985  -5.686 0.981 2.894e-10 0.00 300.13
2018/12/22 00:00:00  -1.276 -5.645 1010.20  -4.992  -5.736 0.977 4.039e-10 0.00 304.15
2018/12/22 03:00:00  -0.508 -5.710 1011.58  -5.320  -6.018 0.999 1.486e-09 0.00 306.69
2018/12/22 06:00:00  0.584 -4.717 1011.86  -5.545  -6.302 0.992 1.934e-10 0.00 300.00
2018/12/22 09:00:00  1.310 -4.345 1012.85  -5.761  -6.613 0.839 3.492e-11 0.00 284.54
2018/12/22 12:00:00  1.004 -3.188 1013.42  -5.468  -6.445 0.548 1.405e-10 0.00 271.48
2018/12/22 15:00:00  0.842 -1.486 1014.04  -5.393  -6.917 0.817 1.784e-10 0.69 278.93
2018/12/22 18:00:00  0.219 2.028 1014.34  -4.048  -6.168 1.000 4.066e-10 0.00 305.80
2018/12/22 21:00:00  1.850 5.285 1014.10  -2.685  -5.267 1.000 4.312e-09 0.00 308.28
2018/12/23 00:00:00  4.120 1.409 1013.56  -3.382  -5.086 1.000 5.889e-09 0.00 309.43
2018/12/23 03:00:00  4.090 3.025 1013.63  -2.940  -5.182 1.000 3.876e-09 0.00 301.63
2018/12/23 06:00:00  6.308 2.805 1013.21  -2.984  -5.056 1.000 2.253e-08 0.00 299.27
2018/12/23 09:00:00  4.392 3.644 1012.46  -3.007  -5.076 1.000 4.913e-09 0.00 302.84
2018/12/23 12:00:00  4.286 6.003 1010.82  -2.263  -4.729 1.000 1.291e-08 0.00 314.03
2018/12/23 15:00:00  6.191 6.320 1007.95  -2.196  -4.609 1.000 1.421e-08 0.49 315.16
2018/12/23 18:00:00  11.442 5.239 1006.87  -2.006  -4.250 1.000 3.071e-08 0.00 320.87
2018/12/23 21:00:00  11.445 9.432 1006.13  -1.527  -4.122 1.000 3.668e-08 0.00 322.77
2018/12/24 00:00:00  11.235 10.732 1004.25  -1.307  -4.041 1.000 1.603e-08 0.00 315.56
2018/12/24 03:00:00  12.550 10.093 1002.90  -1.314  -3.878 1.000 2.057e-08 0.00 318.82
2018/12/24 06:00:00  12.946 10.362 1001.91  -1.355  -3.798 1.000 2.196e-08 0.00 323.30
2018/12/24 09:00:00  13.662 10.606 1002.11  -1.066  -3.595 1.000 2.657e-10 0.00 322.85
2018/12/24 12:00:00  12.198 10.278 1003.23  -1.670  -3.758 1.000 7.326e-10 0.00 326.60
2018/12/24 15:00:00  12.169 9.543 1004.25  -1.833  -3.668 1.000 3.651e-09 0.39 327.09
2018/12/24 18:00:00  11.343 8.902 1005.66  -1.996  -3.971 1.000 3.998e-09 0.00 326.54
2018/12/24 21:00:00  9.362 8.046 1007.57  -2.412  -4.461 1.000 4.900e-09 0.00 321.62
2018/12/25 00:00:00  6.559 7.613 1008.17  -2.607  -4.943 0.990 2.796e-09 0.00 315.83
2018/12/25 03:00:00  4.181 4.885 1009.15  -2.734  -4.964 0.951 5.482e-09 0.00 306.73
2018/12/25 06:00:00  0.361 3.041 1007.64  -3.193  -4.836 1.000 2.875e-09 0.00 301.13
2018/12/25 09:00:00  -3.652 0.835 1006.37  -3.035  -4.452 0.972 3.042e-09 0.00 312.51
2018/12/25 12:00:00  -6.439 -2.696 1003.86  -3.189  -4.137 1.000 1.087e-08 0.00 315.17
2018/12/25 15:00:00  -11.346 -5.786 999.00  -3.404  -4.676 1.000 6.192e-08 0.19 320.19
2018/12/25 18:00:00  -12.025 -7.565 993.61  -3.675  -4.925 1.000 1.044e-07 0.00 321.82
2018/12/25 21:00:00  -13.291 -8.111 989.35  -3.266  -4.861 1.000 1.454e-07 0.00 323.43
2018/12/26 00:00:00  -9.869 0.557 985.41  -1.794  -2.995 1.000 3.862e-08 0.00 328.52
2018/12/26 03:00:00  -3.634 13.719 987.26  -1.909  -3.946 1.000 5.633e-08 0.00 327.63
2018/12/26 06:00:00  -3.612 10.406 989.08  -1.691  -4.267 0.996 3.952e-08 0.00 321.75
2018/12/26 09:00:00  -4.250 9.871 991.69  -1.651  -4.252 0.779 1.110e-09 0.00 303.16
2018/12/26 12:00:00  -3.250 9.000 992.73  -1.263  -3.684 0.594 8.519e-09 0.00 291.00
2018/12/26 15:00:00  -2.635 6.744 993.44  -1.849  -3.881 0.430 1.254e-09 1.15 276.70
2018/12/26 18:00:00  -2.536 6.817 993.75  -2.233  -4.327 0.717 7.250e-09 0.00 271.43
2018/12/26 21:00:00  -2.996 7.747 994.24  -2.544  -5.307 0.999 1.968e-08 0.00 298.77
2018/12/27 00:00:00  0.237 9.005 993.79  -2.827  -5.848 0.826 5.614e-09 0.00 309.03
2018/12/27 03:00:00  4.889 10.329 993.71  -2.278  -5.879 0.967 5.759e-09 0.00 297.51
2018/12/27 06:00:00  6.345 9.075 995.32  -2.452  -5.524 0.770 1.801e-09 0.00 294.58
2018/12/27 09:00:00  4.967 6.613 997.07  -2.440  -5.956 0.711 6.318e-10 0.00 263.30
2018/12/27 12:00:00  0.606 3.240 997.11  -2.879  -5.587 0.978 4.624e-09 0.00 277.14
2018/12/27 15:00:00  -6.310 1.681 994.91  -2.344  -4.784 1.000 4.346e-08 0.47 314.12
2018/12/27 18:00:00  -9.383 2.123 992.48  -2.456  -3.826 0.958 6.659e-08 0.00 313.60
2018/12/27 21:00:00  -2.718 8.671 991.94  -1.366  -5.351 0.308 1.748e-09 0.00 279.50
2018/12/28 00:00:00  -4.884 8.656 991.22  -1.726  -6.191 0.626 7.516e-09 0.00 269.78
2018/12/28 03:00:00  -4.855 10.766 990.57  -2.088  -4.527 0.678 1.352e-08 0.00 284.08
2018/12/28 06:00:00  -5.293 10.983 990.08  -1.986  -4.696 0.826 1.996e-08 0.00 280.34
2018/12/28 09:00:00  -3.327 9.065 990.39  -2.051  -4.073 0.814 1.880e-08 0.00 281.63
2018/12/28 12:00:00  -0.901 9.767 991.80  -2.164  -4.448 0.568 9.983e-09 0.00 265.91
2018/12/28 15:00:00  -2.493 10.241 992.75  -2.267  -5.164 1.000 1.417e-08 1.13 290.49
2018/12/28 18:00:00  -2.478 9.403 993.02  -2.417  -5.303 0.999 2.798e-08 0.00 305.28
2018/12/28 21:00:00  -2.488 7.188 994.13  -2.605  -5.284 0.991 4.109e-08 0.00 296.94
2018/12/29 00:00:00  -3.536 1.992 995.39  -3.213  -4.963 0.974 2.909e-08 0.00 311.15
2018/12/29 03:00:00  -4.067 -3.426 996.34  -3.581  -4.654 0.988 2.231e-08 0.00 314.01
2018/12/29 06:00:00  -3.484 -11.242 999.61  -3.946  -4.789 0.994 1.600e-08 0.00 304.63
2018/12/29 09:00:00  -3.931 -12.742 1005.07  -4.900  -5.763 0.988 3.570e-09 0.00 284.18
2018/12/29 12:00:00  -0.346 -9.964 1010.24  -6.752  -8.579 0.987 6.979e-09 0.00 301.28
2018/12/29 15:00:00  -5.681 -9.248 1012.71  -7.091  -9.215 0.981 5.807e-10 1.14 280.71
2018/12/29 18:00:00  -9.657 -6.451 1014.26  -6.979  -9.334 0.976 7.675e-10 0.00 258.84
2018/12/29 21:00:00  -9.977 -3.173 1014.50  -5.910  -9.367 1.000 3.491e-09 0.00 282.48
2018/12/30 00:00:00  -9.293 -5.004 1013.48  -5.387  -8.479 1.000 9.210e-09 0.00 288.50
2018/12/30 03:00:00  -10.153 -5.902 1011.10  -5.359  -8.334 0.997 1.468e-08 0.00 266.82
2018/12/30 06:00:00  -10.074 -5.438 1008.61  -5.237  -8.577 1.000 2.040e-08 0.00 271.78
2018/12/30 09:00:00  -8.759 -6.381 1007.21  -4.897  -8.490 1.000 4.449e-08 0.00 297.90
2018/12/30 12:00:00  -9.914 -9.574 1004.28  -5.008  -7.390 1.000 2.581e-08 0.00 298.38
2018/12/30 15:00:00  -9.306 -11.765 1000.13  -5.590  -7.493 1.000 2.623e-08 1.39 284.27
2018/12/30 18:00:00  -9.076 -14.612 997.81  -6.547 -10.008 1.000 3.166e-08 0.00 285.68
2018/12/30 21:00:00  -6.627 -16.985 996.51  -7.992 -11.284 1.000 5.683e-08 0.00 292.13
2018/12/31 00:00:00  -5.954 -16.951 997.28  -9.277 -11.651 1.000 6.546e-08 0.00 289.39
2018/12/31 03:00:00  -4.595 -16.308 1002.33  -9.682 -12.660 1.000 5.648e-08 0.00 286.83
2018/12/31 06:00:00  -3.413 -15.721 1008.52  -9.584 -14.501 1.000 1.073e-08 0.00 273.82
2018/12/31 09:00:00  -3.306 -12.466 1015.85  -9.147 -16.280 0.086 0.000e+00 0.00 210.39
2018/12/31 12:00:00  -3.210 -5.912 1022.12  -9.117 -17.284 0.004 0.000e+00 0.00 196.14
2018/12/31 15:00:00  -1.376 -0.767 1025.55  -8.919 -18.062 0.008 0.000e+00 3.85 198.12
2018/12/31 18:00:00  0.845 4.967 1028.86  -6.877 -14.811 0.820 2.987e-10 0.00 229.25
2018/12/31 21:00:00  3.006 8.690 1030.12  -4.945 -12.192 0.916 0.000e+00 0.00 253.26
2019/01/01 00:00:00  4.038 8.210 1031.13  -3.750  -9.648 0.997 1.650e-10 0.00 284.88
2019/01/01 03:00:00  4.346 6.830 1031.47  -3.300  -7.867 1.000 1.423e-09 0.00 285.07
2019/01/01 06:00:00  2.531 8.331 1031.31  -3.360  -8.070 1.000 9.442e-10 0.00 283.11
2019/01/01 09:00:00  0.288 8.508 1031.51  -3.413  -8.926 1.000 1.167e-10 0.00 298.76
2019/01/01 12:00:00  -4.311 8.057 1030.26  -3.896  -9.479 1.000 0.000e+00 0.00 270.48
2019/01/01 15:00:00  -7.685 7.055 1026.51  -3.536  -8.533 1.000 2.345e-09 1.74 287.93
2019/01/01 18:00:00  -9.113 9.168 1022.18  -1.533  -4.016 1.000 1.939e-08 0.00 319.60
2019/01/01 21:00:00  -7.860 12.876 1017.76  -0.255  -1.878 1.000 6.416e-08 0.00 334.10
2019/01/02 00:00:00  2.664 11.943 1017.21   0.450  -0.696 1.000 2.034e-08 0.00 342.13
2019/01/02 03:00:00  3.072 9.228 1019.06  -0.403  -1.678 1.000 5.007e-09 0.00 327.38
2019/01/02 06:00:00  1.182 9.496 1018.59  -0.429  -1.718 1.000 1.000e-09 0.00 328.98
2019/01/02 09:00:00  0.578 8.042 1018.05  -0.529  -1.764 1.000 4.142e-09 0.00 330.98
2019/01/02 12:00:00  0.074 6.433 1016.13  -0.704  -2.273 1.000 1.086e-07 0.00 329.74
2019/01/02 15:00:00  0.471 3.267 1014.05  -1.487  -2.418 1.000 1.936e-07 0.51 333.18
2019/01/02 18:00:00  -0.661 9.387 1011.85  -0.601  -1.408 1.000 8.721e-08 0.00 336.61
2019/01/02 21:00:00  -3.779 9.355 1009.50  -0.349  -1.429 1.000 1.231e-07 0.00 338.91
2019/01/03 00:00:00  -4.486 11.604 1004.32   0.141  -1.036 1.000 1.159e-07 0.00 340.43
2019/01/03 03:00:00  -7.080 12.122 1000.28   0.332  -0.658 1.000 1.857e-07 0.00 341.91
2019/01/03 06:00:00  -7.859 14.108 994.18   0.623  -0.639 1.000 1.807e-07 0.00 342.69
2019/01/03 09:00:00  -4.218 13.244 993.47   1.052  -0.472 1.000 7.214e-09 0.00 342.18
2019/01/03 12:00:00  -1.813 14.548 993.86   0.069  -1.436 1.000 6.682e-09 0.00 339.59
2019/01/03 15:00:00  5.496 12.399 997.72  -0.938  -2.756 1.000 4.807e-09 2.24 332.58
2019/01/03 18:00:00  3.319 10.018 1003.16  -1.306  -3.062 0.983 3.473e-09 0.00 330.67
2019/01/03 21:00:00  3.590 10.096 1006.82  -1.635  -3.451 1.000 1.924e-09 0.00 317.14
2019/01/04 00:00:00  2.602 6.999 1008.62  -1.877  -3.626 0.997 9.654e-09 0.00 326.66
2019/01/04 03:00:00  -4.048 3.062 1009.06  -2.026  -3.516 1.000 2.503e-09 0.00 323.96
2019/01/04 06:00:00  -9.882 0.704 1005.55  -2.014  -3.107 1.000 1.255e-07 0.00 327.36
2019/01/04 09:00:00  -5.184 9.961 1002.92  -0.321  -0.829 1.000 1.640e-07 0.00 341.42
2019/01/04 12:00:00  -1.115 10.590 1004.35  -0.167  -0.832 0.998 1.132e-08 0.00 342.71
2019/01/04 15:00:00  -2.107 9.962 1005.49  -0.415  -1.279 1.000 1.037e-08 1.68 335.30
2019/01/04 18:00:00  0.270 9.582 1006.17  -0.374  -1.254 0.995 2.170e-09 0.00 340.30
2019/01/04 21:00:00  0.651 8.688 1007.57  -0.640  -2.545 1.000 0.000e+00 0.00 286.88
2019/01/05 00:00:00  -0.221 7.602 1007.82  -1.022  -2.782 1.000 3.642e-09 0.00 308.06
2019/01/05 03:00:00  -1.199 5.543 1006.39  -1.565  -3.136 1.000 3.642e-08 0.00 316.72
2019/01/05 06:00:00  -0.108 4.548 1004.63  -1.871  -3.992 1.000 4.720e-08 0.00 310.52
2019/01/05 09:00:00  3.561 5.581 1003.86  -2.508  -4.785 0.993 3.038e-08 0.00 305.96
2019/01/05 12:00:00  9.965 4.093 1006.07  -3.084  -7.643 0.396 8.332e-10 0.00 280.88
2019/01/05 15:00:00  9.959 8.030 1007.77  -4.364  -9.335 0.707 1.023e-08 6.14 241.99
2019/01/05 18:00:00  10.061 9.270 1008.93  -4.513 -12.039 0.585 9.121e-09 0.00 234.43
2019/01/05 21:00:00  9.943 11.738 1008.77  -4.779  -8.294 0.540 1.844e-08 0.00 250.69
2019/01/06 00:00:00  11.324 11.129 1008.15  -4.064  -8.763 0.524 1.463e-08 0.00 235.21
2019/01/06 03:00:00  13.616 8.228 1008.95  -4.126  -9.508 0.517 5.249e-09 0.00 253.20
2019/01/06 06:00:00  12.430 7.222 1009.71  -4.062  -9.604 0.720 7.843e-09 0.00 246.74
2019/01/06 09:00:00  11.765 8.161 1010.39  -3.775  -8.882 0.692 5.050e-09 0.00 262.87
2019/01/06 12:00:00  10.173 9.659 1011.45  -3.788  -7.182 0.482 6.483e-09 0.00 246.12
2019/01/06 15:00:00  8.157 7.332 1010.48  -3.273  -7.937 0.658 4.671e-09 8.03 247.65
2019/01/06 18:00:00  5.473 3.230 1009.02  -3.037  -8.127 0.986 5.547e-10 0.00 271.60
2019/01/06 21:00:00  3.544 0.247 1007.88  -3.375  -7.792 0.918 9.738e-10 0.00 262.95
2019/01/07 00:00:00  3.881 -2.067 1008.59  -4.886  -8.304 0.996 9.529e-10 0.00 244.29
2019/01/07 03:00:00  7.044 -0.160 1010.62  -5.657 -10.458 0.160 0.000e+00 0.00 217.62
2019/01/07 06:00:00  9.106 2.267 1012.09  -5.271 -11.118 0.362 2.540e-10 0.00 230.61
2019/01/07 09:00:00  7.978 -1.425 1015.36  -6.086 -11.396 0.380 0.000e+00 0.00 252.35
2019/01/07 12:00:00  5.174 -2.784 1020.19  -8.127 -13.696 0.121 0.000e+00 0.00 203.36
2019/01/07 15:00:00  3.456 -1.675 1022.70  -8.382 -13.584 0.991 0.000e+00 8.81 227.54
2019/01/07 18:00:00  2.262 -0.023 1024.73  -7.605 -13.563 0.990 0.000e+00 0.00 228.53
2019/01/07 21:00:00  2.166 1.545 1025.91  -5.772 -13.288 1.000 0.000e+00 0.00 222.28
2019/01/08 00:00:00  -0.533 0.755 1025.75  -4.376 -10.708 0.784 0.000e+00 0.00 231.87
2019/01/08 03:00:00  0.247 2.499 1026.36  -3.388  -7.677 0.993 2.976e-09 0.00 244.83
2019/01/08 06:00:00  -0.467 4.244 1025.06  -2.831  -6.752 1.000 1.759e-09 0.00 249.23
2019/01/08 09:00:00  -3.352 5.177 1023.87  -2.086  -6.305 1.000 8.582e-09 0.00 301.72
2019/01/08 12:00:00  -7.701 7.553 1020.54  -2.495  -4.843 1.000 6.008e-08 0.00 316.11
2019/01/08 15:00:00  -10.267 8.234 1014.84  -2.040  -3.585 1.000 4.089e-08 1.94 325.50
2019/01/08 18:00:00  -2.085 11.068 1010.19  -0.549  -1.007 1.000 6.859e-08 0.00 338.80
2019/01/08 21:00:00  2.460 11.280 1008.25  -0.508  -0.720 1.000 2.287e-08 0.00 343.76
2019/01/09 00:00:00  2.752 13.688 1005.60  -0.129  -0.806 1.000 2.093e-08 0.00 342.24
2019/01/09 03:00:00  4.402 13.516 1002.92  -0.089  -0.856 1.000 3.173e-08 0.00 342.56
2019/01/09 06:00:00  5.495 14.758 999.35   0.184  -0.622 1.000 6.693e-08 0.00 343.54
2019/01/09 09:00:00  6.404 15.488 996.57   0.488  -0.564 1.000 1.069e-07 0.00 345.80
2019/01/09 12:00:00  8.655 15.598 993.42   1.026  -0.313 1.000 2.435e-08 0.00 345.80
2019/01/09 15:00:00  11.620 12.866 992.70  -0.642  -2.188 1.000 3.838e-09 2.41 337.55
2019/01/09 18:00:00  15.733 11.739 992.24  -1.450  -5.546 0.344 0.000e+00 0.00 298.44
2019/01/09 21:00:00  17.189 1.555 995.97  -5.174 -11.028 0.083 0.000e+00 0.00 231.87
2019/01/10 00:00:00  17.966 -3.510 1003.31  -7.971 -17.292 0.022 0.000e+00 0.00 187.85
2019/01/10 03:00:00  14.571 -4.055 1007.48  -8.212 -18.046 0.002 0.000e+00 0.00 188.47
2019/01/10 06:00:00  14.096 -2.535 1010.03  -7.620 -18.141 0.000 0.000e+00 0.00 190.90
2019/01/10 09:00:00  12.726 -1.458 1012.33  -8.729 -17.716 0.002 0.000e+00 0.00 196.68
2019/01/10 12:00:00  10.498 -2.027 1014.94  -9.377 -17.640 0.042 0.000e+00 0.00 194.29
2019/01/10 15:00:00  8.300 -3.852 1016.00  -9.117 -17.166 0.556 0.000e+00 15.58 199.54
2019/01/10 18:00:00  3.621 -3.294 1017.15  -9.101 -17.379 1.000 0.000e+00 0.00 225.01
2019/01/10 21:00:00  -0.873 -1.865 1018.30  -9.099 -17.589 1.000 1.632e-09 0.00 287.07
2019/01/11 00:00:00  -6.472 -2.557 1016.84  -7.852 -12.971 1.000 4.185e-08 0.00 292.82
2019/01/11 03:00:00  -11.182 -4.563 1012.94  -6.464  -9.383 1.000 1.238e-07 0.00 297.99
2019/01/11 06:00:00  -13.919 -4.449 1007.89  -4.998  -6.792 1.000 1.532e-07 0.00 306.18
2019/01/11 09:00:00  -13.257 -5.471 1003.57  -4.566  -5.713 1.000 1.584e-07 0.00 320.14
2019/01/11 12:00:00  -13.260 -9.811 1000.45  -4.386  -5.350 1.000 2.061e-07 0.00 320.83
2019/01/11 15:00:00  -10.709 -13.702 998.69  -5.078  -6.277 1.000 1.035e-07 2.56 315.31
2019/01/11 18:00:00  -5.844 -17.328 1002.09  -7.804  -9.364 1.000 5.831e-08 0.00 305.54
2019/01/11 21:00:00  -4.829 -14.100 1007.03  -8.519 -10.626 1.000 4.190e-09 0.00 286.87
2019/01/12 00:00:00  -4.670 -12.495 1009.46  -9.390 -11.676 1.000 6.151e-10 0.00 275.26
2019/01/12 03:00:00  -6.367 -9.890 1011.40  -9.512 -11.902 1.000 2.912e-09 0.00 285.25
2019/01/12 06:00:00  -8.452 -8.124 1010.42  -8.719 -11.822 1.000 8.412e-09 0.00 286.45
2019/01/12 09:00:00  -10.190 -9.996 1008.05  -7.855 -11.283 1.000 1.334e-08 0.00 291.66
2019/01/12 12:00:00  -10.575 -13.000 1006.29  -6.993  -9.972 1.000 2.079e-08 0.00 292.66
2019/01/12 15:00:00  -12.737 -13.283 1004.28  -7.328  -9.435 1.000 3.106e-08 7.31 284.55
2019/01/12 18:00:00  -12.706 -12.764 1004.31  -7.743  -9.881 1.000 1.197e-08 0.00 275.77
2019/01/12 21:00:00  -10.468 -12.838 1005.93  -7.701 -10.119 0.996 5.386e-09 0.00 262.33
2019/01/13 00:00:00  -11.167 -11.149 1007.76  -8.256 -11.069 1.000 2.922e-09 0.00 265.19
2019/01/13 03:00:00  -8.177 -9.380 1010.54  -8.324 -12.401 1.000 4.127e-09 0.00 271.99
2019/01/13 06:00:00  -5.308 -7.992 1013.59  -8.653 -13.652 1.000 6.329e-09 0.00 282.10
2019/01/13 09:00:00  -2.383 -6.235 1015.35  -9.150 -14.391 0.988 4.289e-09 0.00 271.58
2019/01/13 12:00:00  -1.457 -5.576 1016.96 -10.767 -16.647 1.000 2.066e-09 0.00 261.19
2019/01/13 15:00:00  -1.830 -4.892 1016.55 -11.278 -16.135 0.997 3.763e-10 15.57 229.86
2019/01/13 18:00:00  -1.583 -2.881 1016.24 -11.279 -15.682 0.997 3.457e-09 0.00 253.05
2019/01/13 21:00:00  -1.140 -1.883 1015.24 -10.827 -15.037 0.956 2.198e-09 0.00 234.61
2019/01/14 00:00:00  -3.096 -0.062 1013.76 -10.069 -14.956 0.970 1.333e-10 0.00 211.92
2019/01/14 03:00:00  -2.769 2.316 1011.46  -8.971 -15.248 0.985 5.665e-10 0.00 249.41
2019/01/14 06:00:00  -5.619 1.856 1008.00  -7.568 -14.434 0.999 9.862e-10 0.00 267.37
2019/01/14 09:00:00  -10.272 -0.236 1005.29  -7.063 -12.718 1.000 5.758e-10 0.00 277.50
2019/01/14 12:00:00  -12.539 -5.872 1001.54  -8.923 -12.227 1.000 5.168e-10 0.00 271.77
2019/01/14 15:00:00  -12.809 -8.735 997.57  -8.413 -12.756 1.000 3.071e-09 9.09 275.87
2019/01/14 18:00:00  -15.012 -11.233 995.08  -7.361 -11.645 1.000 2.473e-08 0.00 283.67
2019/01/14 21:00:00  -14.044 -12.448 997.25  -7.406 -11.681 1.000 2.950e-08 0.00 281.58
2019/01/15 00:00:00  -12.080 -14.299 999.23  -8.936 -13.679 1.000 2.257e-08 0.00 275.02
2019/01/15 03:00:00  -12.242 -12.645 1000.56  -9.602 -13.974 1.000 1.929e-08 0.00 272.02
2019/01/15 06:00:00  -11.100 -12.645 1002.17 -10.323 -14.394 1.000 1.782e-08 0.00 271.34
2019/01/15 09:00:00  -11.244 -12.546 1003.98 -10.132 -14.566 0.999 1.581e-08 0.00 266.51
2019/01/15 12:00:00  -10.288 -11.870 1005.61 -10.635 -15.011 1.000 1.222e-08 0.01 270.08
2019/01/15 15:00:00  -9.387 -11.560 1007.33 -10.993 -15.528 0.993 9.290e-09 9.38 268.65
2019/01/15 18:00:00  -9.450 -10.887 1009.38 -11.137 -15.797 1.000 8.292e-09 0.00 266.82
2019/01/15 21:00:00  -7.599 -10.704 1011.97 -11.620 -16.024 0.999 1.135e-08 0.00 268.83
2019/01/16 00:00:00  -6.023 -11.634 1014.75 -11.505 -16.043 1.000 9.899e-09 0.00 268.63
2019/01/16 03:00:00  -5.457 -9.764 1016.05 -12.164 -16.587 0.979 7.491e-09 0.00 249.12
2019/01/16 06:00:00  -2.740 -8.745 1017.89 -12.345 -18.099 0.942 3.109e-09 0.00 243.70
2019/01/16 09:00:00  -3.542 -7.305 1018.79 -12.102 -19.044 0.683 4.850e-10 0.00 241.35
2019/01/16 12:00:00  -3.780 -4.786 1019.26 -11.088 -17.192 0.990 7.097e-10 0.03 214.32
2019/01/16 15:00:00  -2.967 -6.167 1019.29 -10.936 -16.843 1.000 1.259e-09 19.51 223.71
2019/01/16 18:00:00  -5.276 -4.204 1018.64 -10.318 -15.893 1.000 9.578e-10 0.00 235.75
2019/01/16 21:00:00  -4.742 -3.173 1017.80  -9.587 -14.734 1.000 2.975e-09 0.00 266.15
2019/01/17 00:00:00  -7.152 -5.790 1016.76  -7.854 -12.984 1.000 3.450e-09 0.00 262.18
2019/01/17 03:00:00  -7.446 -3.301 1015.10  -7.166 -12.509 1.000 3.301e-09 0.00 267.22
2019/01/17 06:00:00  -6.612 -4.507 1013.43  -6.838 -11.875 1.000 5.666e-09 0.00 274.30
2019/01/17 09:00:00  -6.756 -7.067 1012.62  -6.781 -11.651 1.000 2.315e-09 0.00 251.35
2019/01/17 12:00:00  -5.555 -7.594 1011.73  -7.012 -10.812 0.999 3.907e-09 0.08 249.40
2019/01/17 15:00:00  -4.783 -8.038 1010.94  -7.320 -10.317 0.827 4.384e-09 17.86 271.64
2019/01/17 18:00:00  -5.061 -7.132 1010.18  -7.562 -10.000 0.736 1.448e-09 0.00 248.18
2019/01/17 21:00:00  -3.631 -7.760 1010.37  -8.282 -10.015 0.939 6.750e-10 0.00 272.00
2019/01/18 00:00:00  -3.259 -7.963 1010.95  -8.791  -9.782 0.984 1.757e-10 0.00 279.98
2019/01/18 03:00:00  -3.604 -5.557 1010.60  -8.861  -9.956 0.989 3.000e-10 0.00 286.52
2019/01/18 06:00:00  -4.057 -6.075 1010.29  -8.058  -9.854 0.952 1.405e-10 0.00 286.51
2019/01/18 09:00:00  -5.655 -4.963 1010.07  -6.994 -10.212 0.987 9.008e-11 0.00 289.36
2019/01/18 12:00:00  -7.120 -5.701 1010.27  -6.258 -10.497 0.999 1.073e-10 0.21 274.29
2019/01/18 15:00:00  -9.048 -5.230 1008.74  -5.719 -10.262 0.998 5.393e-11 20.07 271.38
2019/01/18 18:00:00  -9.984 -4.098 1006.51  -4.952  -9.900 1.000 6.775e-10 0.00 278.28
2019/01/18 21:00:00  -10.664 -3.789 1003.77  -3.923  -7.545 1.000 2.820e-09 0.00 287.47
2019/01/19 00:00:00  -12.740 -0.803 1000.09  -3.940  -5.982 1.000 4.734e-08 0.00 311.88
2019/01/19 03:00:00  -9.441 2.724 995.37  -2.137  -3.249 1.000 1.133e-07 0.00 319.21
2019/01/19 06:00:00  -6.212 12.099 991.48  -0.730  -2.305 1.000 1.107e-07 0.00 332.56
2019/01/19 09:00:00  -0.794 9.301 990.70  -2.424  -3.977 0.996 3.185e-08 0.00 317.52
2019/01/19 12:00:00  3.238 10.314 992.16  -2.975  -8.880 0.755 4.027e-09 0.36 286.56
2019/01/19 15:00:00  -3.859 10.738 991.73  -2.810 -10.022 0.598 3.694e-09 33.34 234.88
2019/01/19 18:00:00  2.865 10.755 991.58  -3.122  -7.467 0.644 1.688e-08 0.00 251.31
2019/01/19 21:00:00  3.517 9.526 992.28  -3.297  -9.628 0.821 8.063e-09 0.00 254.18
2019/01/20 00:00:00  4.310 5.460 992.76  -3.644 -11.761 0.811 7.242e-09 0.00 239.05
2019/01/20 03:00:00  1.771 5.395 993.37  -4.466  -9.833 0.919 4.758e-09 0.00 254.94
2019/01/20 06:00:00  -2.611 6.665 992.36  -4.053 -10.657 0.816 2.859e-09 0.00 242.69
2019/01/20 09:00:00  -0.951 6.805 991.03  -4.754  -9.233 0.876 6.439e-09 0.00 255.03
2019/01/20 12:00:00  7.514 4.276 992.14  -3.904 -10.193 0.506 1.041e-08 0.62 256.22
2019/01/20 15:00:00  6.779 3.845 992.26  -5.298  -7.898 0.518 0.000e+00 37.78 228.21
2019/01/20 18:00:00  -3.985 3.433 988.68  -5.003 -10.732 1.000 1.881e-10 0.00 249.08
2019/01/20 21:00:00  -13.921 -2.577 980.79  -4.272  -8.563 1.000 5.362e-08 0.00 291.21
2019/01/21 00:00:00  -3.772 9.554 975.38  -4.095  -7.413 0.577 1.257e-07 0.00 297.18
2019/01/21 03:00:00  -1.549 9.144 975.82  -4.229 -10.871 0.778 1.129e-08 0.00 258.10
2019/01/21 06:00:00  -5.304 4.964 975.81  -4.366 -10.858 0.830 1.671e-09 0.00 257.27
2019/01/21 09:00:00  -4.658 -0.862 975.98  -4.731 -10.886 0.966 2.600e-09 0.00 246.36
2019/01/21 12:00:00  -8.319 -10.780 977.13  -6.973  -8.342 0.995 3.512e-08 0.81 267.06
2019/01/21 15:00:00  -7.218 -11.081 977.74  -7.569  -8.782 1.000 7.489e-09 24.26 267.58
2019/01/21 18:00:00  -5.814 -13.693 979.98  -8.276 -10.850 1.000 2.475e-08 0.00 281.57
2019/01/21 21:00:00  1.470 -12.637 980.88  -7.736 -11.887 0.873 1.584e-08 0.00 278.53
2019/01/22 00:00:00  3.783 -9.290 983.54  -7.241 -11.325 0.944 2.615e-08 0.00 255.72
2019/01/22 03:00:00  6.714 -8.208 985.21  -7.214 -10.826 0.994 2.409e-08 0.00 251.38
2019/01/22 06:00:00  9.015 -8.747 986.30  -7.360 -10.124 0.973 3.583e-08 0.00 268.40
2019/01/22 09:00:00  7.953 -11.847 987.31  -6.944  -8.664 0.974 4.161e-08 0.00 283.09
2019/01/22 12:00:00  -1.633 -10.612 989.58  -5.619  -8.886 0.759 3.250e-08 1.11 281.81
2019/01/22 15:00:00  -2.068 -9.939 991.75  -5.164  -8.754 0.696 1.172e-08 31.91 264.33
2019/01/22 18:00:00  -3.105 -8.198 993.56  -5.554  -8.291 0.671 1.695e-08 0.00 259.81
2019/01/22 21:00:00  -2.790 -7.330 994.95  -5.467  -8.388 0.681 8.557e-09 0.00 252.55
2019/01/23 00:00:00  -2.796 -6.858 996.18  -5.185  -8.616 0.584 1.254e-08 0.00 257.53
2019/01/23 03:00:00  -2.847 -7.936 996.62  -5.698  -7.675 0.495 1.959e-08 0.00 248.23
2019/01/23 06:00:00  -3.419 -7.967 998.71  -5.731  -8.395 0.248 7.195e-09 0.00 238.22
2019/01/23 09:00:00  -3.056 -7.601 1001.19  -5.735  -9.041 0.183 1.985e-09 0.00 230.28
2019/01/23 12:00:00  -1.152 -6.995 1004.36  -6.233  -9.941 0.035 5.299e-11 2.83 221.50
2019/01/23 15:00:00  -3.588 -6.570 1005.22  -6.292  -9.208 0.663 1.049e-10 45.88 224.09
2019/01/23 18:00:00  -4.824 -4.496 1006.43  -5.275  -9.023 0.977 2.666e-09 0.00 275.21
2019/01/23 21:00:00  -6.528 -7.065 1006.39  -4.891  -7.581 0.590 1.393e-08 0.00 255.76
2019/01/24 00:00:00  -8.623 -9.127 1005.47  -5.523  -7.131 1.000 1.463e-08 0.00 247.96
2019/01/24 03:00:00  -7.895 -10.059 1004.08  -5.557  -7.317 1.000 2.029e-08 0.00 274.11
2019/01/24 06:00:00  -7.314 -8.262 1002.10  -5.214  -7.974 1.000 1.867e-08 0.00 286.82
2019/01/24 09:00:00  -7.690 -8.680 1000.29  -5.212  -6.864 1.000 2.478e-08 0.00 275.23
2019/01/24 12:00:00  -6.666 -12.076 1000.10  -5.578  -6.914 1.000 3.604e-08 1.96 289.41
2019/01/24 15:00:00  -1.730 -11.363 998.84  -5.970  -6.958 1.000 2.756e-08 18.89 289.99
2019/01/24 18:00:00  -4.742 -9.017 997.54  -5.075  -6.783 1.000 9.493e-09 0.00 276.45
2019/01/24 21:00:00  -5.640 -8.873 999.01  -4.667  -6.184 0.880 8.866e-09 0.00 286.40
2019/01/25 00:00:00  -7.563 -9.603 1001.71  -4.352  -6.507 0.915 1.721e-08 0.00 286.04
2019/01/25 03:00:00  -9.323 -10.815 1003.15  -4.031  -4.985 0.964 1.715e-08 0.00 284.72
2019/01/25 06:00:00  -10.490 -9.247 1005.61  -3.664  -5.045 0.798 3.449e-08 0.00 286.36
2019/01/25 09:00:00  -12.716 -7.773 1008.69  -3.283  -6.168 0.795 1.292e-08 0.00 269.98
2019/01/25 12:00:00  -12.321 -6.318 1011.99  -2.970  -6.262 0.764 4.530e-10 3.92 266.92
2019/01/25 15:00:00  -9.956 -6.348 1013.57  -3.091  -7.662 0.205 0.000e+00 49.89 241.39
2019/01/25 18:00:00  -7.279 -8.547 1015.62  -3.547  -7.552 0.392 9.912e-10 0.00 233.61
2019/01/25 21:00:00  -6.662 -7.523 1016.54  -3.911  -7.601 0.336 7.201e-09 0.00 256.29
2019/01/26 00:00:00  -5.706 -7.527 1017.87  -4.370  -8.674 0.366 1.013e-09 0.00 231.85
2019/01/26 03:00:00  -5.958 -6.383 1018.38  -5.216  -7.930 0.570 3.792e-09 0.00 243.89
2019/01/26 06:00:00  -4.983 -5.315 1018.99  -5.162  -8.240 0.740 4.140e-09 0.00 239.47
2019/01/26 09:00:00  -4.372 -5.054 1020.10  -5.093  -8.456 0.601 7.423e-09 0.00 248.12
2019/01/26 12:00:00  -3.312 -4.791 1020.40  -5.598  -8.567 0.610 5.865e-09 5.94 246.67
2019/01/26 15:00:00  -2.423 -3.803 1019.75  -5.391  -9.590 0.836 1.890e-09 49.47 255.95
2019/01/26 18:00:00  -2.232 -1.551 1018.05  -5.465  -9.651 0.703 1.416e-09 0.00 260.46
2019/01/26 21:00:00  -0.669 0.148 1016.09  -5.333  -9.230 0.992 1.268e-09 0.00 247.79
2019/01/27 00:00:00  -2.738 -2.365 1013.34  -5.856  -9.205 1.000 1.197e-09 0.00 251.32
2019/01/27 03:00:00  -3.911 2.441 1009.89  -4.645  -9.625 0.967 4.856e-09 0.00 263.15
2019/01/27 06:00:00  -6.007 4.253 1006.49  -4.044  -9.665 0.953 2.906e-10 0.00 267.57
2019/01/27 09:00:00  -7.690 6.118 1003.23  -3.860  -8.192 0.944 5.432e-09 0.00 273.26
2019/01/27 12:00:00  -9.197 7.037 1000.90  -3.240  -5.922 0.996 5.898e-09 4.32 294.78
2019/01/27 15:00:00  -9.644 6.694 998.39  -3.362  -7.445 1.000 3.901e-09 29.71 285.81
2019/01/27 18:00:00  -11.268 5.853 996.81  -3.795  -6.929 1.000 5.517e-08 0.00 297.98
2019/01/27 21:00:00  0.809 4.827 996.21  -4.566  -7.206 1.000 1.022e-07 0.00 305.17
2019/01/28 00:00:00  4.737 2.209 996.77  -4.755 -10.422 0.981 3.098e-08 0.00 291.80
2019/01/28 03:00:00  1.721 1.305 996.08  -4.632 -12.301 0.734 1.247e-08 0.00 270.56
2019/01/28 06:00:00  -1.232 2.519 995.55  -5.366 -11.305 0.764 1.313e-08 0.00 255.06
2019/01/28 09:00:00  -2.714 1.648 995.15  -5.647  -9.446 0.891 3.194e-08 0.00 263.46
2019/01/28 12:00:00  -4.747 1.090 995.74  -5.794  -8.987 0.928 2.213e-08 6.23 267.79
2019/01/28 15:00:00  -5.573 1.817 996.21  -5.722  -9.394 0.858 2.455e-08 37.86 261.74
2019/01/28 18:00:00  -7.730 -0.572 997.33  -5.860  -8.871 0.989 6.833e-08 0.00 278.34
2019/01/28 21:00:00  -16.879 -7.487 1000.46  -7.263  -9.535 0.998 7.944e-08 0.00 281.14
2019/01/29 00:00:00  -12.886 -10.983 1002.93  -7.772 -10.138 1.000 1.725e-08 0.00 271.23
2019/01/29 03:00:00  -12.186 -8.948 1004.09  -7.699 -12.094 0.984 7.281e-09 0.00 246.82
2019/01/29 06:00:00  -11.196 -12.513 1005.17  -8.117 -11.106 0.750 1.569e-08 0.00 229.05
2019/01/29 09:00:00  -11.492 -11.598 1006.24  -8.017 -10.436 0.725 1.411e-08 0.00 234.47
2019/01/29 12:00:00  -9.974 -10.989 1007.94  -8.072  -9.891 0.778 5.515e-09 10.68 225.48
2019/01/29 15:00:00  -8.679 -10.166 1008.22  -8.535 -10.129 0.584 1.951e-09 58.43 224.99
2019/01/29 18:00:00  -8.184 -10.036 1008.83  -8.835 -10.626 0.773 1.821e-09 0.00 224.25
2019/01/29 21:00:00  -9.525 -8.007 1009.06  -8.679 -11.366 0.671 6.825e-09 0.00 246.13
2019/01/30 00:00:00  -9.144 -9.155 1009.71  -8.465 -10.753 0.506 9.997e-09 0.00 223.04
2019/01/30 03:00:00  -10.160 -8.062 1009.59  -8.895 -11.375 0.464 4.875e-09 0.00 213.77
2019/01/30 06:00:00  -10.241 -8.655 1010.09  -9.612 -12.586 0.591 1.298e-09 0.00 209.34
2019/01/30 09:00:00  -9.423 -7.766 1009.84  -9.698 -13.621 0.843 4.375e-09 0.00 258.33
2019/01/30 12:00:00  -9.742 -10.587 1010.51  -8.785 -13.063 0.664 1.580e-08 11.59 233.54
2019/01/30 15:00:00  -9.923 -10.292 1010.43  -9.171 -12.153 0.611 1.210e-08 62.36 224.89
2019/01/30 18:00:00  -9.159 -11.541 1010.78  -9.453 -12.128 0.610 9.144e-09 0.01 222.37
2019/01/30 21:00:00  -9.040 -10.466 1011.63  -9.323 -12.896 0.629 4.075e-09 0.00 229.98
2019/01/31 00:00:00  -7.384 -10.357 1012.59  -8.839 -13.375 0.758 3.227e-09 0.00 242.60
2019/01/31 03:00:00  -8.051 -8.102 1012.77  -8.888 -12.228 0.926 6.823e-09 0.00 252.88
2019/01/31 06:00:00  -8.771 -7.872 1013.02  -8.639 -12.274 0.782 2.694e-09 0.00 231.71
2019/01/31 09:00:00  -7.855 -9.330 1014.25  -8.505 -12.388 0.790 7.251e-09 0.00 225.51
2019/01/31 12:00:00  -9.050 -8.172 1015.60  -9.084 -12.801 0.954 3.348e-09 13.30 219.76
2019/01/31 15:00:00  -8.545 -7.808 1016.83  -8.742 -12.979 0.790 5.139e-09 59.90 234.34
2019/01/31 18:00:00  -8.647 -7.119 1017.63  -9.009 -12.379 0.886 4.303e-09 0.06 229.92
2019/01/31 21:00:00  -8.950 -6.787 1019.15  -9.584 -12.219 0.675 5.259e-09 0.00 216.67
2019/02/01 00:00:00  -8.209 -7.338 1020.46  -9.882 -12.974 0.375 4.928e-09 0.00 212.33
2019/02/01 03:00:00  -6.752 -5.326 1020.34  -9.957 -14.194 0.445 1.077e-09 0.00 212.54
2019/02/01 06:00:00  -6.002 -4.615 1020.80 -10.112 -14.157 0.775 1.912e-09 0.00 205.49
2019/02/01 09:00:00  -6.297 -4.546 1020.97 -10.461 -14.230 0.721 5.834e-09 0.00 222.36
2019/02/01 12:00:00  -5.576 -3.407 1020.92 -10.435 -15.409 0.581 1.746e-09 16.80 217.66
2019/02/01 15:00:00  -3.330 -3.098 1020.24 -10.597 -16.099 0.678 3.162e-10 79.72 206.62
2019/02/01 18:00:00  -3.215 -1.145 1019.18 -10.462 -15.754 0.712 8.602e-12 0.24 215.16
2019/02/01 21:00:00  -2.528 -0.135 1017.95  -9.843 -15.730 0.658 3.121e-09 0.00 235.73
2019/02/02 00:00:00  -1.207 3.100 1016.93  -8.087 -15.296 0.950 1.154e-09 0.00 220.15
2019/02/02 03:00:00  -0.969 4.667 1015.50  -7.146 -15.556 0.942 8.050e-09 0.00 242.41
2019/02/02 06:00:00  -1.080 5.600 1014.43  -6.854 -14.867 0.651 7.597e-09 0.00 237.59
2019/02/02 09:00:00  -1.989 6.700 1013.41  -6.726 -13.700 0.386 2.068e-09 0.00 224.99
2019/02/02 12:00:00  -4.443 5.627 1012.57  -6.372 -13.268 0.405 2.620e-10 20.73 223.30
2019/02/02 15:00:00  -6.247 3.860 1011.20  -6.533 -12.932 0.929 3.819e-09 80.42 217.60
2019/02/02 18:00:00  -7.197 1.888 1009.60  -6.808 -12.860 0.823 6.384e-09 0.57 221.46
2019/02/02 21:00:00  -8.115 -2.105 1008.12  -7.006 -12.350 0.978 1.047e-08 0.00 243.80
2019/02/03 00:00:00  -8.821 -3.695 1007.46  -7.471 -11.447 1.000 4.439e-09 0.00 245.89
2019/02/03 03:00:00  -9.046 -4.177 1006.50  -7.427 -11.635 0.975 7.960e-09 0.00 227.95
2019/02/03 06:00:00  -8.655 -3.983 1005.79  -7.081 -12.187 0.998 6.055e-10 0.00 229.90
2019/02/03 09:00:00  -10.156 -4.112 1005.28  -6.158 -12.801 1.000 6.997e-10 0.00 267.43
2019/02/03 12:00:00  -11.574 -4.309 1006.06  -6.096 -11.887 1.000 1.049e-08 12.26 284.37
2019/02/03 15:00:00  -10.511 -2.689 1005.53  -6.314 -11.507 1.000 1.626e-08 34.73 287.75
2019/02/03 18:00:00  -9.038 -1.614 1005.37  -6.011 -11.752 1.000 1.481e-08 0.55 288.58
2019/02/03 21:00:00  -7.741 -1.329 1005.95  -5.756 -11.559 0.981 1.258e-08 0.00 285.96
2019/02/04 00:00:00  -6.300 -1.215 1006.89  -5.158 -12.033 0.912 1.966e-09 0.00 273.74
2019/02/04 03:00:00  -4.916 -1.225 1007.47  -4.807 -12.040 0.928 1.924e-09 0.00 268.34
2019/02/04 06:00:00  -4.760 -2.827 1008.93  -4.715 -11.049 0.465 3.263e-09 0.00 248.49
2019/02/04 09:00:00  -6.389 -2.499 1009.94  -4.994  -8.827 0.882 3.047e-09 0.00 241.97
2019/02/04 12:00:00  -8.435 -2.934 1012.07  -4.763  -8.841 0.955 1.041e-08 20.15 255.58
2019/02/04 15:00:00  -9.912 -3.384 1012.67  -4.610  -7.813 0.860 2.651e-08 63.23 262.38
2019/02/04 18:00:00  -10.109 -3.772 1012.97  -4.624  -7.664 0.982 2.026e-08 1.23 269.81
2019/02/04 21:00:00  -10.713 -3.817 1013.66  -4.944  -7.355 0.450 8.109e-10 0.00 239.70
2019/02/05 00:00:00  -11.545 -5.615 1013.22  -5.078  -8.546 0.993 3.081e-09 0.00 244.04
2019/02/05 03:00:00  -12.206 -5.428 1012.05  -5.019  -9.086 0.999 1.233e-10 0.00 284.84
2019/02/05 06:00:00  -13.090 -6.033 1010.77  -4.522  -9.149 1.000 5.914e-10 0.00 290.35
2019/02/05 09:00:00  -13.919 -6.713 1009.45  -3.898  -8.797 1.000 1.546e-09 0.00 287.37
2019/02/05 12:00:00  -13.628 -9.296 1008.62  -3.205  -7.787 1.000 1.249e-09 12.22 285.08
2019/02/05 15:00:00  -15.297 -7.592 1007.34  -3.395  -7.289 1.000 4.045e-10 38.68 296.59
2019/02/05 18:00:00  -14.929 -10.835 1004.85  -3.746  -7.472 1.000 1.172e-09 1.18 301.20
2019/02/05 21:00:00  -15.997 -11.275 1003.89  -3.561  -7.626 1.000 9.768e-09 0.00 302.84
2019/02/06 00:00:00  -18.033 -10.634 1003.39  -3.457  -7.330 1.000 3.999e-09 0.00 302.37
2019/02/06 03:00:00  -17.931 -9.638 1002.59  -3.394  -7.123 1.000 2.702e-08 0.00 291.64
2019/02/06 06:00:00  -16.623 -10.084 1002.94  -3.475  -7.861 1.000 6.269e-09 0.00 302.48
2019/02/06 09:00:00  -16.893 -9.239 1003.91  -3.738  -8.289 0.989 2.540e-09 0.00 288.43
2019/02/06 12:00:00  -15.441 -9.780 1005.85  -3.561  -8.737 0.999 1.370e-09 11.35 301.13
2019/02/06 15:00:00  -14.888 -8.895 1006.16  -3.867  -9.277 0.868 1.186e-09 49.26 290.91
2019/02/06 18:00:00  -14.260 -9.231 1006.82  -4.075  -9.667 0.821 1.110e-09 1.68 289.06
2019/02/06 21:00:00  -12.393 -8.456 1007.74  -4.379 -10.443 0.905 5.723e-10 0.00 268.86
2019/02/07 00:00:00  -11.018 -8.176 1008.85  -4.776 -10.840 0.974 4.425e-10 0.00 276.11
2019/02/07 03:00:00  -9.201 -8.225 1008.84  -5.590 -11.179 0.772 7.085e-11 0.00 258.92
2019/02/07 06:00:00  -8.134 -8.100 1008.78  -6.524 -11.177 0.889 3.248e-10 0.00 255.97
2019/02/07 09:00:00  -7.833 -7.774 1009.11  -6.987 -11.509 0.973 5.968e-10 0.00 275.38
2019/02/07 12:00:00  -6.866 -8.483 1009.98  -6.602 -10.987 0.988 5.897e-10 16.96 273.18
2019/02/07 15:00:00  -7.270 -8.017 1009.51  -6.680 -11.040 0.988 4.397e-10 71.25 262.00
2019/02/07 18:00:00  -8.188 -7.779 1009.78  -6.760 -11.369 0.997 5.938e-10 3.54 276.64
2019/02/07 21:00:00  -7.583 -8.970 1009.94  -7.017 -11.153 0.997 2.100e-09 0.00 285.85
2019/02/08 00:00:00  -7.437 -10.260 1010.57  -7.012 -10.767 0.966 6.190e-09 0.00 289.57
2019/02/08 03:00:00  -8.503 -9.937 1009.59  -6.992 -10.778 0.938 1.045e-08 0.00 280.13
2019/02/08 06:00:00  -8.707 -10.084 1009.57  -7.093 -11.575 0.992 2.412e-09 0.00 266.63
2019/02/08 09:00:00  -9.774 -10.627 1009.75  -7.641 -12.523 0.990 3.577e-09 0.00 284.60
2019/02/08 12:00:00  -9.379 -11.371 1010.35  -8.350 -13.283 0.999 2.053e-09 18.68 266.76
2019/02/08 15:00:00  -10.080 -11.737 1010.96 -10.025 -13.919 0.992 1.700e-09 62.86 251.84
2019/02/08 18:00:00  -8.543 -12.975 1010.85 -11.167 -14.103 0.995 5.868e-09 3.59 256.76
2019/02/08 21:00:00  -6.362 -14.479 1011.02 -10.885 -13.617 0.988 1.270e-08 0.00 264.10
2019/02/09 00:00:00  -6.196 -15.850 1010.66 -11.147 -12.986 0.975 8.984e-09 0.00 246.35
2019/02/09 03:00:00  -6.958 -14.506 1010.35  -9.783 -11.427 0.903 1.413e-08 0.00 255.59
2019/02/09 06:00:00  -7.507 -13.775 1010.36  -8.999 -11.205 0.664 1.560e-08 0.00 258.60
2019/02/09 09:00:00  -8.267 -12.332 1011.07  -8.688 -10.989 0.786 7.915e-09 0.00 237.29
2019/02/09 12:00:00  -7.386 -12.057 1012.13  -8.144 -10.790 0.901 9.668e-09 34.54 245.93
2019/02/09 15:00:00  -7.328 -10.434 1012.83  -8.135 -11.361 0.970 3.392e-09 95.77 245.60
2019/02/09 18:00:00  -6.071 -10.610 1013.63  -8.262 -12.905 0.901 8.755e-10 6.09 248.60
2019/02/09 21:00:00  -6.463 -8.420 1013.66  -8.487 -13.430 0.962 2.628e-09 0.00 248.78
2019/02/10 00:00:00  -5.533 -8.769 1014.44  -8.294 -12.516 0.988 9.252e-10 0.00 265.24
2019/02/10 03:00:00  -5.309 -5.744 1013.40  -8.450 -12.453 1.000 6.945e-10 0.00 244.00
2019/02/10 06:00:00  -3.561 -4.868 1012.81  -8.717 -12.419 0.990 5.356e-10 0.00 248.83
2019/02/10 09:00:00  -3.068 -3.015 1012.02  -8.809 -12.830 0.976 2.602e-10 0.00 253.34
2019/02/10 12:00:00  -2.014 -3.892 1012.09  -8.694 -13.932 0.995 2.140e-10 35.53 252.99
2019/02/10 15:00:00  -2.145 -3.530 1011.91  -8.268 -13.878 0.957 1.006e-10 87.10 242.32
2019/02/10 18:00:00  -3.682 -2.383 1011.52  -7.707 -13.543 0.793 1.007e-10 8.73 241.41
2019/02/10 21:00:00  -4.755 -1.743 1011.64  -6.820 -15.341 0.912 5.097e-10 0.00 240.16
2019/02/11 00:00:00  -6.760 -3.924 1011.39  -7.732 -13.426 0.405 3.331e-10 0.00 245.25
2019/02/11 03:00:00  -7.995 -3.425 1009.99  -7.142 -13.114 0.959 9.973e-09 0.00 245.73
2019/02/11 06:00:00  -10.483 -2.948 1007.86  -6.004 -12.298 0.999 1.059e-09 0.00 286.03
2019/02/11 09:00:00  -11.847 -3.546 1004.95  -5.036 -10.706 1.000 1.486e-09 0.00 283.89
2019/02/11 12:00:00  -13.686 -7.044 1003.00  -4.276  -8.956 1.000 5.461e-09 21.79 294.11
2019/02/11 15:00:00  -15.621 -6.240 1000.85  -4.641  -7.504 1.000 5.789e-08 35.62 301.83
2019/02/11 18:00:00  -15.355 -5.208 999.97  -4.271  -7.284 1.000 6.038e-08 2.76 308.94
2019/02/11 21:00:00  -12.425 -3.077 999.57  -3.279  -6.492 0.998 4.205e-08 0.00 301.46
2019/02/12 00:00:00  -12.502 -7.310 998.58  -3.369  -6.380 1.000 2.423e-08 0.00 302.76
2019/02/12 03:00:00  -12.443 -10.474 995.47  -4.393  -6.108 1.000 2.296e-08 0.00 301.49
2019/02/12 06:00:00  -12.353 -13.097 992.53  -5.492  -7.209 1.000 4.691e-08 0.00 297.63
2019/02/12 09:00:00  -9.765 -15.556 989.79  -7.516  -9.504 1.000 6.959e-08 0.00 298.10
2019/02/12 12:00:00  -6.232 -16.987 990.79  -9.482 -11.217 1.000 1.453e-07 7.00 292.59
2019/02/12 15:00:00  -4.335 -15.344 990.58 -10.124 -11.965 1.000 6.533e-08 25.57 285.90
2019/02/12 18:00:00  -5.100 -14.617 992.01  -9.990 -12.083 1.000 4.657e-08 2.86 284.58
2019/02/12 21:00:00  -6.431 -13.730 994.02  -9.799 -12.094 1.000 4.422e-08 0.00 284.63
2019/02/13 00:00:00  -6.371 -14.684 995.17  -9.681 -12.171 1.000 3.026e-08 0.00 284.70
2019/02/13 03:00:00  -6.966 -13.943 995.40  -9.581 -12.069 1.000 2.307e-08 0.00 280.61
2019/02/13 06:00:00  -8.023 -13.569 994.34  -9.174 -12.605 0.998 1.964e-08 0.00 281.54
2019/02/13 09:00:00  -7.721 -12.392 993.20  -8.895 -12.757 1.000 2.331e-08 0.00 272.86
2019/02/13 12:00:00  -6.414 -11.695 992.06  -8.398 -11.074 0.996 2.603e-08 27.00 277.81
2019/02/13 15:00:00  -6.125 -12.917 990.13  -8.268 -10.917 0.999 3.796e-08 45.24 286.22
2019/02/13 18:00:00  -5.008 -13.033 989.15  -8.704 -11.687 1.000 9.825e-09 11.64 274.50
2019/02/13 21:00:00  -1.086 -13.179 989.64  -8.835 -12.500 1.000 1.600e-08 0.00 268.89
2019/02/14 00:00:00  0.654 -12.260 991.85  -9.395 -12.514 1.000 1.933e-08 0.00 280.40
2019/02/14 03:00:00  -2.344 -11.813 994.06  -9.109 -12.066 0.995 1.860e-08 0.00 278.11
2019/02/14 06:00:00  -6.906 -9.520 996.64  -8.558 -11.862 1.000 1.901e-08 0.00 279.90
2019/02/14 09:00:00  -7.739 -9.005 999.66  -7.699 -11.629 0.992 3.615e-08 0.00 279.62
2019/02/14 12:00:00  -10.340 -7.968 1001.10  -7.247 -11.184 0.986 1.643e-08 37.25 262.42
2019/02/14 15:00:00  -10.895 -7.335 1001.46  -6.568 -10.039 0.979 1.834e-08 71.58 272.65
2019/02/14 18:00:00  -10.053 -7.260 1001.92  -6.001  -9.255 0.904 1.991e-08 16.21 252.46
2019/02/14 21:00:00  -8.324 -6.859 1002.07  -5.773  -9.395 0.874 8.893e-09 0.00 244.49
2019/02/15 00:00:00  -7.749 -10.392 1002.53  -5.889  -9.521 0.803 1.205e-08 0.00 252.98
2019/02/15 03:00:00  -7.617 -9.664 1002.18  -6.174  -8.998 0.693 1.087e-08 0.00 244.20
2019/02/15 06:00:00  -3.807 -10.609 1001.67  -7.086  -8.958 0.681 4.662e-09 0.00 222.81
2019/02/15 09:00:00  -2.913 -10.344 1001.89  -7.978  -9.806 0.383 5.898e-10 0.00 220.63
2019/02/15 12:00:00  -0.212 -8.578 1002.97  -8.937 -10.540 0.702 7.008e-10 74.08 222.89
2019/02/15 15:00:00  0.521 -6.159 1003.51  -9.819 -12.896 0.243 3.492e-11 157.16 206.15
2019/02/15 18:00:00  1.495 -4.542 1004.66 -10.683 -13.956 0.101 0.000e+00 26.44 202.17
2019/02/15 21:00:00  0.902 -3.543 1006.28 -10.769 -14.590 0.214 8.867e-13 0.00 206.53
2019/02/16 00:00:00  0.943 -0.880 1007.01 -11.437 -14.452 0.276 3.703e-11 0.00 219.85
2019/02/16 03:00:00  0.214 -1.081 1007.52  -9.962 -14.406 0.654 2.107e-11 0.00 221.45
2019/02/16 06:00:00  -2.380 1.013 1008.26  -7.998 -13.124 0.456 2.383e-10 0.00 221.02
2019/02/16 09:00:00  -3.164 2.976 1008.97  -6.396 -12.993 1.000 3.860e-11 0.00 230.67
2019/02/16 12:00:00  -5.127 -1.033 1010.19  -5.765 -12.782 0.999 9.454e-11 58.38 253.53
2019/02/16 15:00:00  -7.629 -3.348 1009.85  -5.788 -11.011 1.000 1.778e-10 112.83 250.50
2019/02/16 18:00:00  -9.379 -5.682 1010.02  -6.339  -9.259 1.000 6.569e-10 20.62 243.80
2019/02/16 21:00:00  -9.123 -8.692 1009.31  -6.568 -10.186 0.991 1.299e-09 0.00 245.95
2019/02/17 00:00:00  -9.125 -12.814 1008.20  -6.637 -11.117 1.000 6.778e-09 0.00 262.31
2019/02/17 03:00:00  -10.199 -12.824 1007.02  -6.268 -10.011 1.000 2.843e-08 0.00 284.32
2019/02/17 06:00:00  -10.914 -13.297 1006.81  -7.553 -11.500 1.000 1.815e-08 0.00 285.88
2019/02/17 09:00:00  -11.560 -13.185 1007.48  -8.406 -11.861 1.000 2.808e-08 0.00 285.17
2019/02/17 12:00:00  -11.176 -13.168 1008.80  -8.898 -11.754 1.000 3.867e-08 22.79 288.54
2019/02/17 15:00:00  -8.777 -13.446 1009.50  -9.392 -12.443 1.000 2.982e-08 48.38 285.10
2019/02/17 18:00:00  -10.106 -13.357 1009.81  -9.724 -12.783 1.000 1.894e-08 11.17 282.20
2019/02/17 21:00:00  -9.526 -13.141 1010.77 -10.273 -13.155 1.000 1.570e-08 0.00 279.03
2019/02/18 00:00:00  -9.457 -12.901 1010.84 -10.004 -13.079 0.998 1.055e-08 0.00 277.30
2019/02/18 03:00:00  -7.099 -13.265 1011.74 -10.871 -13.768 0.999 7.118e-09 0.00 271.87
2019/02/18 06:00:00  -6.617 -12.023 1011.13 -11.305 -14.339 1.000 6.578e-09 0.00 273.75
2019/02/18 09:00:00  -7.013 -10.882 1011.44 -10.649 -13.690 0.995 9.083e-09 0.00 275.99
2019/02/18 12:00:00  -8.458 -9.761 1010.68  -9.231 -12.723 1.000 7.427e-09 34.77 279.13
2019/02/18 15:00:00  -9.328 -8.413 1010.01  -7.906 -12.040 1.000 9.038e-09 47.88 287.99
2019/02/18 18:00:00  -10.946 -6.018 1008.98  -6.824 -11.615 1.000 8.892e-09 9.18 286.71
2019/02/18 21:00:00  -11.308 -4.484 1007.92  -6.003 -11.281 1.000 3.356e-09 0.00 282.91
2019/02/19 00:00:00  -10.647 -4.609 1006.81  -5.274 -11.465 1.000 3.973e-09 0.00 292.46
2019/02/19 03:00:00  -12.122 -3.101 1005.15  -4.967 -10.690 0.993 5.896e-09 0.00 279.57
2019/02/19 06:00:00  -13.592 -2.464 1002.43  -4.495 -10.312 1.000 7.919e-10 0.00 271.64
2019/02/19 09:00:00  -13.595 -1.547 1000.99  -4.351  -8.661 1.000 1.404e-08 0.00 298.89
2019/02/19 12:00:00  -13.521 -2.648 1000.51  -3.970  -6.878 1.000 4.679e-08 20.71 311.61
2019/02/19 15:00:00  -13.630 -1.117 999.40  -3.440  -6.149 1.000 5.109e-08 37.90 313.73
2019/02/19 18:00:00  -13.720 -0.494 997.95  -3.292  -5.944 1.000 3.322e-08 14.97 297.78
2019/02/19 21:00:00  -14.029 -3.622 996.69  -2.730  -6.517 1.000 1.755e-09 0.00 295.98
2019/02/20 00:00:00  -14.898 -7.013 994.47  -3.450  -5.844 1.000 1.400e-09 0.00 288.75
2019/02/20 03:00:00  -15.272 -10.123 990.19  -3.791  -6.436 1.000 5.260e-09 0.00 294.94
2019/02/20 06:00:00  -17.046 -11.697 984.58  -3.249  -6.239 1.000 4.405e-08 0.00 306.67
2019/02/20 09:00:00  -16.690 -7.126 980.16  -3.367  -4.215 1.000 1.590e-07 0.00 313.49
2019/02/20 12:00:00  -15.844 0.323 980.59  -1.754  -3.620 1.000 2.729e-08 18.57 319.33
2019/02/20 15:00:00  -6.256 8.379 982.98  -0.485  -2.265 0.907 4.767e-09 73.53 321.43
2019/02/20 18:00:00  -4.789 7.531 986.48  -0.891  -3.697 0.994 5.297e-09 15.87 324.99
2019/02/20 21:00:00  -6.998 5.458 988.71  -1.523  -5.365 1.000 1.922e-09 0.00 310.78
2019/02/21 00:00:00  -11.078 0.391 988.23  -1.466  -4.805 1.000 3.732e-09 0.00 316.16
2019/02/21 03:00:00  -12.188 -3.495 985.34  -0.573  -2.873 1.000 3.157e-08 0.00 322.66
2019/02/21 06:00:00  -13.642 -1.037 981.52  -0.630  -3.346 1.000 1.478e-07 0.00 322.00
2019/02/21 09:00:00  -12.033 2.848 979.20  -0.440  -2.889 0.809 5.427e-08 0.00 318.52
2019/02/21 12:00:00  -10.634 9.558 978.83   0.471  -1.635 0.543 1.562e-08 78.96 284.79
2019/02/21 15:00:00  -7.125 14.502 980.51   0.329  -3.391 0.499 6.262e-09 158.57 273.82
2019/02/21 18:00:00  -6.936 12.204 982.02   0.087  -3.929 0.374 1.161e-08 42.82 261.60
2019/02/21 21:00:00  -8.938 12.593 982.30  -0.154  -3.228 0.323 1.219e-08 0.00 290.51
2019/02/22 00:00:00  -2.012 16.101 983.02  -0.412  -3.142 1.000 5.345e-08 0.00 314.87
2019/02/22 03:00:00  5.688 13.681 988.77  -0.247  -3.992 0.809 6.119e-09 0.00 306.96
2019/02/22 06:00:00  2.829 12.790 993.65  -0.476  -4.767 0.440 0.000e+00 0.00 264.68
2019/02/22 09:00:00  1.619 6.683 995.60  -0.226  -4.844 1.000 0.000e+00 0.00 277.47
2019/02/22 12:00:00  -4.042 -1.540 995.26  -0.950  -3.650 1.000 0.000e+00 77.25 266.51
2019/02/22 15:00:00  -6.820 -4.231 992.82  -1.525  -3.063 1.000 0.000e+00 96.67 283.00
2019/02/22 18:00:00  -7.229 -10.023 988.15  -1.745  -3.757 1.000 1.746e-11 24.98 288.37
2019/02/22 21:00:00  -9.809 -13.023 982.50  -3.105  -4.889 0.998 8.360e-08 0.00 302.86
2019/02/23 00:00:00  -10.239 3.062 977.35  -0.756  -2.993 1.000 1.832e-08 0.00 320.81
2019/02/23 03:00:00  -7.535 15.912 977.45  -0.679  -4.214 0.698 2.457e-09 0.00 301.59
2019/02/23 06:00:00  -8.255 10.984 977.22  -0.360  -2.942 0.977 2.120e-09 0.00 289.62
2019/02/23 09:00:00  -11.462 2.458 978.23  -0.725  -2.301 0.990 1.961e-08 0.00 325.69
2019/02/23 12:00:00  -8.017 -0.566 978.30  -1.334  -3.153 0.983 4.889e-09 82.72 297.02
2019/02/23 15:00:00  -1.673 0.552 980.01  -2.300  -3.362 1.000 2.274e-08 44.90 318.84
2019/02/23 18:00:00  11.722 1.984 985.31  -2.271  -4.479 0.992 1.461e-08 18.66 315.53
2019/02/23 21:00:00  12.492 4.617 992.77  -1.586  -4.542 0.376 6.334e-09 0.00 271.57
2019/02/24 00:00:00  11.327 5.616 1000.88  -2.243  -6.791 0.404 2.519e-11 0.00 256.20
2019/02/24 03:00:00  10.238 4.653 1005.72  -2.082  -9.088 0.539 6.586e-10 0.00 252.44
2019/02/24 06:00:00  6.609 5.589 1008.98  -1.377  -9.650 0.105 0.000e+00 0.00 240.47
2019/02/24 09:00:00  2.279 6.076 1010.09  -1.520  -8.587 1.000 0.000e+00 0.00 240.68
2019/02/24 12:00:00  -5.295 5.607 1009.93  -1.316  -7.755 1.000 0.000e+00 61.65 275.58
2019/02/24 15:00:00  -9.536 1.375 1006.89  -2.123  -7.096 1.000 0.000e+00 89.73 288.58
2019/02/24 18:00:00  -13.133 -6.292 1001.20  -2.696  -6.785 1.000 8.375e-08 11.09 304.47
2019/02/24 21:00:00  -14.052 -0.318 1000.04  -2.663  -4.320 1.000 9.751e-08 0.00 319.19
2019/02/25 00:00:00  -0.021 8.200 1001.49   0.371  -2.887 0.430 2.118e-09 0.00 290.27
2019/02/25 03:00:00  -0.046 8.298 1004.87   0.332  -4.573 0.822 2.750e-09 0.00 272.51
2019/02/25 06:00:00  1.477 8.903 1007.68  -0.423  -3.795 0.313 3.528e-09 0.00 269.55
2019/02/25 09:00:00  -3.464 7.521 1009.49  -0.610  -4.122 0.801 1.393e-09 0.00 249.02
2019/02/25 12:00:00  -11.552 6.529 1008.78  -1.085  -3.169 0.993 1.135e-07 19.80 314.50
2019/02/25 15:00:00  -6.450 6.820 1006.05  -0.886  -2.859 0.701 2.270e-08 143.85 298.13
2019/02/25 18:00:00  -0.462 3.045 1005.13  -0.829  -4.196 0.993 2.265e-09 41.34 285.56
2019/02/25 21:00:00  -4.830 -3.125 1001.49  -1.312  -4.058 1.000 1.013e-08 0.00 309.23
2019/02/26 00:00:00  -8.686 -8.534 995.52  -1.501  -3.150 1.000 2.366e-08 0.00 319.59
2019/02/26 03:00:00  -5.616 -11.985 987.31  -2.306  -4.145 1.000 5.666e-08 0.00 309.02
2019/02/26 06:00:00  -5.814 -14.211 983.84  -4.328  -5.349 1.000 3.605e-08 0.00 309.19
2019/02/26 09:00:00  -6.195 -14.452 987.41  -4.584  -6.300 1.000 2.740e-08 0.00 310.37
2019/02/26 12:00:00  -6.150 -12.141 993.13  -4.148  -7.043 0.992 5.837e-09 55.09 298.35
2019/02/26 15:00:00  -6.241 -5.631 998.43  -3.605  -7.541 1.000 2.008e-09 77.56 302.06
2019/02/26 18:00:00  -7.716 -1.647 1003.01  -3.349  -7.482 1.000 2.447e-10 43.97 286.67
2019/02/26 21:00:00  -11.449 -0.449 1005.97  -3.235  -7.029 1.000 3.614e-11 0.00 274.28
2019/02/27 00:00:00  -10.259 1.887 1007.57  -2.641  -5.909 1.000 3.215e-09 0.00 295.69
2019/02/27 03:00:00  -8.882 3.727 1007.72  -1.541  -4.396 1.000 2.916e-08 0.00 315.66
2019/02/27 06:00:00  -3.174 6.156 1008.00  -0.886  -3.283 0.652 1.738e-08 0.00 296.38
2019/02/27 09:00:00  3.467 6.739 1010.39  -0.739  -3.266 0.981 5.581e-09 0.00 270.54
2019/02/27 12:00:00  5.171 5.968 1013.51  -0.907  -3.298 0.998 1.950e-09 67.48 294.38
2019/02/27 15:00:00  2.897 5.833 1015.27  -0.960  -3.693 1.000 2.738e-09 160.29 277.58
2019/02/27 18:00:00  0.062 4.710 1015.37  -0.548  -4.078 1.000 1.783e-10 48.37 281.64
2019/02/27 21:00:00  -4.401 3.719 1014.83  -0.645  -3.233 1.000 1.169e-08 0.00 314.89
2019/02/28 00:00:00  -3.636 1.091 1013.36  -0.560  -2.108 1.000 7.344e-09 0.00 329.93
2019/02/28 03:00:00  -1.039 0.532 1012.58  -0.946  -2.018 1.000 6.109e-08 0.00 328.91
2019/02/28 06:00:00  -0.260 4.571 1011.30  -0.316  -1.864 1.000 2.916e-08 0.00 324.66
2019/02/28 09:00:00  -1.808 6.074 1011.05  -0.306  -2.166 0.994 1.544e-08 0.00 328.32
2019/02/28 12:00:00  -4.219 4.978 1010.63  -0.764  -2.875 0.996 1.621e-09 40.66 318.29
2019/02/28 15:00:00  -6.561 1.935 1009.88  -1.240  -3.887 0.952 8.879e-09 104.89 310.17
2019/02/28 18:00:00  -8.668 0.027 1009.51  -1.541  -4.279 0.999 3.937e-08 33.59 319.31
2019/02/28 21:00:00  -7.911 -2.627 1008.16  -1.625  -4.355 0.993 1.491e-08 0.00 319.48
2019/03/01 00:00:00  -12.109 -5.755 1007.92  -2.000  -3.917 0.994 3.504e-09 0.00 321.65
2019/03/01 03:00:00  -15.354 -7.993 1007.15  -3.978  -5.544 1.000 1.473e-09 0.00 315.66
2019/03/01 06:00:00  -16.671 -7.576 1005.65  -4.125  -6.643 1.000 4.223e-09 0.00 310.82
2019/03/01 09:00:00  -17.438 -7.400 1004.86  -3.646  -6.218 1.000 3.153e-08 0.00 312.42
2019/03/01 12:00:00  -17.843 -8.442 1005.42  -4.122  -6.610 1.000 7.942e-08 21.30 311.58
2019/03/01 15:00:00  -17.802 -6.825 1006.15  -4.643  -7.302 1.000 7.907e-08 26.50 308.83
2019/03/01 18:00:00  -17.215 -7.595 1005.30  -5.238  -8.233 1.000 5.044e-08 14.99 305.86
2019/03/01 21:00:00  -16.515 -9.461 1004.41  -5.815  -9.015 1.000 8.079e-08 0.00 300.97
2019/03/02 00:00:00  -14.840 -12.197 1002.95  -6.228  -9.490 1.000 7.809e-08 0.00 298.06
2019/03/02 03:00:00  -15.159 -11.474 999.61  -6.287  -9.438 1.000 8.129e-08 0.00 299.19
2019/03/02 06:00:00  -15.184 -10.680 995.69  -5.894  -9.196 1.000 7.003e-08 0.00 299.26
2019/03/02 09:00:00  -15.307 -9.311 992.99  -5.169  -8.628 1.000 3.714e-08 0.00 303.57
2019/03/02 12:00:00  -13.417 -9.257 991.56  -4.173  -7.610 1.000 2.435e-08 27.19 307.11
2019/03/02 15:00:00  -14.397 -6.159 989.80  -4.155  -7.153 1.000 3.515e-08 49.24 310.44
2019/03/02 18:00:00  -14.473 -4.433 989.42  -4.266  -6.924 1.000 3.355e-08 25.00 307.59
2019/03/02 21:00:00  -13.654 -5.801 990.16  -4.554  -7.013 1.000 4.344e-08 0.00 304.76
2019/03/03 00:00:00  -12.319 -8.460 990.73  -5.202  -7.752 1.000 3.478e-08 0.00 296.62
2019/03/03 03:00:00  -11.019 -9.202 990.56  -4.860  -7.150 0.994 5.118e-08 0.00 303.58
2019/03/03 06:00:00  -11.402 -11.037 991.91  -5.208  -6.373 0.998 4.127e-08 0.00 305.66
2019/03/03 09:00:00  -9.973 -13.356 994.03  -6.010  -7.310 0.946 5.243e-09 0.00 279.63
2019/03/03 12:00:00  -11.996 -12.962 995.55  -5.357  -6.306 0.970 6.221e-08 65.68 292.31
2019/03/03 15:00:00  -14.802 -12.076 998.15  -5.276  -7.159 1.000 4.270e-08 76.49 300.62
2019/03/03 18:00:00  -15.620 -11.831 1000.57  -5.718  -8.771 0.999 1.959e-08 30.60 299.38
2019/03/03 21:00:00  -15.198 -12.137 1003.38  -6.454  -9.912 1.000 2.938e-08 0.00 297.99
2019/03/04 00:00:00  -13.883 -12.860 1006.64  -6.517 -10.231 1.000 2.747e-08 0.00 289.49
2019/03/04 03:00:00  -12.282 -11.396 1007.78  -7.082 -11.206 1.000 4.681e-09 0.00 285.68
2019/03/04 06:00:00  -10.284 -10.667 1007.99  -7.494 -12.336 0.999 4.080e-09 0.00 279.60
2019/03/04 09:00:00  -8.586 -10.872 1008.63  -7.650 -13.266 0.914 4.950e-09 0.00 266.94
2019/03/04 12:00:00  -6.345 -9.802 1008.39  -7.641 -12.526 0.980 2.556e-09 80.41 274.75
2019/03/04 15:00:00  -4.655 -8.569 1008.08  -7.624 -12.708 0.996 4.489e-09 130.32 273.66
2019/03/04 18:00:00  -3.101 -7.796 1007.19  -8.048 -13.164 0.868 3.330e-09 48.39 279.47
2019/03/04 21:00:00  -1.239 -6.876 1006.85  -8.457 -13.533 0.967 5.001e-09 0.00 261.10
2019/03/05 00:00:00  -0.575 -6.255 1006.86  -9.289 -14.589 0.988 3.275e-09 0.00 266.96
2019/03/05 03:00:00  1.296 -4.573 1006.22 -10.057 -15.506 0.997 3.473e-09 0.00 275.72
2019/03/05 06:00:00  1.192 -3.458 1006.14 -10.379 -16.518 1.000 2.518e-09 0.00 276.11
2019/03/05 09:00:00  -0.321 -2.836 1006.70 -10.279 -16.721 0.999 5.707e-09 0.03 275.76
2019/03/05 12:00:00  -3.879 -4.492 1006.88  -9.762 -14.785 0.978 1.581e-09 95.98 261.69
2019/03/05 15:00:00  -4.568 -4.747 1007.73  -9.537 -13.973 0.917 2.013e-09 204.96 232.88
2019/03/05 18:00:00  -2.345 -6.620 1007.77  -9.311 -14.223 0.264 5.721e-10 106.21 219.71
2019/03/05 21:00:00  -1.521 -7.346 1008.09  -8.578 -14.569 0.394 1.548e-09 0.00 210.01
2019/03/06 00:00:00  -2.223 -8.942 1007.87  -7.775 -11.792 0.971 1.834e-08 0.00 261.96
2019/03/06 03:00:00  -8.269 -6.949 1007.19  -6.870 -10.331 0.579 4.348e-08 0.00 255.35
2019/03/06 06:00:00  -8.168 -5.516 1007.38  -6.855 -12.595 0.920 5.192e-09 0.00 254.32
2019/03/06 09:00:00  -7.538 -5.699 1008.26  -7.430 -12.772 0.414 3.248e-09 0.32 216.75
2019/03/06 12:00:00  -6.528 -7.239 1009.04  -8.191 -13.041 0.454 8.188e-10 199.74 207.27
2019/03/06 15:00:00  -5.578 -6.557 1009.13  -8.953 -14.228 0.319 0.000e+00 295.40 203.05
2019/03/06 18:00:00  -3.978 -7.352 1009.09  -8.960 -14.931 0.317 4.265e-11 125.24 200.19
2019/03/06 21:00:00  -4.455 -7.812 1009.21  -8.354 -13.492 0.988 2.128e-09 0.00 231.87
2019/03/07 00:00:00  -4.593 -8.702 1008.90  -7.346 -12.224 0.860 8.933e-09 0.00 261.45
2019/03/07 03:00:00  -5.456 -7.198 1007.95  -6.554 -12.007 0.793 1.512e-08 0.00 267.03
2019/03/07 06:00:00  -5.761 -6.882 1007.67  -6.195 -12.049 0.742 1.124e-08 0.00 251.01
2019/03/07 09:00:00  -6.474 -4.675 1007.51  -6.134 -11.658 0.746 6.813e-09 0.66 232.41
2019/03/07 12:00:00  -6.580 -1.957 1007.02  -5.944 -11.345 0.783 5.912e-09 173.01 247.71
2019/03/07 15:00:00  -5.777 -0.126 1006.42  -5.799 -11.269 0.796 6.447e-09 257.47 239.44
2019/03/07 18:00:00  -5.992 -0.012 1005.39  -5.473 -11.194 0.657 1.815e-09 118.22 239.81
2019/03/07 21:00:00  -7.555 -0.156 1003.87  -5.263 -11.250 0.647 9.372e-09 0.00 226.11
2019/03/08 00:00:00  -7.029 -0.253 1002.26  -5.431 -11.676 0.655 1.492e-09 0.00 233.65
2019/03/08 03:00:00  -7.426 -0.664 999.89  -5.322 -12.179 0.730 5.710e-09 0.00 257.78
2019/03/08 06:00:00  -8.998 -2.179 997.92  -5.240 -11.696 0.669 7.412e-10 0.00 251.30
2019/03/08 09:00:00  -10.989 -3.127 996.39  -5.062 -10.944 0.512 1.369e-09 1.35 235.42
2019/03/08 12:00:00  -11.712 -5.303 994.43  -5.313 -10.438 0.399 6.585e-10 175.84 247.41
2019/03/08 15:00:00  -13.884 -5.467 993.11  -5.003 -10.583 0.545 1.159e-09 250.54 252.99
2019/03/08 18:00:00  -14.028 -6.005 992.22  -4.511 -11.051 0.371 1.242e-10 117.99 239.72
2019/03/08 21:00:00  -13.496 -5.779 992.29  -3.957 -10.710 0.209 0.000e+00 0.00 224.97
2019/03/09 00:00:00  -12.818 -6.950 992.72  -3.679 -10.232 0.463 2.608e-11 0.00 227.53
2019/03/09 03:00:00  -11.931 -6.955 992.73  -3.797  -9.607 0.564 2.697e-11 0.00 241.97
2019/03/09 06:00:00  -11.083 -5.620 992.93  -3.804  -9.313 0.444 1.043e-10 0.00 238.64
2019/03/09 09:00:00  -10.220 -4.467 993.71  -3.810  -9.246 0.467 8.867e-13 2.23 245.55
2019/03/09 12:00:00  -9.048 -5.787 994.97  -3.682  -9.467 0.400 0.000e+00 207.30 236.50
2019/03/09 15:00:00  -7.865 -6.797 995.06  -3.954  -9.579 0.231 0.000e+00 297.13 230.12
2019/03/09 18:00:00  -6.979 -5.739 994.78  -4.013  -9.806 0.487 0.000e+00 109.66 250.57
2019/03/09 21:00:00  -5.805 -6.434 994.96  -4.075  -9.997 0.878 0.000e+00 0.00 243.60
2019/03/10 00:00:00  -4.482 -7.475 995.41  -4.864  -8.456 0.936 0.000e+00 0.00 247.97
2019/03/10 03:00:00  -2.869 -6.709 994.93  -5.604  -7.473 0.949 1.413e-10 0.00 261.01
2019/03/10 06:00:00  -1.716 -7.031 995.55  -5.878  -7.396 0.971 8.506e-10 0.00 264.25
2019/03/10 09:00:00  -1.750 -6.867 996.20  -5.633  -8.192 0.848 8.317e-10 2.41 268.66
2019/03/10 12:00:00  -0.648 -5.509 996.90  -6.420  -8.626 0.980 4.460e-10 118.14 277.41
2019/03/10 15:00:00  -0.055 -2.944 997.57  -6.291  -8.605 0.915 1.091e-10 260.24 246.01
2019/03/10 18:00:00  1.241 -1.744 997.99  -6.082  -8.820 0.698 1.229e-12 135.82 248.42
2019/03/10 21:00:00  1.628 -1.566 999.27  -6.051  -9.243 0.465 0.000e+00 0.00 247.43
2019/03/11 00:00:00  0.892 -1.280 999.36  -6.019 -10.052 0.139 0.000e+00 0.00 233.21
2019/03/11 03:00:00  0.275 -1.122 999.25  -5.839  -9.768 0.260 0.000e+00 0.00 228.70
2019/03/11 06:00:00  -4.345 -2.721 998.44  -4.953  -8.851 0.462 9.454e-11 0.00 238.44
2019/03/11 09:00:00  -8.330 -4.178 997.44  -4.286  -8.210 0.820 8.571e-09 4.02 263.95
2019/03/11 12:00:00  -10.489 -8.440 995.60  -4.660  -7.500 0.734 3.675e-10 191.29 253.29
2019/03/11 15:00:00  -9.591 -11.067 993.67  -5.358  -7.184 0.997 3.152e-09 228.29 259.51
2019/03/11 18:00:00  -9.502 -12.071 991.63  -5.344  -7.446 1.000 2.307e-09 74.92 272.24
2019/03/11 21:00:00  -9.328 -13.434 990.47  -5.279  -7.282 1.000 1.980e-09 0.00 275.60
2019/03/12 00:00:00  -11.646 -13.426 990.07  -4.429  -6.457 1.000 3.070e-09 0.00 295.80
2019/03/12 03:00:00  -9.621 -14.128 991.30  -5.525  -6.732 0.869 1.233e-09 0.00 270.43
2019/03/12 06:00:00  -9.365 -13.213 993.51  -6.030  -7.417 0.974 7.724e-10 0.00 297.56
2019/03/12 09:00:00  -8.213 -12.706 996.66  -6.239  -7.516 0.980 1.533e-09 4.34 282.20
2019/03/12 12:00:00  -8.499 -11.596 998.56  -6.080  -7.070 0.993 8.151e-10 139.78 284.07
2019/03/12 15:00:00  -9.744 -9.564 1000.37  -6.086  -8.013 1.000 2.635e-09 219.75 271.08
2019/03/12 18:00:00  -8.669 -7.654 1001.61  -5.281  -8.832 0.848 5.031e-09 88.34 275.72
2019/03/12 21:00:00  -7.634 -5.908 1002.65  -4.507  -9.096 0.994 9.151e-09 0.00 282.87
2019/03/13 00:00:00  -9.410 -5.532 1001.10  -4.285  -7.727 0.952 1.463e-08 0.00 264.86
2019/03/13 03:00:00  -11.911 -4.218 998.61  -4.622  -6.868 1.000 3.372e-08 0.00 274.25
2019/03/13 06:00:00  -12.742 -3.951 995.14  -4.174  -6.238 1.000 4.488e-08 0.00 283.01
2019/03/13 09:00:00  -12.829 -5.862 992.13  -4.049  -6.214 1.000 4.357e-08 4.68 277.15
2019/03/13 12:00:00  -10.842 -10.452 989.81  -4.556  -6.173 1.000 3.781e-08 127.01 287.84
2019/03/13 15:00:00  -8.774 -11.992 987.20  -4.622  -6.465 1.000 1.583e-08 193.69 283.92
2019/03/13 18:00:00  -7.557 -11.258 984.79  -3.892  -6.259 1.000 4.404e-09 91.40 292.01
2019/03/13 21:00:00  -6.853 -10.438 984.14  -3.345  -6.198 0.915 7.525e-09 0.00 287.82
2019/03/14 00:00:00  -8.886 -11.538 984.79  -4.498  -5.472 0.930 8.413e-09 0.00 276.52
2019/03/14 03:00:00  -7.497 -9.724 984.28  -4.814  -5.937 0.969 1.626e-08 0.00 291.85
2019/03/14 06:00:00  -6.103 -9.293 983.84  -4.931  -6.147 0.932 5.621e-08 0.00 293.29
2019/03/14 09:00:00  -6.374 -4.841 982.79  -4.528  -6.257 0.895 2.496e-08 5.45 289.92
2019/03/14 12:00:00  -3.399 -0.468 981.72  -2.971  -5.213 0.740 1.952e-08 103.93 287.55
2019/03/14 15:00:00  -1.008 4.672 980.63  -2.674  -5.768 0.312 9.585e-09 222.19 271.49
2019/03/14 18:00:00  0.087 5.167 980.35  -2.937  -5.792 0.545 8.223e-09 151.50 252.64
2019/03/14 21:00:00  -1.340 5.055 981.71  -2.968  -5.904 0.952 4.079e-10 0.00 267.09
2019/03/15 00:00:00  -1.856 3.676 983.95  -3.423  -6.945 0.996 4.327e-09 0.00 286.14
2019/03/15 03:00:00  -1.631 3.061 985.36  -3.445  -7.720 0.999 2.912e-09 0.00 279.91
2019/03/15 06:00:00  -2.313 1.907 986.68  -3.450  -7.860 1.000 5.748e-09 0.00 279.78
2019/03/15 09:00:00  -3.158 2.097 988.57  -3.223  -8.117 1.000 6.767e-09 8.67 264.83
2019/03/15 12:00:00  -3.620 1.398 990.48  -3.704  -6.743 1.000 1.492e-08 160.19 257.53
2019/03/15 15:00:00  -3.310 0.544 991.57  -3.955  -6.125 1.000 1.428e-08 233.18 267.65
2019/03/15 18:00:00  -2.935 -1.863 991.74  -3.832  -5.917 1.000 5.206e-09 119.61 258.07
2019/03/15 21:00:00  -5.063 -3.413 992.24  -3.779  -6.046 0.997 2.836e-09 0.00 277.12
2019/03/16 00:00:00  -4.897 -3.869 993.15  -3.266  -5.868 1.000 2.244e-09 0.00 287.14
2019/03/16 03:00:00  -3.710 -3.277 992.83  -3.456  -5.689 0.999 1.504e-09 0.00 271.50
2019/03/16 06:00:00  -2.440 -1.574 993.59  -3.393  -6.068 0.974 1.022e-08 0.00 266.07
2019/03/16 09:00:00  -0.722 0.441 994.67  -3.270  -6.348 0.743 3.200e-09 13.13 263.73
2019/03/16 12:00:00  1.343 -0.039 995.49  -3.452  -6.486 0.451 2.925e-09 223.29 253.19
2019/03/16 15:00:00  4.719 -1.100 996.23  -3.984  -6.162 0.285 7.153e-10 314.88 243.43
2019/03/16 18:00:00  6.896 0.017 996.47  -5.439  -6.649 0.805 1.896e-11 151.02 240.10
2019/03/16 21:00:00  8.042 -1.569 997.76  -6.521  -7.672 0.965 8.036e-10 0.00 285.33
2019/03/17 00:00:00  7.327 -4.903 999.25  -8.644 -12.080 1.000 1.247e-09 0.00 289.65
2019/03/17 03:00:00  3.953 -6.505 1000.73  -9.458 -13.530 1.000 1.192e-09 0.00 280.97
2019/03/17 06:00:00  0.472 -4.317 1001.55  -9.386 -15.114 1.000 1.127e-09 0.00 283.12
2019/03/17 09:00:00  -3.050 -0.368 1001.78  -8.732 -15.398 1.000 7.668e-10 9.26 277.64
2019/03/17 12:00:00  -5.283 1.884 1001.47  -7.749 -14.827 1.000 2.666e-09 123.39 277.86
2019/03/17 15:00:00  -6.530 2.225 999.94  -6.811 -13.591 0.997 1.058e-09 186.51 268.27
2019/03/17 18:00:00  -8.596 1.724 998.25  -5.557 -12.878 0.921 1.458e-10 153.93 247.78
2019/03/17 21:00:00  -9.787 2.987 996.82  -4.627 -10.901 0.967 2.359e-09 0.00 281.63
2019/03/18 00:00:00  -9.606 4.761 994.57  -3.273  -5.896 0.998 1.033e-08 0.00 297.21
2019/03/18 03:00:00  -2.380 3.798 992.67  -1.561  -4.391 0.784 1.037e-08 0.00 306.27
2019/03/18 06:00:00  2.069 5.199 991.18  -1.329  -3.622 0.951 1.230e-08 0.00 295.30
2019/03/18 09:00:00  1.959 7.144 989.97  -1.372  -3.722 0.849 1.320e-08 12.15 308.23
2019/03/18 12:00:00  -0.999 10.219 986.64  -1.082  -3.993 1.000 4.763e-08 96.29 309.01
2019/03/18 15:00:00  4.421 10.842 981.83  -0.204  -3.185 0.775 2.325e-08 67.54 326.34
2019/03/18 18:00:00  6.227 11.598 981.01  -1.501  -5.156 0.464 4.061e-09 147.31 280.84
2019/03/18 21:00:00  6.556 11.583 980.33  -2.527  -5.652 0.585 6.645e-09 0.00 263.48
2019/03/19 00:00:00  5.673 11.460 978.69  -3.466  -6.546 0.649 2.479e-08 0.00 245.36
2019/03/19 03:00:00  5.872 10.962 976.50  -3.693  -7.578 0.630 9.162e-09 0.00 255.84
2019/03/19 06:00:00  5.640 9.420 975.18  -3.319  -7.763 0.770 3.653e-09 0.00 253.86
2019/03/19 09:00:00  4.972 9.676 974.45  -3.036  -7.813 0.971 1.150e-08 18.93 259.14
2019/03/19 12:00:00  6.647 8.035 974.20  -3.123  -8.340 0.623 1.605e-09 249.60 248.32
2019/03/19 15:00:00  8.805 4.179 975.40  -3.516  -7.933 0.288 2.712e-09 347.34 243.93
2019/03/19 18:00:00  5.285 6.529 976.26  -3.008  -7.448 0.417 2.469e-09 193.82 232.19
2019/03/19 21:00:00  12.194 10.791 976.47  -3.584  -7.483 0.592 2.724e-08 0.00 252.59
2019/03/20 00:00:00  13.528 9.552 980.36  -6.576 -11.321 0.546 9.202e-09 0.00 220.72
2019/03/20 03:00:00  14.749 11.835 982.27  -7.777 -14.323 0.724 1.722e-08 0.00 230.88
2019/03/20 06:00:00  13.861 11.937 982.36  -8.456 -14.128 0.719 2.954e-08 0.00 234.47
2019/03/20 09:00:00  16.640 11.716 983.60  -9.418 -15.563 0.826 2.796e-08 27.74 228.14
2019/03/20 12:00:00  17.023 9.770 984.42 -10.084 -15.014 0.862 2.985e-08 226.37 231.53
2019/03/20 15:00:00  19.346 9.046 985.65 -10.557 -15.757 0.872 4.280e-08 260.58 241.74
2019/03/20 18:00:00  20.124 8.980 986.16 -10.935 -15.223 0.774 3.899e-08 163.87 231.48
2019/03/20 21:00:00  20.917 6.248 988.20 -10.761 -15.586 0.802 3.099e-08 0.00 224.14
2019/03/21 00:00:00  23.607 4.444 992.36 -10.949 -15.438 0.837 4.063e-08 0.00 230.58
2019/03/21 03:00:00  18.736 2.804 995.99 -10.011 -15.578 0.475 1.990e-08 0.00 200.67
2019/03/21 06:00:00  12.633 -0.478 998.84 -10.070 -16.410 0.573 5.450e-09 0.00 222.82
2019/03/21 09:00:00  3.752 -2.220 1000.31 -10.795 -18.946 0.982 1.807e-11 33.25 214.28
2019/03/21 12:00:00  -4.152 -3.368 1000.84  -9.371 -16.512 0.995 1.169e-09 228.84 229.83
2019/03/21 15:00:00  -9.861 2.404 998.81  -5.715  -8.308 0.937 5.378e-08 192.73 270.39
2019/03/21 18:00:00  0.295 8.584 995.13  -4.827  -9.232 0.671 5.320e-09 129.00 265.84
2019/03/21 21:00:00  1.358 9.223 993.67  -4.116 -11.709 0.630 3.874e-09 0.00 241.52
2019/03/22 00:00:00  -0.655 6.758 990.50  -4.867  -8.533 0.739 1.376e-08 0.00 251.97
2019/03/22 03:00:00  -1.753 3.535 987.21  -4.860  -8.845 0.981 2.698e-09 0.00 253.17
2019/03/22 06:00:00  -3.042 -2.557 983.30  -4.780  -8.818 1.000 1.607e-09 0.00 260.47
2019/03/22 09:00:00  -4.516 -4.401 981.50  -4.633  -7.157 1.000 1.644e-08 27.61 266.02
2019/03/22 12:00:00  -5.341 -4.423 980.59  -4.911  -7.461 1.000 3.356e-08 178.97 271.47
2019/03/22 15:00:00  -9.136 -3.580 981.71  -5.556  -7.316 1.000 1.399e-07 112.67 285.55
2019/03/22 18:00:00  -13.347 -5.351 984.60  -7.132  -8.719 1.000 1.711e-07 42.98 291.05
2019/03/22 21:00:00  -13.256 -0.405 989.20  -7.185  -8.925 1.000 7.000e-08 0.03 286.57
2019/03/23 00:00:00  2.958 3.262 992.20  -6.888  -9.581 0.931 6.683e-08 0.00 282.02
2019/03/23 03:00:00  10.633 0.615 996.24  -7.092 -13.220 0.415 3.113e-09 0.00 224.12
2019/03/23 06:00:00  4.895 3.947 996.87  -5.968 -14.980 0.960 5.667e-11 0.00 222.63
2019/03/23 09:00:00  -5.376 7.504 995.04  -4.711 -11.725 1.000 1.001e-08 19.17 290.02
2019/03/23 12:00:00  -10.576 6.524 991.09  -4.174  -6.357 1.000 7.133e-08 73.72 293.48
2019/03/23 15:00:00  0.117 6.314 988.58  -3.671  -4.482 0.941 7.451e-08 190.60 281.49
2019/03/23 18:00:00  4.289 3.084 988.31  -2.928  -5.325 0.942 1.452e-08 142.30 266.34
2019/03/23 21:00:00  2.562 -1.985 990.24  -2.671  -6.040 0.936 4.315e-10 0.19 273.83
2019/03/24 00:00:00  3.542 -10.144 995.56  -4.581  -5.562 0.934 3.607e-10 0.00 272.53
2019/03/24 03:00:00  6.968 -10.913 1002.74  -6.521  -7.534 0.980 5.041e-09 0.00 293.97
2019/03/24 06:00:00  5.043 -10.998 1008.66  -7.314  -8.702 0.962 9.289e-09 0.00 274.32
2019/03/24 09:00:00  2.405 -6.789 1014.11  -7.586 -11.117 0.989 2.469e-09 28.97 278.18
2019/03/24 12:00:00  3.281 -1.875 1018.26  -7.749 -12.624 1.000 6.075e-10 147.51 279.76
2019/03/24 15:00:00  2.445 -0.809 1020.07  -7.340 -14.376 1.000 0.000e+00 258.53 269.24
2019/03/24 18:00:00  -0.597 0.892 1020.37  -6.666 -15.061 0.980 0.000e+00 159.07 243.18
2019/03/24 21:00:00  -3.358 1.972 1020.41  -5.209 -14.379 0.950 0.000e+00 0.52 230.26
2019/03/25 00:00:00  -8.522 2.842 1017.90  -4.492 -11.894 1.000 2.232e-10 0.00 278.02
2019/03/25 03:00:00  -10.703 4.575 1013.32  -3.663  -8.790 1.000 3.287e-09 0.00 295.53
2019/03/25 06:00:00  -14.064 1.641 1007.91  -4.085  -6.006 1.000 7.483e-08 0.00 310.61
2019/03/25 09:00:00  -11.743 6.079 1002.43  -3.024  -3.853 1.000 1.261e-07 4.42 324.01
2019/03/25 12:00:00  -3.308 9.613 998.36   0.147  -0.757 1.000 8.994e-08 51.91 336.46
2019/03/25 15:00:00  1.621 7.107 996.71  -0.104  -0.799 0.999 3.397e-09 89.30 341.70
2019/03/25 18:00:00  0.155 2.957 994.10  -0.764  -1.484 1.000 3.354e-10 94.73 323.91
2019/03/25 21:00:00  1.372 -2.859 992.36  -1.413  -2.506 0.999 3.629e-08 0.45 328.31
2019/03/26 00:00:00  0.736 -3.416 993.96  -1.876  -2.677 1.000 7.646e-09 0.00 320.69
2019/03/26 03:00:00  6.624 4.467 995.84  -1.148  -3.564 0.988 4.498e-08 0.00 326.65
2019/03/26 06:00:00  11.140 8.418 996.77  -1.858  -5.062 0.394 4.380e-09 0.00 283.12
2019/03/26 09:00:00  12.209 9.714 998.14  -2.936  -5.772 0.444 2.229e-08 50.23 258.59
2019/03/26 12:00:00  12.851 11.052 1000.35  -3.723  -9.298 0.379 1.586e-08 291.68 248.85
2019/03/26 15:00:00  13.958 10.930 1001.54  -4.079  -9.484 0.630 1.723e-08 411.66 232.31
2019/03/26 18:00:00  12.288 11.403 1001.67  -3.941 -10.078 0.431 1.008e-08 215.82 241.12
2019/03/26 21:00:00  11.685 11.138 1001.01  -2.958 -10.308 0.942 8.525e-09 1.36 250.61
2019/03/27 00:00:00  4.366 10.022 997.74  -3.369  -8.711 0.996 1.378e-08 0.00 267.45
2019/03/27 03:00:00  -4.519 10.543 988.13  -2.787  -4.000 1.000 6.899e-08 0.00 293.41
2019/03/27 06:00:00  8.301 15.403 984.85  -3.659 -10.390 0.843 1.433e-08 0.00 281.00
2019/03/27 09:00:00  4.708 16.305 980.63  -5.221  -7.450 0.807 1.185e-08 39.91 261.09
2019/03/27 12:00:00  3.101 16.308 973.81  -3.915  -6.547 0.727 5.012e-08 281.94 248.69
2019/03/27 15:00:00  15.732 8.268 975.64  -4.066  -6.499 0.652 5.184e-08 371.08 236.62
2019/03/27 18:00:00  15.968 3.127 985.74  -5.131 -12.512 0.731 1.114e-08 172.71 256.29
2019/03/27 21:00:00  12.046 8.634 988.16  -5.375 -11.799 0.958 4.396e-08 1.43 259.64
2019/03/28 00:00:00  8.731 10.974 988.19  -6.863 -11.066 0.959 6.316e-09 0.00 249.62
2019/03/28 03:00:00  8.733 11.410 986.96  -6.627 -11.101 0.901 7.509e-09 0.00 255.57
2019/03/28 06:00:00  5.290 9.961 984.40  -6.548 -11.722 0.945 5.201e-09 0.00 246.54
2019/03/28 09:00:00  5.228 9.126 982.41  -7.358 -10.773 0.928 6.779e-09 49.91 240.53
2019/03/28 12:00:00  4.530 2.532 982.55  -7.387 -11.120 0.946 9.780e-09 252.18 236.52
2019/03/28 15:00:00  4.555 3.763 982.76  -7.287 -11.166 0.980 2.611e-08 329.96 246.82
2019/03/28 18:00:00  2.022 0.730 983.43  -7.541 -11.559 0.783 6.144e-09 149.46 249.74
2019/03/28 21:00:00  -0.022 -4.030 986.32  -7.128 -11.447 0.921 1.048e-08 2.81 233.91
2019/03/29 00:00:00  1.244 -8.129 989.99  -6.991 -10.793 0.609 4.201e-09 0.00 225.78
2019/03/29 03:00:00  -0.883 -9.080 994.25  -7.823  -9.717 0.541 2.235e-08 0.00 225.41
2019/03/29 06:00:00  -6.883 -9.624 997.72  -8.247  -9.942 0.450 2.261e-08 0.00 246.20
2019/03/29 09:00:00  -7.251 -10.816 1002.08  -7.946 -10.593 0.416 2.170e-08 74.54 226.57
2019/03/29 12:00:00  -5.218 -9.948 1005.79  -7.860 -10.330 0.490 1.053e-08 326.04 223.68
2019/03/29 15:00:00  -3.808 -8.909 1009.30  -7.869 -12.343 0.477 1.815e-09 422.16 217.00
2019/03/29 18:00:00  -3.828 -8.745 1012.42  -8.025 -13.565 0.567 6.983e-10 244.04 215.09
2019/03/29 21:00:00  -3.108 -5.749 1015.69  -8.070 -14.687 0.159 0.000e+00 4.79 202.78
2019/03/30 00:00:00  -1.685 -3.882 1018.18  -8.830 -15.579 0.705 0.000e+00 0.00 199.96
2019/03/30 03:00:00  -0.228 -2.013 1018.98  -8.994 -16.247 0.792 0.000e+00 0.00 201.25
2019/03/30 06:00:00  1.085 -0.801 1019.40  -8.861 -17.265 0.916 1.256e-10 0.00 218.07
2019/03/30 09:00:00  0.567 1.898 1019.45  -7.844 -16.381 1.000 1.051e-09 53.64 256.98
2019/03/30 12:00:00  0.996 3.695 1018.20  -6.341 -15.795 1.000 1.242e-10 187.56 274.55
2019/03/30 15:00:00  0.516 5.202 1016.26  -4.818 -14.099 1.000 6.296e-10 242.32 283.00
2019/03/30 18:00:00  0.383 6.909 1013.33  -3.463 -11.072 1.000 5.045e-09 173.51 271.40
2019/03/30 21:00:00  -0.610 6.007 1010.52  -2.725  -8.051 0.998 6.620e-09 3.83 283.16
2019/03/31 00:00:00  -0.215 2.347 1007.94  -2.541  -5.717 0.824 1.171e-08 0.00 292.81
2019/03/31 03:00:00  0.707 2.457 1004.97  -2.911  -4.846 0.932 7.062e-09 0.00 259.84
2019/03/31 06:00:00  1.880 1.725 1002.62  -3.337  -4.997 1.000 7.378e-09 0.00 272.80
2019/03/31 09:00:00  -0.574 3.263 1000.88  -3.384  -5.707 1.000 3.502e-08 36.52 295.44
2019/03/31 12:00:00  -3.505 4.626 998.33  -3.020  -4.068 0.997 5.627e-08 108.26 304.70
2019/03/31 15:00:00  5.490 7.721 996.07  -2.813  -6.585 0.795 2.413e-08 146.23 306.03
2019/03/31 18:00:00  5.106 8.688 996.06  -4.197  -8.327 0.770 3.142e-09 237.53 247.69
2019/03/31 21:00:00  2.360 7.826 995.93  -3.864 -13.054 0.590 3.500e-09 6.96 246.06
2019/04/01 00:00:00  1.366 5.257 996.75  -4.291 -14.811 0.674 1.019e-08 0.00 250.74
2019/04/01 03:00:00  -3.252 1.384 996.37  -4.987 -13.287 0.837 6.343e-09 0.00 244.28
2019/04/01 06:00:00  -5.878 -3.652 997.36  -5.282 -10.925 0.774 8.574e-09 0.00 237.11
2019/04/01 09:00:00  -7.655 -9.093 999.83  -6.243  -8.988 0.855 1.759e-08 74.77 237.75
2019/04/01 12:00:00  -7.391 -10.697 1003.13  -7.203  -8.534 0.571 1.029e-08 281.11 260.40
2019/04/01 15:00:00  -6.928 -11.596 1007.20  -8.018  -9.566 0.896 4.812e-09 373.56 245.36
2019/04/01 18:00:00  -6.274 -12.731 1011.56  -8.206 -11.937 0.655 2.927e-09 258.59 228.43
2019/04/01 21:00:00  -5.920 -11.070 1016.48  -8.413 -13.801 0.133 3.492e-11 9.73 213.60
2019/04/02 00:00:00  -5.756 -8.901 1020.48  -8.376 -15.186 0.004 0.000e+00 0.00 201.50
2019/04/02 03:00:00  -4.697 -6.661 1022.76  -8.429 -14.941 0.028 0.000e+00 0.00 202.44
2019/04/02 06:00:00  -3.129 -4.296 1025.23  -8.262 -14.855 0.005 0.000e+00 0.00 205.93
2019/04/02 09:00:00  -4.190 -2.415 1026.80  -7.778 -14.955 0.346 0.000e+00 109.10 209.15
2019/04/02 12:00:00  -2.751 1.413 1027.71  -7.085 -14.588 0.995 0.000e+00 359.81 224.95
2019/04/02 15:00:00  -2.808 3.982 1026.98  -6.143 -13.364 1.000 0.000e+00 433.23 239.31
2019/04/02 18:00:00  -2.412 5.844 1025.54  -5.447 -12.242 1.000 0.000e+00 233.74 243.16
2019/04/02 21:00:00  -3.986 7.170 1023.59  -4.903 -11.596 0.989 0.000e+00 8.61 253.23
2019/04/03 00:00:00  -4.275 8.141 1020.18  -4.448  -9.878 1.000 0.000e+00 0.00 256.56
2019/04/03 03:00:00  -6.084 8.728 1015.52  -3.784  -8.685 1.000 1.444e-10 0.00 305.31
2019/04/03 06:00:00  -8.203 9.779 1011.04  -2.543  -6.203 1.000 2.952e-09 0.00 312.24
2019/04/03 09:00:00  -8.993 11.614 1006.74  -1.541  -4.512 1.000 7.947e-08 6.20 319.38
2019/04/03 12:00:00  -5.318 13.691 1004.20  -1.029  -3.088 1.000 1.219e-07 30.38 328.09
2019/04/03 15:00:00  0.031 9.791 1002.36  -0.492  -2.112 1.000 8.283e-08 43.97 332.14
2019/04/03 18:00:00  4.293 3.574 1003.73  -3.092  -4.752 1.000 3.776e-08 48.35 321.68
2019/04/03 21:00:00  3.123 5.287 1004.82  -2.205  -6.000 1.000 1.084e-08 5.72 309.86
2019/04/04 00:00:00  2.908 3.353 1006.54  -2.170  -6.033 1.000 8.739e-10 0.00 296.75
2019/04/04 03:00:00  2.704 3.414 1007.57  -2.496  -6.447 0.845 1.551e-10 0.00 277.22
2019/04/04 06:00:00  2.869 5.699 1009.50  -2.674  -7.869 0.606 1.686e-11 0.00 287.46
2019/04/04 09:00:00  4.189 4.779 1011.20  -2.735  -8.184 0.485 5.082e-09 99.99 254.07
2019/04/04 12:00:00  3.436 5.414 1012.76  -2.473  -8.585 0.410 5.200e-09 364.77 254.64
2019/04/04 15:00:00  4.085 4.568 1013.66  -2.399  -8.936 0.482 3.141e-09 412.96 263.86
2019/04/04 18:00:00  3.855 2.989 1014.80  -2.321  -9.266 0.452 3.796e-09 230.58 260.40
2019/04/04 21:00:00  3.279 1.191 1015.92  -2.294  -9.177 0.194 1.276e-10 16.06 235.33
2019/04/05 00:00:00  2.206 -1.975 1017.36  -3.099  -7.496 0.199 1.746e-10 0.00 235.12
2019/04/05 03:00:00  0.671 -2.699 1018.67  -4.169  -6.383 0.063 6.808e-10 0.00 235.82
2019/04/05 06:00:00  -1.083 -2.686 1019.92  -4.375  -6.687 0.037 1.807e-11 0.00 235.09
2019/04/05 09:00:00  -3.566 -3.969 1022.17  -3.762  -6.650 0.059 3.492e-11 120.98 234.70
2019/04/05 12:00:00  -5.243 -4.834 1023.48  -3.438  -6.565 0.440 1.569e-10 374.05 249.47
2019/04/05 15:00:00  -7.004 -5.072 1024.13  -2.942  -6.399 0.528 2.868e-09 423.13 255.33
2019/04/05 18:00:00  -9.099 -4.093 1024.67  -2.783  -5.920 0.655 3.893e-09 243.88 263.43
2019/04/05 21:00:00  -10.287 -3.869 1025.33  -2.368  -5.824 0.890 1.103e-08 14.89 267.79
2019/04/06 00:00:00  -10.221 -3.013 1026.18  -2.352  -5.721 0.978 1.243e-08 0.00 309.86
2019/04/06 03:00:00  -9.920 -1.311 1025.98  -2.293  -5.251 0.953 6.561e-09 0.00 301.80
2019/04/06 06:00:00  -8.781 -0.532 1026.14  -2.347  -5.791 0.953 9.759e-10 0.00 303.16
2019/04/06 09:00:00  -7.746 0.295 1027.55  -2.255  -5.986 0.848 6.758e-09 52.14 306.40
2019/04/06 12:00:00  -6.814 -2.023 1028.45  -2.085  -6.077 0.706 1.785e-09 266.99 296.55
2019/04/06 15:00:00  -7.262 -1.565 1028.91  -2.054  -6.110 0.879 1.077e-09 357.70 276.60
2019/04/06 18:00:00  -6.274 -0.983 1029.06  -1.955  -6.327 0.971 1.534e-09 180.59 289.75
2019/04/06 21:00:00  -6.019 -1.408 1029.49  -1.917  -6.373 0.992 1.079e-10 13.96 292.51
2019/04/07 00:00:00  -5.661 -2.687 1029.75  -2.002  -6.017 0.845 4.038e-11 0.00 300.10
2019/04/07 03:00:00  -5.262 -2.495 1029.57  -2.173  -5.799 0.859 0.000e+00 0.00 284.19
2019/04/07 06:00:00  -5.071 -3.633 1030.20  -2.580  -5.478 0.974 0.000e+00 0.00 272.99
2019/04/07 09:00:00  -4.405 -3.405 1030.56  -2.610  -5.809 0.991 0.000e+00 87.06 292.73
2019/04/07 12:00:00  -3.500 -5.283 1030.62  -3.246  -6.197 0.898 0.000e+00 365.50 266.40
2019/04/07 15:00:00  -4.308 -4.987 1030.69  -3.656  -6.727 0.930 0.000e+00 442.53 268.30
2019/04/07 18:00:00  -4.346 -4.232 1030.16  -3.599  -7.287 0.959 4.727e-10 236.54 284.81
2019/04/07 21:00:00  -4.469 -4.049 1030.36  -3.442  -6.759 0.980 1.519e-09 11.66 304.68
2019/04/08 00:00:00  -3.959 -4.399 1029.72  -3.194  -6.580 0.997 2.583e-09 0.00 310.99
2019/04/08 03:00:00  -4.759 -3.400 1029.17  -3.184  -6.124 0.999 3.287e-09 0.00 302.61
2019/04/08 06:00:00  -4.025 -0.814 1029.27  -2.767  -6.310 1.000 1.425e-09 0.00 292.61
2019/04/08 09:00:00  -4.111 -0.393 1029.30  -2.351  -6.058 0.999 2.681e-10 62.43 296.67
2019/04/08 12:00:00  -5.140 -1.880 1029.56  -2.005  -5.906 0.997 1.773e-12 330.11 268.88
2019/04/08 15:00:00  -6.161 -1.256 1030.18  -1.868  -5.460 0.992 0.000e+00 399.37 261.24
2019/04/08 18:00:00  -5.586 -1.568 1030.30  -1.874  -5.561 0.969 0.000e+00 244.38 267.07
2019/04/08 21:00:00  -5.535 -2.053 1030.57  -1.896  -5.491 0.929 0.000e+00 22.82 259.18
2019/04/09 00:00:00  -5.141 -3.375 1030.48  -2.418  -5.264 0.391 0.000e+00 0.00 243.02
2019/04/09 03:00:00  -5.403 -3.289 1030.14  -2.744  -5.621 0.350 0.000e+00 0.00 247.41
2019/04/09 06:00:00  -5.257 -2.740 1029.77  -2.909  -5.976 0.883 0.000e+00 0.00 247.84
2019/04/09 09:00:00  -5.140 -2.653 1029.06  -2.846  -6.041 0.740 0.000e+00 134.64 241.78
2019/04/09 12:00:00  -5.080 -2.432 1028.43  -2.309  -5.604 0.270 0.000e+00 405.93 248.21
2019/04/09 15:00:00  -5.010 -1.130 1027.94  -1.710  -5.484 0.237 0.000e+00 478.75 243.46
2019/04/09 18:00:00  -4.979 -0.719 1026.64  -1.512  -5.340 0.242 0.000e+00 303.02 248.98
2019/04/09 21:00:00  -5.113 0.142 1026.06  -1.236  -5.014 0.781 0.000e+00 27.10 265.52
2019/04/10 00:00:00  -5.027 0.460 1025.37  -1.129  -5.182 0.942 9.781e-11 0.00 297.81
2019/04/10 03:00:00  -5.468 1.522 1024.50  -0.916  -4.876 0.936 2.100e-11 0.00 308.55
2019/04/10 06:00:00  -5.531 1.995 1023.91  -0.729  -4.612 0.977 0.000e+00 0.00 307.24
2019/04/10 09:00:00  -5.640 2.338 1023.25  -0.726  -4.167 0.921 0.000e+00 69.41 302.16
2019/04/10 12:00:00  -5.829 2.896 1022.69  -0.507  -4.427 0.686 0.000e+00 328.30 288.16
2019/04/10 15:00:00  -5.549 2.820 1022.12  -0.454  -4.241 0.231 0.000e+00 479.16 262.09
2019/04/10 18:00:00  -5.717 0.171 1021.75  -0.559  -4.100 0.894 0.000e+00 237.17 273.72
2019/04/10 21:00:00  -6.548 -0.157 1021.30  -0.714  -4.237 0.997 1.102e-09 21.74 290.98
2019/04/11 00:00:00  -7.359 0.089 1020.80  -0.427  -4.718 1.000 1.727e-09 0.00 324.11
2019/04/11 03:00:00  -7.788 0.324 1020.00  -0.240  -4.633 1.000 4.231e-12 0.00 327.50
2019/04/11 06:00:00  -7.364 0.506 1018.89  -0.133  -3.962 1.000 1.229e-12 0.00 327.16
2019/04/11 09:00:00  -7.622 -0.392 1018.37  -0.311  -3.384 1.000 3.936e-09 41.50 327.18
2019/04/11 12:00:00  -8.025 -2.542 1017.21  -0.721  -3.515 1.000 7.966e-09 104.89 326.72
2019/04/11 15:00:00  -8.932 -2.079 1015.69  -0.684  -3.065 1.000 1.960e-09 151.43 324.64
2019/04/11 18:00:00  -8.837 -0.853 1014.46  -0.438  -3.177 1.000 8.953e-10 128.99 322.21
2019/04/11 21:00:00  -8.736 0.143 1013.93  -0.158  -2.766 0.999 2.269e-08 11.16 318.83
2019/04/12 00:00:00  -8.801 0.660 1013.32   0.039  -2.262 0.985 9.069e-09 0.00 313.06
2019/04/12 03:00:00  -8.759 1.668 1012.20   0.248  -2.401 0.999 8.755e-09 0.00 318.18
2019/04/12 06:00:00  -9.105 -0.027 1010.19   0.126  -2.571 1.000 6.372e-08 0.00 325.62
2019/04/12 09:00:00  -11.638 0.509 1008.92   0.347  -2.484 1.000 1.207e-07 11.73 333.28
2019/04/12 12:00:00  -11.281 2.464 1007.93   0.514  -2.089 1.000 9.129e-08 49.71 334.89
2019/04/12 15:00:00  -11.542 2.880 1007.63   0.752  -1.947 1.000 6.623e-09 133.52 328.61
2019/04/12 18:00:00  -12.363 0.968 1006.34   1.089  -1.642 1.000 1.736e-08 66.32 340.05
2019/04/12 21:00:00  -12.637 0.443 1005.66   1.429  -1.768 1.000 6.505e-09 5.84 339.96
2019/04/13 00:00:00  -14.133 2.547 1004.75   1.504  -2.279 0.999 1.732e-08 0.00 337.90
2019/04/13 03:00:00  -14.132 4.225 1004.34   1.107  -2.244 1.000 5.611e-08 0.00 337.14
2019/04/13 06:00:00  -9.453 10.242 1005.32   1.023  -1.174 0.991 4.375e-09 0.00 341.06
2019/04/13 09:00:00  -3.307 6.478 1009.87   0.331  -1.400 0.819 7.735e-11 155.37 277.64
2019/04/13 12:00:00  -6.505 1.783 1011.33   0.101  -1.068 1.000 3.642e-11 369.60 279.20
2019/04/13 15:00:00  -8.236 -4.026 1009.68   0.313  -1.113 1.000 6.149e-08 282.51 300.75
2019/04/13 18:00:00  -10.022 -4.132 1005.85   0.485  -1.338 0.947 5.324e-08 40.83 337.91
2019/04/13 21:00:00  -11.623 -0.132 1004.19   1.753  -1.825 1.000 3.110e-09 11.30 329.91
2019/04/14 00:00:00  -11.146 -0.380 1003.46   1.520  -2.630 1.000 0.000e+00 0.00 311.67
2019/04/14 03:00:00  -12.080 3.874 1002.38   0.875  -2.969 1.000 1.486e-08 0.00 323.51
2019/04/14 06:00:00  -12.024 6.049 1001.76   0.576  -2.800 1.000 1.600e-09 0.00 306.47
2019/04/14 09:00:00  -11.521 6.843 1003.54   0.752  -2.168 0.258 3.492e-11 163.36 271.04
2019/04/14 12:00:00  -11.384 6.080 1005.64   0.949  -2.031 0.738 2.643e-09 415.22 279.76
2019/04/14 15:00:00  -10.718 4.979 1006.73   0.948  -1.759 0.482 4.832e-09 475.74 279.39
2019/04/14 18:00:00  -10.258 4.588 1007.76   0.751  -1.554 0.834 1.429e-08 256.46 300.72
2019/04/14 21:00:00  -10.207 4.088 1009.04   0.709  -1.527 0.857 2.180e-08 35.24 302.36
2019/04/15 00:00:00  -9.527 4.465 1009.21   0.881  -1.991 0.875 3.160e-09 0.00 291.58
2019/04/15 03:00:00  -9.636 4.815 1008.94   0.716  -2.045 0.937 1.750e-10 0.00 308.47
2019/04/15 06:00:00  -8.735 4.753 1008.70   0.400  -1.864 0.654 3.338e-10 0.00 322.97
2019/04/15 09:00:00  -7.762 5.349 1009.67   0.253  -1.854 0.711 8.930e-10 131.57 297.26
2019/04/15 12:00:00  -7.170 5.444 1010.41  -0.196  -1.952 0.858 2.125e-09 360.61 279.25
2019/04/15 15:00:00  -5.678 5.382 1011.32  -0.220  -1.793 0.998 5.478e-09 336.01 299.45
2019/04/15 18:00:00  -3.832 4.930 1012.21  -0.330  -1.581 0.962 0.000e+00 306.73 273.58
2019/04/15 21:00:00  -3.878 3.907 1013.88  -0.407  -1.500 0.980 2.727e-10 42.04 275.95
2019/04/16 00:00:00  -4.823 2.293 1014.62  -0.561  -1.562 0.910 1.215e-10 0.00 275.03
2019/04/16 03:00:00  -5.045 0.701 1014.22  -0.697  -1.784 1.000 7.601e-09 0.00 300.41
2019/04/16 06:00:00  -5.293 -4.248 1011.90  -1.020  -2.197 1.000 1.301e-08 0.00 320.16
2019/04/16 09:00:00  -6.950 -7.116 1008.90  -1.249  -2.964 1.000 4.165e-08 59.69 309.30
2019/04/16 12:00:00  -8.404 -6.870 1005.62  -1.034  -2.694 1.000 2.147e-08 107.12 317.53
2019/04/16 15:00:00  -10.077 -6.079 1000.88  -0.963  -3.000 0.994 9.098e-09 227.04 313.76
2019/04/16 18:00:00  -11.164 -3.790 996.50   0.268  -2.740 0.945 4.898e-08 82.69 318.88
2019/04/16 21:00:00  -12.844 2.324 993.97   0.786  -1.762 1.000 8.645e-08 6.00 335.58
2019/04/17 00:00:00  -11.949 7.230 993.63   0.571  -0.965 1.000 2.993e-09 0.00 341.02
2019/04/17 03:00:00  -7.569 13.148 993.81   0.209  -1.145 1.000 8.138e-09 0.00 338.82
2019/04/17 06:00:00  -2.765 15.648 997.41  -0.015  -2.106 0.958 8.633e-09 0.00 330.47
2019/04/17 09:00:00  -2.838 14.256 1001.44  -0.099  -2.765 0.392 1.353e-09 157.96 276.07
2019/04/17 12:00:00  -2.471 12.278 1004.02   0.078  -2.679 0.414 2.780e-09 397.30 287.15
2019/04/17 15:00:00  -2.021 10.922 1005.92  -0.105  -2.240 0.736 3.661e-09 401.89 293.68
2019/04/17 18:00:00  -4.445 6.351 1005.66  -0.402  -2.387 0.991 5.461e-10 286.99 278.22
2019/04/17 21:00:00  -4.777 2.398 1005.37  -0.805  -3.963 1.000 1.326e-08 25.96 312.31
2019/04/18 00:00:00  -4.430 -3.520 1003.74  -0.948  -2.826 0.991 8.453e-09 0.00 323.77
2019/04/18 03:00:00  -3.686 -5.133 1002.31  -1.776  -2.857 0.983 8.097e-10 0.00 328.57
2019/04/18 06:00:00  -2.106 -3.876 1001.68  -2.518  -3.174 0.983 1.263e-10 0.00 291.93
2019/04/18 09:00:00  -2.170 -3.463 1001.94  -2.743  -3.365 0.968 7.350e-10 120.47 302.22
2019/04/18 12:00:00  -2.609 0.906 1002.16  -2.032  -2.547 0.999 3.977e-10 191.11 320.29
2019/04/18 15:00:00  -1.798 6.106 1002.05  -0.842  -1.998 1.000 1.190e-08 150.74 325.75
2019/04/18 18:00:00  -5.330 7.320 1001.31  -0.845  -3.160 0.986 2.988e-09 122.82 318.67
2019/04/18 21:00:00  -8.579 4.279 999.15  -0.415  -1.683 1.000 2.141e-07 10.10 332.62
2019/04/19 00:00:00  -0.827 10.709 998.93   0.294  -0.700 1.000 6.583e-09 0.00 339.29
2019/04/19 03:00:00  -0.942 10.031 1000.59  -0.219  -1.594 1.000 2.166e-09 0.00 334.85
2019/04/19 06:00:00  -4.761 6.826 1000.47  -0.265  -1.895 0.871 2.025e-08 0.00 325.20
2019/04/19 09:00:00  -6.673 7.208 999.60   0.031  -0.953 1.000 5.557e-08 42.05 331.95
2019/04/19 12:00:00  -9.369 3.822 996.55   0.257  -0.900 1.000 1.034e-07 47.88 340.06
2019/04/19 15:00:00  -6.221 7.424 993.11   0.282  -0.538 1.000 1.485e-08 131.50 339.38
2019/04/19 18:00:00  -4.513 9.579 991.54   0.078  -1.388 0.954 4.877e-08 171.84 326.83
2019/04/19 21:00:00  -2.900 9.602 991.47  -0.203  -2.558 0.425 2.018e-09 56.49 282.10
2019/04/20 00:00:00  -1.599 8.015 991.84  -0.402  -2.229 0.793 6.301e-08 0.00 300.67
2019/04/20 03:00:00  -1.374 8.205 991.42  -0.311  -1.700 0.950 6.688e-08 0.00 324.42
2019/04/20 06:00:00  1.327 9.440 991.57  -0.568  -1.829 1.000 4.855e-08 0.00 322.90
2019/04/20 09:00:00  -0.030 10.686 992.89  -0.893  -2.118 1.000 3.179e-08 39.85 328.95
2019/04/20 12:00:00  -1.218 9.377 994.69  -1.294  -2.550 1.000 3.565e-08 97.80 329.66
2019/04/20 15:00:00  0.375 4.247 995.15  -1.323  -2.581 1.000 4.625e-09 172.66 328.29
2019/04/20 18:00:00  6.202 3.733 997.46  -1.507  -2.185 0.999 3.358e-10 147.41 327.33
2019/04/20 21:00:00  7.657 4.481 1000.43  -2.210  -3.123 0.943 3.415e-09 21.59 322.82
2019/04/21 00:00:00  5.918 4.987 1002.48  -1.485  -3.413 0.800 1.941e-09 0.00 301.96
2019/04/21 03:00:00  4.458 4.266 1003.27  -1.348  -3.448 0.979 1.058e-10 0.00 275.60
2019/04/21 06:00:00  3.609 4.289 1003.77  -1.397  -3.480 1.000 4.415e-11 0.10 281.81
2019/04/21 09:00:00  2.233 3.367 1005.04  -1.701  -3.513 1.000 7.023e-11 98.66 291.13
2019/04/21 12:00:00  0.459 1.968 1005.57  -1.053  -3.940 1.000 1.244e-10 263.84 295.76
2019/04/21 15:00:00  -2.456 -0.948 1005.50  -1.181  -4.095 1.000 1.846e-10 360.46 294.87
2019/04/21 18:00:00  -3.719 -2.289 1005.91  -1.705  -3.528 1.000 5.220e-10 178.06 298.20
2019/04/21 21:00:00  -4.452 -6.145 1006.11  -2.720  -3.634 1.000 7.085e-11 41.44 302.16
2019/04/22 00:00:00  -6.256 -7.016 1007.19  -2.974  -3.912 0.999 5.674e-10 0.00 298.40
2019/04/22 03:00:00  -7.232 -7.097 1007.52  -3.652  -4.947 0.996 4.777e-10 0.00 309.35
2019/04/22 06:00:00  -6.849 -7.185 1007.81  -4.318  -5.947 0.861 8.830e-11 0.30 276.37
2019/04/22 09:00:00  -6.382 -7.287 1008.50  -4.362  -6.579 0.757 1.795e-10 187.99 257.15
2019/04/22 12:00:00  -6.987 -6.590 1008.81  -4.537  -7.935 0.553 5.899e-10 386.73 269.57
2019/04/22 15:00:00  -6.316 -6.264 1008.89  -4.601  -7.610 0.621 2.401e-09 418.51 273.21
2019/04/22 18:00:00  -7.167 -6.179 1008.43  -4.322  -7.945 0.338 2.689e-09 278.14 277.11
2019/04/22 21:00:00  -7.484 -5.330 1008.09  -4.179  -8.095 0.773 5.483e-09 68.20 275.64
2019/04/23 00:00:00  -7.759 -6.335 1008.18  -3.924  -7.922 0.826 6.898e-09 0.00 263.98
2019/04/23 03:00:00  -8.140 -6.421 1007.37  -3.892  -7.830 0.716 2.372e-09 0.00 270.41
2019/04/23 06:00:00  -8.646 -7.979 1006.14  -3.988  -7.308 0.849 4.991e-09 0.52 292.26
2019/04/23 09:00:00  -9.350 -9.438 1005.50  -3.768  -7.227 0.863 3.453e-09 131.92 285.65
2019/04/23 12:00:00  -9.346 -11.283 1004.03  -3.619  -7.288 0.873 3.135e-09 311.70 307.89
2019/04/23 15:00:00  -10.439 -11.873 1000.98  -3.336  -6.286 1.000 3.902e-09 276.09 301.46
2019/04/23 18:00:00  -10.710 -13.389 996.98  -3.987  -5.906 1.000 2.972e-08 96.35 309.03
2019/04/23 21:00:00  -12.435 -13.970 992.55  -4.071  -5.200 1.000 1.426e-07 5.67 315.64
2019/04/24 00:00:00  -16.006 -8.177 989.36  -1.694  -3.219 0.939 6.259e-08 0.00 321.08
2019/04/24 03:00:00  -11.749 6.984 990.40   0.218  -2.622 0.613 9.219e-09 0.00 314.11
2019/04/24 06:00:00  -11.873 6.964 992.51  -0.172  -3.073 0.484 7.455e-09 1.22 286.92
2019/04/24 09:00:00  -11.647 4.774 995.64  -0.174  -2.538 0.785 1.480e-08 156.86 291.17
2019/04/24 12:00:00  -11.418 2.516 997.55  -0.138  -2.514 0.841 8.119e-09 390.55 287.40
2019/04/24 15:00:00  -10.376 1.371 1000.04   0.176  -2.207 0.719 1.319e-08 399.09 298.44
2019/04/24 18:00:00  -8.654 -2.573 1001.14  -1.089  -2.104 0.907 2.608e-10 275.66 288.09
2019/04/24 21:00:00  -6.701 -5.417 1002.29  -2.448  -3.276 1.000 1.405e-10 51.53 309.35
2019/04/25 00:00:00  -6.782 -4.976 1002.09  -1.980  -2.652 1.000 1.674e-08 0.00 325.32
2019/04/25 03:00:00  -7.667 -5.096 1000.71  -1.218  -1.791 1.000 5.923e-08 0.00 332.93
2019/04/25 06:00:00  -10.410 -3.330 999.20  -0.623  -1.462 1.000 1.802e-08 0.40 336.52
2019/04/25 09:00:00  -9.564 -2.033 1000.59  -0.146  -1.461 0.980 1.634e-09 78.55 329.11
2019/04/25 12:00:00  -8.154 -3.062 1001.37   0.428  -1.599 0.974 1.202e-10 210.23 321.68
2019/04/25 15:00:00  -9.001 -5.089 1001.50   0.321  -1.876 0.982 9.462e-10 162.97 339.52
2019/04/25 18:00:00  -10.398 -7.434 1000.69  -0.120  -2.016 0.807 1.768e-08 258.05 288.93
2019/04/25 21:00:00  -12.055 -7.961 1001.32  -0.893  -2.603 0.691 1.058e-08 46.81 314.84
2019/04/26 00:00:00  -12.105 -9.501 1000.47  -1.828  -2.760 0.772 3.580e-10 0.00 311.97
2019/04/26 03:00:00  -12.843 -11.579 999.53  -1.989  -3.129 1.000 3.906e-10 0.00 315.96
2019/04/26 06:00:00  -13.477 -11.156 999.07  -2.214  -3.395 0.981 1.218e-09 1.52 318.86
2019/04/26 09:00:00  -13.312 -10.540 999.35  -2.078  -3.087 1.000 1.109e-07 22.25 329.77
2019/04/26 12:00:00  -13.390 -8.160 1001.04  -1.200  -2.125 1.000 1.483e-08 94.00 328.80
2019/04/26 15:00:00  -10.807 -6.352 1003.59  -0.751  -1.526 0.945 6.786e-10 291.03 320.56
2019/04/26 18:00:00  -9.573 -8.123 1005.37  -1.027  -1.657 1.000 4.320e-10 229.59 318.28
2019/04/26 21:00:00  -10.764 -9.586 1006.00  -1.087  -1.759 1.000 2.004e-08 22.54 334.39
2019/04/27 00:00:00  -10.775 -9.492 1005.45  -1.222  -1.885 1.000 8.467e-10 0.00 334.16
2019/04/27 03:00:00  -12.182 -7.889 1005.05  -0.647  -1.686 0.997 4.733e-09 0.00 327.35
2019/04/27 06:00:00  -12.084 -6.546 1006.40  -0.491  -1.465 0.924 2.374e-09 2.00 325.24
2019/04/27 09:00:00  -11.285 -6.549 1007.93  -0.910  -1.664 0.881 1.618e-09 151.68 311.08
2019/04/27 12:00:00  -10.425 -6.830 1009.80  -0.874  -1.740 0.901 1.550e-09 306.22 313.29
2019/04/27 15:00:00  -10.936 -5.420 1010.88  -0.600  -1.575 0.945 7.663e-10 347.62 314.26
2019/04/27 18:00:00  -9.462 -4.560 1012.35  -0.451  -1.543 1.000 5.549e-10 265.84 307.35
2019/04/27 21:00:00  -8.635 -5.811 1014.01  -0.689  -1.708 0.238 1.396e-10 89.69 285.95
2019/04/28 00:00:00  -10.055 -7.645 1015.20  -1.315  -2.079 0.993 3.384e-10 0.00 305.37
2019/04/28 03:00:00  -10.526 -7.250 1014.72  -1.524  -2.507 1.000 1.827e-09 0.00 316.17
2019/04/28 06:00:00  -9.964 -7.920 1014.15  -1.627  -2.369 1.000 6.538e-09 2.30 326.92
2019/04/28 09:00:00  -9.556 -8.043 1014.15  -1.934  -2.733 1.000 7.175e-09 73.60 321.23
2019/04/28 12:00:00  -10.377 -7.054 1013.96  -2.143  -3.266 1.000 9.200e-09 137.09 323.37
2019/04/28 15:00:00  -10.162 -6.286 1013.55  -1.763  -2.958 1.000 5.671e-10 271.14 323.01
2019/04/28 18:00:00  -9.294 -7.114 1013.01  -1.375  -2.490 0.994 1.252e-09 233.29 310.65
2019/04/28 21:00:00  -9.932 -7.870 1013.17  -1.360  -2.207 1.000 1.913e-09 40.69 321.25
2019/04/29 00:00:00  -11.140 -9.265 1012.57  -1.542  -2.219 1.000 5.234e-10 0.00 323.41
2019/04/29 03:00:00  -11.050 -8.415 1012.49  -1.043  -1.890 1.000 6.368e-09 0.00 329.35
2019/04/29 06:00:00  -11.670 -7.268 1013.24  -0.427  -1.885 1.000 7.088e-08 0.97 333.18
2019/04/29 09:00:00  -11.256 -5.229 1016.46   0.023  -1.800 1.000 3.445e-09 57.00 337.13
2019/04/29 12:00:00  -8.531 -3.008 1019.19   0.372  -1.225 0.630 8.351e-10 254.46 313.18
2019/04/29 15:00:00  -6.870 -4.281 1021.42   0.041  -1.086 0.995 5.216e-11 529.40 284.31
2019/04/29 18:00:00  -6.131 -4.564 1021.99  -0.397  -1.090 1.000 9.631e-11 287.63 299.77
2019/04/29 21:00:00  -5.864 -3.995 1023.09  -0.601  -1.190 0.984 4.944e-10 60.38 320.92
2019/04/30 00:00:00  -5.344 -2.458 1023.50  -0.220  -0.871 0.980 3.159e-10 0.00 322.10
2019/04/30 03:00:00  -3.174 -3.075 1023.59  -0.480  -1.009 1.000 2.666e-10 0.00 321.19
2019/04/30 06:00:00  -5.120 -4.057 1023.49  -0.533  -1.026 1.000 1.435e-09 2.99 330.55
2019/04/30 09:00:00  -5.974 -2.473 1023.71  -0.294  -0.807 1.000 7.165e-09 52.55 339.58
2019/04/30 12:00:00  -5.127 0.667 1024.64   0.541  -0.443 0.883 1.534e-09 243.57 336.05
2019/04/30 15:00:00  -3.266 0.246 1025.09   1.102   0.062 0.685 1.055e-10 388.56 327.18
2019/04/30 18:00:00  -3.508 0.296 1025.13   1.058   0.226 0.815 1.079e-10 196.01 341.50
2019/04/30 21:00:00  -2.491 -0.102 1025.34   0.831   0.153 0.972 5.393e-11 70.85 325.83
2019/05/01 00:00:00  -2.292 -1.961 1025.60   0.082  -0.551 0.950 1.219e-09 0.00 340.15
2019/05/01 03:00:00  -1.654 -1.425 1025.26  -0.174  -0.750 0.949 2.649e-09 0.00 338.24
2019/05/01 06:00:00  -2.270 -2.614 1024.81  -0.344  -0.789 1.000 1.926e-09 3.78 337.98
2019/05/01 09:00:00  -3.212 -3.315 1025.35  -0.504  -0.843 1.000 2.430e-10 108.94 331.56
2019/05/01 12:00:00  -4.721 -5.614 1025.98  -1.334  -1.836 1.000 1.423e-09 207.25 334.54
2019/05/01 15:00:00  -7.747 -5.655 1025.90  -1.012  -2.203 1.000 1.140e-09 255.06 333.88
2019/05/01 18:00:00  -9.281 -5.965 1025.92  -2.008  -3.509 0.998 8.845e-10 202.59 319.97
2019/05/01 21:00:00  -10.579 -5.626 1026.61  -2.080  -3.991 0.996 1.703e-09 54.34 312.72
2019/05/02 00:00:00  -11.117 -5.333 1027.40  -1.492  -4.036 0.948 1.320e-09 0.00 317.05
2019/05/02 03:00:00  -11.357 -5.243 1027.90  -1.589  -4.349 0.998 7.806e-10 0.00 318.99
2019/05/02 06:00:00  -11.972 -4.559 1028.48  -1.729  -4.443 1.000 7.109e-10 5.51 313.80
2019/05/02 09:00:00  -11.679 -3.970 1029.64  -1.752  -4.679 1.000 5.216e-11 93.65 318.40
2019/05/02 12:00:00  -12.085 -5.665 1031.84  -1.598  -4.758 1.000 3.472e-09 227.58 316.32
2019/05/02 15:00:00  -12.469 -5.384 1033.37  -1.985  -5.662 1.000 4.310e-09 261.41 310.75
2019/05/02 18:00:00  -12.938 -5.097 1034.53  -2.656  -6.626 0.991 4.062e-10 220.34 297.11
2019/05/02 21:00:00  -12.472 -5.611 1035.52  -3.283  -7.373 1.000 0.000e+00 62.75 302.20
2019/05/03 00:00:00  -11.515 -5.147 1036.13  -3.753  -8.231 0.999 0.000e+00 0.00 287.99
2019/05/03 03:00:00  -10.394 -4.158 1036.40  -3.685  -8.795 1.000 7.023e-11 0.00 295.02
2019/05/03 06:00:00  -9.442 -3.682 1035.67  -3.569  -9.365 0.973 0.000e+00 8.99 292.47
2019/05/03 09:00:00  -8.457 -2.569 1034.88  -3.670  -9.306 0.897 0.000e+00 191.46 284.64
2019/05/03 12:00:00  -5.959 -1.346 1034.10  -3.309  -9.385 0.805 0.000e+00 487.47 274.26
2019/05/03 15:00:00  -2.759 1.760 1033.31  -2.992  -9.059 0.582 0.000e+00 639.60 238.52
2019/05/03 18:00:00  -0.288 2.460 1031.65  -2.530  -8.401 0.469 0.000e+00 407.57 243.13
2019/05/03 21:00:00  1.558 3.636 1030.67  -1.412  -5.824 0.627 0.000e+00 84.73 277.55
2019/05/04 00:00:00  3.122 3.682 1029.93  -0.218  -2.756 0.884 7.397e-10 0.00 302.54
2019/05/04 03:00:00  5.174 5.643 1029.08   0.253  -2.129 0.634 7.479e-10 0.00 288.77
2019/05/04 06:00:00  4.824 6.253 1028.25   0.145  -2.999 0.780 8.001e-11 11.63 310.64
2019/05/04 09:00:00  4.326 6.802 1027.88   0.035  -3.514 0.925 5.464e-10 177.47 299.53
2019/05/04 12:00:00  4.052 6.076 1028.19   0.083  -2.764 0.844 3.331e-10 349.44 303.27
2019/05/04 15:00:00  3.832 5.400 1028.29   0.102  -2.986 0.757 1.485e-10 509.69 293.45
2019/05/04 18:00:00  1.894 4.420 1028.14   0.128  -3.191 0.684 2.608e-11 309.08 292.41
2019/05/04 21:00:00  0.308 3.437 1028.81   0.095  -2.874 0.567 8.867e-13 90.42 294.42
2019/05/05 00:00:00  -0.729 1.589 1030.05  -0.243  -2.913 0.624 8.867e-13 0.00 283.23
2019/05/05 03:00:00  -0.677 1.818 1030.24  -0.359  -2.724 0.688 6.311e-11 0.00 292.45
2019/05/05 06:00:00  -0.057 1.431 1030.36  -0.505  -2.503 0.794 2.608e-11 12.03 295.67
2019/05/05 09:00:00  0.224 0.067 1030.27  -0.506  -2.520 0.830 1.096e-10 165.09 299.74
2019/05/05 12:00:00  -0.391 -0.562 1030.74  -0.587  -3.257 0.736 1.547e-10 357.72 302.71
2019/05/05 15:00:00  0.070 0.252 1030.48  -0.364  -3.246 0.539 0.000e+00 493.05 290.27
2019/05/05 18:00:00  0.497 0.161 1029.92  -0.187  -3.957 0.621 0.000e+00 349.66 280.39
2019/05/05 21:00:00  0.022 -0.649 1029.69  -0.537  -3.616 0.569 0.000e+00 93.35 296.59
2019/05/06 00:00:00  -0.421 -1.719 1029.95  -1.145  -3.345 0.617 8.867e-13 0.00 276.51
2019/05/06 03:00:00  -1.093 -1.458 1029.56  -1.442  -3.214 0.376 0.000e+00 0.00 268.31
2019/05/06 06:00:00  -0.807 0.263 1028.97  -1.740  -3.267 0.422 1.437e-10 16.77 279.25
2019/05/06 09:00:00  0.112 -0.558 1029.05  -1.635  -3.476 0.703 4.563e-10 202.17 291.81
2019/05/06 12:00:00  -2.331 0.668 1028.68  -1.369  -3.408 0.673 3.709e-10 449.29 287.51
2019/05/06 15:00:00  -2.028 1.501 1028.62  -1.054  -3.060 0.968 5.517e-10 398.62 310.31
2019/05/06 18:00:00  -1.347 1.239 1028.11  -0.973  -2.704 0.998 2.113e-09 149.89 320.87
2019/05/06 21:00:00  -1.671 1.366 1027.61  -1.144  -2.801 0.986 2.878e-09 56.65 326.30
2019/05/07 00:00:00  -1.000 1.225 1027.37  -1.069  -2.758 0.976 2.170e-09 0.00 313.06
2019/05/07 03:00:00  -1.390 1.953 1025.85  -1.224  -2.880 1.000 2.561e-09 0.00 317.02
2019/05/07 06:00:00  -0.960 2.746 1024.69  -1.330  -3.243 1.000 3.829e-09 10.85 324.76
2019/05/07 09:00:00  -2.321 2.266 1024.18  -1.531  -3.706 1.000 5.950e-09 92.86 325.89
2019/05/07 12:00:00  -5.306 0.634 1023.99  -1.263  -3.824 0.999 5.570e-09 178.07 327.68
2019/05/07 15:00:00  -7.534 -2.485 1024.84  -2.222  -5.659 0.862 3.757e-10 409.98 288.47
2019/05/07 18:00:00  -8.432 -4.640 1025.37  -2.280  -6.383 0.962 0.000e+00 445.22 255.97
2019/05/07 21:00:00  -6.941 -6.669 1025.75  -3.003  -5.797 0.658 4.214e-10 101.09 290.26
2019/05/08 00:00:00  -6.913 -7.302 1025.74  -3.432  -7.134 0.912 2.371e-10 0.00 283.92
2019/05/08 03:00:00  -7.436 -5.409 1024.92  -2.682  -6.847 0.893 2.178e-09 0.00 305.50
2019/05/08 06:00:00  -7.364 -6.229 1024.58  -3.082  -6.854 0.699 2.050e-09 18.93 269.76
2019/05/08 09:00:00  -8.356 -6.580 1025.25  -3.625  -8.384 0.873 5.543e-10 190.23 277.64
2019/05/08 12:00:00  -8.023 -6.898 1025.48  -3.758  -8.014 0.841 5.747e-10 276.93 287.21
2019/05/08 15:00:00  -7.257 -8.465 1025.63  -4.309  -7.577 0.773 1.248e-09 490.08 247.77
2019/05/08 18:00:00  -7.674 -8.332 1025.00  -4.613  -9.048 0.788 1.498e-09 279.85 292.13
2019/05/08 21:00:00  -7.740 -8.674 1024.90  -4.644  -8.937 0.936 7.521e-09 120.13 271.91
2019/05/09 00:00:00  -8.674 -8.972 1024.91  -4.225  -8.700 0.970 1.291e-08 0.00 283.21
2019/05/09 03:00:00  -8.954 -7.610 1024.86  -4.205  -9.019 0.853 6.894e-10 0.00 295.64
2019/05/09 06:00:00  -8.659 -8.658 1024.55  -4.955  -9.495 0.999 1.181e-09 10.70 290.03
2019/05/09 09:00:00  -7.732 -8.788 1024.98  -4.927  -9.767 0.995 1.948e-09 117.69 294.93
2019/05/09 12:00:00  -7.875 -8.095 1025.29  -4.764  -9.317 1.000 2.209e-09 229.52 293.16
2019/05/09 15:00:00  -8.117 -7.910 1025.28  -4.612  -9.063 0.980 3.389e-09 351.96 295.02
2019/05/09 18:00:00  -8.098 -6.772 1024.93  -4.572  -9.469 0.986 1.040e-09 183.52 293.30
2019/05/09 21:00:00  -8.211 -6.712 1025.44  -4.515  -9.520 0.826 3.855e-09 95.68 280.07
2019/05/10 00:00:00  -8.576 -8.016 1026.09  -4.488  -8.819 0.771 7.437e-10 0.00 257.38
2019/05/10 03:00:00  -7.942 -7.939 1026.08  -4.975  -8.076 0.912 2.068e-10 0.00 238.40
2019/05/10 06:00:00  -7.994 -8.135 1026.17  -5.111  -8.211 0.962 7.106e-11 30.11 244.76
2019/05/10 09:00:00  -6.833 -8.435 1026.62  -5.078  -8.724 0.815 3.559e-09 266.75 251.29
2019/05/10 12:00:00  -5.943 -7.835 1026.93  -4.753  -9.478 0.928 1.048e-09 571.50 235.69
2019/05/10 15:00:00  -5.438 -6.652 1027.08  -4.421  -9.471 0.556 1.885e-09 633.53 240.43
2019/05/10 18:00:00  -4.666 -5.190 1027.34  -4.381  -8.962 0.539 1.421e-10 442.56 247.03
2019/05/10 21:00:00  -3.554 -3.368 1027.39  -4.377  -9.499 0.119 3.590e-10 157.38 235.24
2019/05/11 00:00:00  -2.073 -3.019 1027.94  -4.673 -10.489 0.257 0.000e+00 0.00 235.60
2019/05/11 03:00:00  -0.950 -2.607 1028.19  -4.780 -10.800 0.577 5.039e-11 0.00 246.87
2019/05/11 06:00:00  -0.543 -0.727 1028.25  -4.699 -10.879 0.760 1.529e-10 29.53 252.18
2019/05/11 09:00:00  1.069 1.153 1028.76  -4.179 -10.608 0.945 1.641e-09 198.31 267.00
2019/05/11 12:00:00  3.354 2.745 1029.10  -3.523  -9.744 0.964 1.634e-08 443.79 276.33
2019/05/11 15:00:00  6.048 3.462 1028.83  -3.001  -8.245 0.995 6.143e-09 347.44 286.70
2019/05/11 18:00:00  7.291 3.206 1028.58  -2.589  -7.699 0.886 6.668e-09 343.63 280.09
2019/05/11 21:00:00  7.842 2.387 1028.50  -2.263  -7.471 0.702 1.031e-08 132.75 271.55
2019/05/12 00:00:00  7.480 0.110 1028.49  -2.318  -6.685 0.615 1.142e-08 0.00 260.95
2019/05/12 03:00:00  6.218 0.686 1028.43  -2.449  -6.235 0.265 7.435e-09 0.00 247.90
2019/05/12 06:00:00  3.809 -1.112 1028.61  -2.471  -6.232 0.294 2.836e-09 37.31 249.13
2019/05/12 09:00:00  0.584 -0.883 1028.43  -2.470  -6.801 0.249 1.859e-09 320.62 250.53
2019/05/12 12:00:00  -1.147 -1.496 1028.69  -2.805  -6.511 0.911 2.130e-10 588.18 238.18
2019/05/12 15:00:00  -3.978 -1.729 1027.83  -2.639  -6.236 0.999 0.000e+00 591.94 253.88
2019/05/12 18:00:00  -5.937 -2.900 1026.62  -2.460  -6.370 1.000 0.000e+00 293.67 285.77
2019/05/12 21:00:00  -8.442 -4.250 1025.05  -2.056  -6.462 1.000 0.000e+00 107.11 275.19
2019/05/13 00:00:00  -9.513 -4.671 1024.03  -1.398  -6.075 1.000 0.000e+00 0.00 259.45
2019/05/13 03:00:00  -12.552 -4.967 1021.22  -1.639  -5.759 1.000 0.000e+00 0.00 268.12
2019/05/13 06:00:00  -14.153 -5.750 1018.94  -1.528  -5.265 1.000 3.539e-09 15.88 302.55
2019/05/13 09:00:00  -14.677 -7.972 1016.57  -1.846  -4.567 1.000 3.074e-08 68.48 313.85
2019/05/13 12:00:00  -14.814 -8.949 1014.32  -1.486  -4.193 1.000 5.675e-08 100.71 323.65
2019/05/13 15:00:00  -13.596 -7.943 1012.69  -1.592  -3.107 1.000 1.005e-07 85.21 327.41
2019/05/13 18:00:00  -12.267 -7.020 1012.71  -1.034  -2.291 1.000 4.763e-08 45.66 331.61
2019/05/13 21:00:00  -10.065 -3.925 1014.02  -0.291  -1.439 1.000 3.411e-08 24.35 335.24
2019/05/14 00:00:00  -4.336 0.983 1016.80   0.454  -0.476 1.000 6.836e-09 0.02 337.76
2019/05/14 03:00:00  -1.765 3.969 1018.43   0.630  -0.380 1.000 2.520e-09 0.00 333.78
2019/05/14 06:00:00  -2.747 3.876 1019.77   0.579  -0.738 1.000 1.333e-09 18.95 334.20
2019/05/14 09:00:00  -5.767 -0.492 1020.25   0.454  -0.460 1.000 4.228e-09 106.07 330.66
2019/05/14 12:00:00  -7.885 0.314 1020.08   0.454  -0.542 1.000 2.579e-09 210.33 337.18
2019/05/14 15:00:00  -8.413 -0.454 1019.31   0.736  -0.843 1.000 1.273e-09 381.53 334.20
2019/05/14 18:00:00  -8.824 -2.712 1017.09   0.416  -1.136 0.999 5.513e-10 148.39 337.86
2019/05/14 21:00:00  -9.316 -3.197 1016.08   0.306  -1.167 1.000 1.182e-08 26.01 342.15
2019/05/15 00:00:00  -9.272 0.258 1014.84   0.745  -0.761 1.000 8.043e-08 0.02 342.45
2019/05/15 03:00:00  -8.693 4.320 1013.83   1.480  -0.001 1.000 9.684e-08 0.00 346.13
2019/05/15 06:00:00  -7.998 4.621 1013.32   1.579  -0.148 1.000 1.003e-07 3.94 345.48
2019/05/15 09:00:00  -7.145 4.751 1013.50   1.246  -0.263 1.000 5.220e-08 32.98 344.97
2019/05/15 12:00:00  -5.964 4.447 1014.22   0.587  -0.257 1.000 9.363e-09 92.75 344.42
2019/05/15 15:00:00  -3.656 3.451 1014.70   0.327  -0.141 1.000 7.619e-10 248.34 344.29
2019/05/15 18:00:00  -2.913 2.130 1015.21   0.177  -0.215 1.000 5.510e-09 243.85 337.19
2019/05/15 21:00:00  -3.341 -0.154 1015.36   0.101  -0.315 1.000 3.747e-09 66.19 341.27
2019/05/16 00:00:00  -4.844 -2.126 1016.03  -0.017  -0.750 1.000 7.302e-09 0.11 343.66
2019/05/16 03:00:00  -7.092 -4.456 1014.89  -0.231  -1.096 1.000 5.525e-08 0.00 343.69
2019/05/16 06:00:00  -7.787 -5.050 1014.30  -0.488  -1.447 1.000 6.135e-08 10.72 336.71
2019/05/16 09:00:00  -7.144 -2.524 1013.99  -0.207  -1.165 1.000 1.177e-07 47.56 337.82
2019/05/16 12:00:00  -6.497 -0.564 1014.62   0.402  -0.399 1.000 4.200e-08 68.05 343.37
2019/05/16 15:00:00  -2.663 5.597 1015.59   0.567   0.002 0.999 2.024e-09 196.15 345.23
2019/05/16 18:00:00  -0.864 5.173 1016.85   0.509  -0.809 0.992 6.670e-10 266.82 328.20
2019/05/16 21:00:00  -3.367 2.048 1018.08   0.415  -0.533 0.987 2.369e-09 81.85 335.60
2019/05/17 00:00:00  -4.368 0.712 1019.35   0.236  -0.508 0.956 2.217e-09 0.33 332.27
2019/05/17 03:00:00  -5.317 0.353 1019.90   0.174  -0.693 0.966 3.332e-09 0.00 331.73
2019/05/17 06:00:00  -5.687 -1.438 1020.14   0.064  -0.867 0.995 2.365e-09 22.28 330.88
2019/05/17 09:00:00  -6.228 -4.101 1020.40  -0.331  -1.282 1.000 6.679e-10 124.82 330.50
2019/05/17 12:00:00  -5.892 -6.282 1020.24  -1.059  -1.696 1.000 3.321e-09 362.06 309.29
2019/05/17 15:00:00  -6.414 -7.384 1019.38  -2.011  -2.760 1.000 3.267e-08 168.25 329.02
2019/05/17 18:00:00  -7.575 -6.757 1018.36  -2.112  -2.996 1.000 8.151e-08 71.90 328.98
2019/05/17 21:00:00  -8.773 -5.710 1017.75  -1.496  -2.574 1.000 5.413e-08 21.22 329.48
2019/05/18 00:00:00  -9.447 -4.755 1017.67  -0.691  -1.878 1.000 1.831e-08 0.17 333.21
2019/05/18 03:00:00  -9.793 -3.746 1017.65  -0.553  -1.622 1.000 1.659e-08 0.00 333.13
2019/05/18 06:00:00  -8.692 -3.565 1018.01  -0.659  -1.861 1.000 3.093e-08 8.73 333.20
2019/05/18 09:00:00  -8.378 -4.263 1019.09  -0.639  -2.070 1.000 1.639e-08 64.52 336.40
2019/05/18 12:00:00  -8.837 -4.167 1019.74  -0.692  -1.678 1.000 9.087e-09 112.81 337.17
2019/05/18 15:00:00  -8.645 -4.342 1020.27  -0.833  -1.698 0.947 3.527e-10 329.42 326.40
2019/05/18 18:00:00  -7.847 -6.020 1020.37  -1.127  -2.001 1.000 6.276e-10 236.54 320.26
2019/05/18 21:00:00  -9.624 -6.383 1020.47  -1.277  -2.306 1.000 2.240e-08 45.46 332.83
2019/05/19 00:00:00  -10.355 -5.217 1020.71  -0.831  -1.946 1.000 7.035e-08 0.23 334.56
2019/05/19 03:00:00  -9.771 -4.644 1020.90  -0.835  -1.977 1.000 6.090e-08 0.00 335.69
2019/05/19 06:00:00  -8.947 -5.032 1020.96  -0.761  -2.023 1.000 9.262e-09 10.40 332.88
2019/05/19 09:00:00  -10.269 -5.552 1020.70  -0.796  -2.077 1.000 1.772e-08 83.81 330.65
2019/05/19 12:00:00  -10.643 -6.841 1020.86  -0.369  -2.042 1.000 2.122e-08 168.25 327.69
2019/05/19 15:00:00  -10.687 -6.742 1020.61  -0.665  -2.444 1.000 1.323e-09 208.80 328.47
2019/05/19 18:00:00  -11.065 -6.636 1019.94  -0.930  -2.809 1.000 6.719e-09 154.33 323.36
2019/05/19 21:00:00  -11.518 -6.944 1019.70  -1.051  -2.984 1.000 6.677e-09 43.91 324.62
2019/05/20 00:00:00  -11.388 -6.721 1020.16  -1.028  -3.318 1.000 5.717e-09 0.89 322.49
2019/05/20 03:00:00  -10.912 -6.555 1019.37  -1.168  -3.635 1.000 3.438e-09 0.00 321.96
2019/05/20 06:00:00  -10.656 -6.562 1019.54  -1.159  -3.906 1.000 7.282e-09 17.88 323.32
2019/05/20 09:00:00  -9.872 -7.892 1020.02  -1.355  -4.113 1.000 1.860e-09 103.43 323.77
2019/05/20 12:00:00  -9.088 -8.476 1020.12  -1.999  -3.878 1.000 1.093e-09 281.93 316.19
2019/05/20 15:00:00  -9.429 -7.690 1020.43  -1.336  -3.514 1.000 3.865e-09 298.24 321.46
2019/05/20 18:00:00  -9.020 -7.877 1020.35  -1.394  -3.013 1.000 2.760e-09 90.27 328.93
2019/05/20 21:00:00  -9.390 -8.311 1020.85  -1.673  -3.315 1.000 8.628e-10 50.78 325.93
2019/05/21 00:00:00  -9.071 -8.186 1021.64  -1.761  -3.367 1.000 3.747e-09 0.79 325.05
2019/05/21 03:00:00  -9.334 -7.301 1021.65  -1.878  -3.270 1.000 1.250e-08 0.00 327.00
2019/05/21 06:00:00  -9.246 -7.281 1022.33  -1.754  -3.341 1.000 9.265e-09 9.82 326.29
2019/05/21 09:00:00  -9.382 -6.803 1023.47  -1.442  -3.179 1.000 3.884e-09 100.19 327.44
2019/05/21 12:00:00  -8.718 -6.998 1024.69  -1.430  -3.033 1.000 1.779e-09 184.91 325.11
2019/05/21 15:00:00  -8.299 -5.973 1024.95  -1.402  -2.749 1.000 1.425e-09 267.57 328.25
2019/05/21 18:00:00  -7.288 -5.768 1025.96  -1.522  -2.591 1.000 1.266e-10 186.40 325.34
2019/05/21 21:00:00  -6.965 -6.199 1026.59  -1.515  -2.552 0.994 1.727e-10 54.33 326.32
2019/05/22 00:00:00  -6.996 -6.224 1027.81  -1.357  -2.248 0.998 6.558e-10 0.91 329.62
2019/05/22 03:00:00  -6.875 -5.195 1027.98  -1.380  -2.236 0.999 2.474e-10 0.00 322.19
2019/05/22 06:00:00  -6.307 -5.482 1027.87  -1.577  -2.364 1.000 2.650e-10 21.73 321.74
2019/05/22 09:00:00  -6.214 -5.670 1028.65  -1.591  -2.390 1.000 4.247e-10 102.94 328.38
2019/05/22 12:00:00  -5.065 -6.289 1028.78  -1.876  -2.628 1.000 1.863e-10 221.11 328.20
2019/05/22 15:00:00  -5.511 -6.406 1028.54  -1.847  -2.634 1.000 5.216e-11 362.85 329.99
2019/05/22 18:00:00  -4.977 -6.182 1028.09  -2.020  -2.800 1.000 0.000e+00 281.89 316.96
2019/05/22 21:00:00  -5.496 -6.624 1027.97  -2.143  -2.979 1.000 4.181e-10 75.10 321.20
2019/05/23 00:00:00  -5.318 -6.385 1027.30  -1.806  -2.518 1.000 1.871e-09 1.77 320.01
2019/05/23 03:00:00  -5.233 -5.841 1026.72  -1.983  -2.901 1.000 9.263e-10 0.00 329.60
2019/05/23 06:00:00  -4.240 -6.156 1026.43  -2.399  -3.318 1.000 4.868e-10 31.68 314.43
2019/05/23 09:00:00  -4.077 -5.867 1026.36  -2.435  -3.345 0.928 2.258e-09 195.47 316.25
2019/05/23 12:00:00  -3.914 -6.445 1025.81  -1.700  -2.819 0.987 4.967e-10 415.09 305.76
2019/05/23 15:00:00  -3.611 -6.173 1025.23  -1.581  -2.764 0.968 3.915e-11 510.91 297.26
2019/05/23 18:00:00  -3.344 -6.218 1024.55  -1.678  -2.841 0.676 3.792e-11 421.51 276.51
2019/05/23 21:00:00  -3.679 -6.118 1024.29  -1.911  -3.140 0.656 3.348e-10 131.10 301.27
2019/05/24 00:00:00  -3.787 -6.452 1024.26  -2.126  -3.552 0.674 4.964e-10 3.94 297.63
2019/05/24 03:00:00  -3.804 -6.222 1024.39  -2.234  -3.780 0.794 5.859e-10 0.00 292.10
2019/05/24 06:00:00  -3.861 -6.703 1024.21  -2.452  -4.159 0.864 5.980e-10 35.26 299.07
2019/05/24 09:00:00  -4.422 -6.472 1024.49  -2.603  -4.328 0.938 2.090e-09 169.79 309.98
2019/05/24 12:00:00  -4.414 -6.929 1024.23  -2.634  -4.490 0.976 1.077e-09 381.92 307.03
2019/05/24 15:00:00  -4.842 -6.037 1024.02  -2.606  -4.521 0.980 5.943e-10 476.12 307.60
2019/05/24 18:00:00  -5.095 -5.181 1023.53  -2.691  -4.519 0.933 1.259e-10 434.86 292.10
2019/05/24 21:00:00  -5.177 -4.668 1022.89  -2.594  -4.649 0.847 5.516e-11 163.69 280.72
2019/05/25 00:00:00  -5.363 -4.649 1022.77  -2.361  -4.815 0.300 6.934e-11 5.96 261.28
2019/05/25 03:00:00  -5.435 -3.600 1022.12  -2.246  -4.636 0.560 8.867e-13 0.00 283.67
2019/05/25 06:00:00  -4.818 -4.268 1021.82  -2.322  -4.522 0.886 5.516e-11 60.03 295.99
2019/05/25 09:00:00  -5.028 -3.599 1021.83  -1.969  -4.349 0.899 1.896e-11 288.45 290.73
2019/05/25 12:00:00  -5.174 -4.670 1021.58  -1.779  -3.495 0.903 0.000e+00 519.77 284.45
2019/05/25 15:00:00  -5.894 -4.298 1021.09  -1.205  -3.171 0.458 0.000e+00 679.10 261.35
2019/05/25 18:00:00  -6.487 -3.821 1020.22  -0.920  -2.833 0.162 0.000e+00 510.71 263.21
2019/05/25 21:00:00  -6.171 -2.825 1019.71  -0.696  -2.700 0.151 2.608e-11 181.34 264.21
2019/05/26 00:00:00  -3.618 -4.768 1019.57  -1.152  -2.652 0.244 7.289e-11 7.49 269.65
2019/05/26 03:00:00  -4.193 -6.252 1018.82  -2.183  -3.276 0.551 1.404e-10 0.00 286.89
2019/05/26 06:00:00  -6.535 -4.536 1018.51  -2.465  -3.464 0.837 4.265e-11 57.40 284.30
2019/05/26 09:00:00  -6.308 -1.824 1018.46  -1.788  -3.641 0.556 0.000e+00 325.86 286.61
2019/05/26 12:00:00  -4.775 -3.194 1018.10  -0.895  -3.447 0.458 0.000e+00 627.32 258.38
2019/05/26 15:00:00  -3.539 -4.065 1017.99  -0.992  -3.329 0.407 0.000e+00 686.02 249.72
2019/05/26 18:00:00  -3.008 -3.674 1017.18  -1.097  -3.351 0.342 8.867e-13 525.51 251.63
2019/05/26 21:00:00  -1.826 -3.135 1016.12  -1.339  -3.366 0.116 0.000e+00 211.42 251.78
2019/05/27 00:00:00  -0.849 -3.285 1015.67  -1.844  -3.357 0.065 1.773e-12 9.27 252.13
2019/05/27 03:00:00  -0.726 -4.330 1015.98  -2.446  -3.934 0.405 1.428e-10 0.00 262.50
2019/05/27 06:00:00  -1.573 -4.096 1016.48  -2.912  -4.845 0.597 7.023e-11 65.68 270.78
2019/05/27 09:00:00  -2.807 -4.115 1017.34  -2.639  -5.280 0.867 4.231e-12 279.84 278.15
2019/05/27 12:00:00  -0.906 -3.399 1018.06  -1.922  -4.578 0.990 1.420e-10 446.09 306.62
2019/05/27 15:00:00  -2.026 -2.587 1018.32  -1.561  -4.499 0.985 2.128e-10 483.13 313.43
2019/05/27 18:00:00  -2.306 -1.791 1018.34  -1.496  -4.818 0.970 2.556e-10 339.06 310.06
2019/05/27 21:00:00  -3.514 -2.280 1018.37  -1.662  -5.400 0.981 5.365e-10 101.14 305.25
2019/05/28 00:00:00  -4.409 -3.443 1018.78  -2.144  -5.813 0.995 1.379e-09 5.17 311.42
2019/05/28 03:00:00  -7.569 -5.272 1020.06  -2.132  -5.934 0.962 1.191e-09 0.00 303.02
2019/05/28 06:00:00  -10.241 -5.166 1021.22  -2.565  -6.507 0.713 3.018e-10 30.73 304.76
2019/05/28 09:00:00  -10.487 -4.701 1023.22  -3.147  -7.159 0.979 8.867e-13 193.12 297.12
2019/05/28 12:00:00  -8.127 -5.620 1024.09  -2.943  -6.890 0.848 0.000e+00 617.84 249.96
2019/05/28 15:00:00  -7.246 -5.922 1024.38  -3.693  -7.642 0.267 0.000e+00 720.80 230.71
2019/05/28 18:00:00  -6.556 -4.652 1024.09  -3.577  -7.616 0.009 0.000e+00 548.88 228.83
2019/05/28 21:00:00  -5.486 -4.001 1023.99  -3.350  -7.389 0.018 0.000e+00 229.57 229.23
2019/05/29 00:00:00  -4.567 -3.927 1024.12  -3.383  -7.467 0.867 0.000e+00 12.73 231.56
2019/05/29 03:00:00  -2.632 -4.502 1023.90  -3.805  -7.295 0.340 0.000e+00 0.00 232.26
2019/05/29 06:00:00  -1.095 -4.373 1022.95  -4.167  -7.732 0.016 0.000e+00 85.24 239.00
2019/05/29 09:00:00  -0.143 -4.788 1022.60  -4.396  -8.067 0.035 0.000e+00 388.72 227.46
2019/05/29 12:00:00  0.164 -4.673 1022.20  -4.519  -7.688 0.542 0.000e+00 655.28 236.93
2019/05/29 15:00:00  0.312 -3.858 1021.02  -3.988  -7.128 0.922 0.000e+00 710.35 247.26
2019/05/29 18:00:00  0.205 -3.040 1020.34  -3.381  -6.582 0.611 0.000e+00 552.19 231.29
2019/05/29 21:00:00  -1.243 -2.915 1020.07  -3.021  -6.130 0.957 0.000e+00 214.93 237.38
2019/05/30 00:00:00  -2.079 -3.831 1020.18  -2.994  -6.031 0.700 0.000e+00 12.45 245.97
2019/05/30 03:00:00  -3.444 -3.802 1020.10  -3.081  -5.702 0.032 0.000e+00 0.00 235.83
2019/05/30 06:00:00  -3.573 -2.234 1019.81  -2.884  -5.722 0.027 0.000e+00 90.57 235.98
2019/05/30 09:00:00  -3.501 -2.051 1019.99  -2.669  -5.055 0.094 0.000e+00 387.55 237.29
2019/05/30 12:00:00  -3.997 -3.373 1020.64  -2.001  -4.115 0.991 0.000e+00 609.53 253.71
2019/05/30 15:00:00  -4.598 -3.210 1021.09  -1.921  -4.388 0.992 0.000e+00 694.07 256.29
2019/05/30 18:00:00  -5.005 -3.139 1021.02  -1.809  -4.489 0.914 0.000e+00 521.26 250.10
2019/05/30 21:00:00  -5.647 -4.303 1021.00  -2.002  -4.691 0.954 0.000e+00 190.13 267.86
2019/05/31 00:00:00  -6.512 -4.616 1020.89  -2.089  -4.594 0.922 0.000e+00 13.56 263.94
2019/05/31 03:00:00  -7.318 -4.611 1020.67  -2.227  -4.799 0.986 9.631e-11 0.00 257.84
2019/05/31 06:00:00  -8.164 -3.696 1020.41  -2.356  -5.245 0.968 1.501e-12 59.02 291.82
2019/05/31 09:00:00  -7.327 -3.458 1020.59  -2.271  -5.476 0.982 2.608e-11 273.42 284.26
2019/05/31 12:00:00  -7.232 -4.764 1020.94  -1.824  -5.101 0.938 1.405e-10 488.84 296.78
2019/05/31 15:00:00  -7.210 -5.084 1020.63  -1.667  -5.464 0.859 0.000e+00 613.27 275.74
2019/05/31 18:00:00  -7.541 -4.777 1019.97  -1.525  -5.694 0.811 0.000e+00 458.92 273.98
2019/05/31 21:00:00  -7.708 -5.282 1019.90  -1.830  -6.045 0.956 2.608e-11 152.16 290.08
2019/06/01 00:00:00  -7.817 -5.992 1020.12  -2.491  -6.467 0.977 4.356e-10 8.31 305.54
2019/06/01 03:00:00  -7.025 -6.028 1019.93  -2.914  -6.782 0.973 9.993e-10 0.00 298.25
2019/06/01 06:00:00  -7.320 -6.518 1019.66  -3.099  -6.774 0.995 1.971e-09 34.96 310.54
2019/06/01 09:00:00  -8.931 -5.467 1020.11  -2.723  -6.647 0.999 2.263e-09 128.29 311.39
2019/06/01 12:00:00  -8.595 -5.026 1020.64  -2.189  -6.498 0.999 1.476e-10 291.64 311.64
2019/06/01 15:00:00  -8.948 -5.330 1021.00  -2.130  -6.236 0.960 3.002e-12 586.43 286.52
2019/06/01 18:00:00  -8.773 -5.527 1020.75  -2.351  -5.997 0.822 8.867e-13 465.95 265.55
2019/06/01 21:00:00  -8.310 -5.515 1021.25  -2.291  -6.289 0.732 2.125e-10 168.12 289.79
2019/06/02 00:00:00  -7.330 -6.049 1021.16  -2.670  -6.743 0.604 0.000e+00 16.63 254.72
2019/06/02 03:00:00  -5.896 -6.173 1021.39  -2.921  -6.993 0.316 1.060e-10 0.00 246.27
2019/06/02 06:00:00  -4.298 -6.743 1020.88  -3.229  -7.384 0.169 0.000e+00 86.45 242.59
2019/06/02 09:00:00  -3.026 -7.658 1021.01  -3.388  -7.738 0.144 0.000e+00 373.47 240.15
2019/06/02 12:00:00  -2.273 -8.125 1020.48  -3.560  -7.545 0.366 0.000e+00 646.14 250.93
2019/06/02 15:00:00  -1.703 -8.586 1019.56  -3.389  -6.935 0.822 6.983e-11 634.38 252.38
2019/06/02 18:00:00  -2.069 -8.786 1018.72  -3.324  -6.183 0.983 1.747e-10 457.49 263.44
2019/06/02 21:00:00  -2.187 -9.266 1018.20  -3.323  -5.771 0.948 3.500e-10 144.76 283.52
2019/06/03 00:00:00  -2.663 -10.037 1018.06  -3.642  -5.169 0.998 6.053e-10 11.06 304.98
2019/06/03 03:00:00  -4.142 -10.123 1017.16  -3.321  -5.072 0.999 1.738e-09 0.00 317.17
2019/06/03 06:00:00  -4.714 -9.775 1016.86  -3.137  -4.671 0.989 1.835e-09 44.02 302.84
2019/06/03 09:00:00  -4.788 -9.692 1017.38  -2.783  -4.866 0.868 2.729e-09 217.49 309.04
2019/06/03 12:00:00  -4.251 -9.081 1017.87  -2.714  -4.748 0.421 7.073e-10 568.58 253.70
2019/06/03 15:00:00  -3.191 -8.603 1018.20  -2.854  -4.809 0.159 1.223e-10 700.64 248.42
2019/06/03 18:00:00  -1.947 -8.262 1018.43  -2.943  -4.942 0.091 1.746e-11 510.44 247.05
2019/06/03 21:00:00  -1.548 -8.173 1018.75  -3.077  -5.338 0.136 0.000e+00 233.77 240.24
2019/06/04 00:00:00  -2.170 -7.626 1018.67  -3.006  -5.712 0.059 0.000e+00 20.30 239.41
2019/06/04 03:00:00  -0.896 -6.487 1018.25  -2.886  -6.298 0.160 0.000e+00 0.00 235.61
2019/06/04 06:00:00  -1.117 -6.371 1018.41  -3.330  -5.760 0.701 0.000e+00 95.99 239.90
2019/06/04 09:00:00  -2.635 -5.565 1018.96  -3.492  -6.242 0.057 0.000e+00 389.88 238.20
2019/06/04 12:00:00  -2.332 -6.809 1018.98  -3.059  -6.043 0.069 3.492e-11 660.51 240.30
2019/06/04 15:00:00  -3.834 -7.671 1019.57  -3.348  -6.384 0.245 3.614e-11 730.40 238.33
2019/06/04 18:00:00  -3.676 -8.220 1019.52  -3.472  -6.410 0.796 1.229e-10 544.77 243.48
2019/06/04 21:00:00  -3.115 -9.147 1019.97  -3.423  -6.310 0.997 1.745e-10 159.23 267.83
2019/06/05 00:00:00  -4.297 -8.893 1020.28  -3.331  -6.397 0.994 8.830e-11 14.35 290.07
2019/06/05 03:00:00  -3.265 -8.316 1020.79  -3.130  -6.467 0.999 5.127e-11 0.00 273.66
2019/06/05 06:00:00  -2.688 -8.066 1021.40  -3.015  -6.314 0.982 7.968e-11 77.22 262.43
2019/06/05 09:00:00  -2.064 -7.481 1022.32  -2.954  -6.046 0.656 1.807e-11 361.30 252.63
2019/06/05 12:00:00  -1.504 -6.833 1023.07  -2.675  -5.956 0.207 0.000e+00 666.16 243.43
2019/06/05 15:00:00  -1.067 -6.107 1023.45  -2.453  -6.192 0.008 0.000e+00 745.72 235.29
2019/06/05 18:00:00  -0.141 -5.988 1023.74  -2.164  -6.200 0.000 0.000e+00 563.59 235.26
2019/06/05 21:00:00  -0.208 -5.010 1024.90  -2.006  -5.741 0.000 0.000e+00 247.17 235.73
2019/06/06 00:00:00  -0.673 -4.251 1025.46  -2.206  -5.979 0.000 0.000e+00 23.87 236.01
2019/06/06 03:00:00  -0.653 -2.406 1026.31  -2.100  -5.987 0.000 0.000e+00 0.01 235.29
2019/06/06 06:00:00  0.320 -1.473 1026.76  -1.786  -6.072 0.000 0.000e+00 104.11 235.07
2019/06/06 09:00:00  0.433 0.804 1026.73  -0.831  -5.667 0.000 0.000e+00 402.14 237.37
2019/06/06 12:00:00  3.697 0.677 1027.13   0.009  -3.799 0.018 0.000e+00 678.95 241.32
2019/06/06 15:00:00  4.312 -1.684 1027.21  -0.328  -2.555 0.778 0.000e+00 737.31 249.51
2019/06/06 18:00:00  4.115 -2.129 1026.30  -1.891  -2.988 0.987 0.000e+00 457.96 294.18
2019/06/06 21:00:00  4.443 -1.313 1025.93  -2.921  -3.914 0.974 8.830e-11 170.50 286.74
2019/06/07 00:00:00  5.486 -2.050 1025.04  -3.421  -4.787 0.980 1.025e-10 11.16 305.32
2019/06/07 03:00:00  5.334 -0.890 1023.75  -2.826  -4.930 0.984 0.000e+00 0.01 293.34
2019/06/07 06:00:00  4.196 -0.548 1022.73  -1.972  -4.902 0.966 0.000e+00 71.11 300.52
2019/06/07 09:00:00  4.077 0.445 1022.35  -1.240  -4.812 0.739 3.492e-11 304.23 282.04
2019/06/07 12:00:00  3.489 0.601 1021.62  -0.742  -4.412 0.731 0.000e+00 542.85 272.40
2019/06/07 15:00:00  0.860 1.008 1021.29  -0.192  -4.612 0.475 0.000e+00 625.48 273.21
2019/06/07 18:00:00  -0.358 1.319 1021.23   0.080  -4.341 0.145 0.000e+00 542.57 259.69
2019/06/07 21:00:00  -1.946 0.612 1021.56   0.013  -3.694 0.002 0.000e+00 247.49 248.50
2019/06/08 00:00:00  -3.840 -0.259 1021.96  -0.381  -2.859 0.006 0.000e+00 25.64 250.97
2019/06/08 03:00:00  -4.920 -2.307 1022.53  -1.888  -3.614 0.011 0.000e+00 0.03 244.45
2019/06/08 06:00:00  -4.133 -3.720 1022.80  -3.026  -4.578 0.089 0.000e+00 83.81 269.50
2019/06/08 09:00:00  -4.333 -4.297 1024.12  -2.909  -4.235 0.768 0.000e+00 384.74 252.95
2019/06/08 12:00:00  -3.506 -4.426 1024.87  -2.404  -3.501 0.894 0.000e+00 559.01 281.18
2019/06/08 15:00:00  -3.303 -4.588 1025.29  -2.866  -4.267 0.870 0.000e+00 697.98 266.52
2019/06/08 18:00:00  -2.964 -4.045 1025.25  -2.399  -4.710 0.014 0.000e+00 560.55 242.54
2019/06/08 21:00:00  -2.569 -5.200 1025.76  -1.577  -4.396 0.000 0.000e+00 253.87 237.40
2019/06/09 00:00:00  -2.307 -5.442 1025.86  -1.261  -4.119 0.000 0.000e+00 27.30 239.24
2019/06/09 03:00:00  -3.433 -5.859 1025.90  -1.043  -3.890 0.020 0.000e+00 0.08 242.57
2019/06/09 06:00:00  -4.192 -5.449 1025.80  -0.985  -3.446 0.009 0.000e+00 106.05 242.63
2019/06/09 09:00:00  -4.827 -5.447 1027.04  -1.377  -3.237 0.095 0.000e+00 403.09 243.07
2019/06/09 12:00:00  -5.755 -6.188 1027.51  -1.448  -2.632 0.948 0.000e+00 643.37 268.32
2019/06/09 15:00:00  -5.586 -5.856 1027.47  -1.097  -2.002 1.000 0.000e+00 471.60 317.36
2019/06/09 18:00:00  -5.007 -5.906 1027.32  -0.522  -1.788 0.990 1.743e-10 325.17 329.86
2019/06/09 21:00:00  -4.460 -5.627 1027.29  -0.276  -1.758 0.979 4.280e-10 127.29 328.07
2019/06/10 00:00:00  -4.164 -5.614 1026.96  -0.096  -1.295 0.793 1.039e-09 13.38 328.72
2019/06/10 03:00:00  -4.326 -3.768 1027.01   0.108  -1.054 0.915 1.736e-09 0.05 326.17
2019/06/10 06:00:00  -3.631 -1.672 1026.69   0.455  -1.170 0.888 2.321e-09 38.39 320.68
2019/06/10 09:00:00  -2.960 -2.260 1027.81   0.494  -0.791 0.754 5.269e-10 222.56 327.93
2019/06/10 12:00:00  -2.520 -0.389 1028.37   0.838  -0.729 0.876 2.270e-10 536.70 294.81
2019/06/10 15:00:00  -0.648 1.496 1029.03   1.335  -0.037 0.927 0.000e+00 668.84 283.67
2019/06/10 18:00:00  1.275 2.145 1030.07   1.789   0.261 0.861 0.000e+00 526.58 283.23
2019/06/10 21:00:00  1.050 3.980 1031.41   1.942   0.510 0.519 5.216e-11 186.05 314.30
2019/06/11 00:00:00  1.403 4.172 1032.18   1.756   0.193 0.767 9.454e-11 20.97 301.15
2019/06/11 03:00:00  1.601 4.222 1033.29   1.772   0.285 0.997 4.196e-10 0.14 308.23
2019/06/11 06:00:00  1.868 4.449 1034.01   1.722   0.282 1.000 3.835e-10 67.36 305.41
2019/06/11 09:00:00  0.973 3.950 1035.38   1.765   0.089 0.987 0.000e+00 323.51 277.83
2019/06/11 12:00:00  -0.818 4.351 1036.13   2.341   0.547 0.075 0.000e+00 651.64 268.96
2019/06/11 15:00:00  -0.909 5.496 1037.05   2.477   0.417 0.780 0.000e+00 730.63 266.89
2019/06/11 18:00:00  -0.225 5.218 1036.94   2.549   0.720 0.966 0.000e+00 428.62 290.23
2019/06/11 21:00:00  0.634 5.039 1037.63   2.501   0.829 0.999 0.000e+00 173.24 292.27
2019/06/12 00:00:00  -0.310 4.914 1037.94   2.414   0.868 0.973 0.000e+00 21.17 290.26
2019/06/12 03:00:00  0.992 5.833 1036.98   2.430   0.887 0.975 3.614e-11 0.25 280.50
2019/06/12 06:00:00  2.406 5.663 1036.65   2.516   1.155 0.988 0.000e+00 72.63 309.67
2019/06/12 09:00:00  3.721 5.638 1036.44   2.619   1.493 0.997 1.807e-11 265.02 331.68
2019/06/12 12:00:00  4.479 5.724 1035.76   2.168   1.197 0.889 3.614e-11 615.02 299.77
2019/06/12 15:00:00  5.755 3.981 1035.28   2.150   1.295 0.704 0.000e+00 698.72 295.70
2019/06/12 18:00:00  5.711 2.702 1034.05   1.933   1.282 0.221 0.000e+00 517.69 302.45
2019/06/12 21:00:00  6.202 2.593 1033.22   1.525   1.245 0.989 5.516e-11 153.19 338.15
2019/06/13 00:00:00  7.446 2.554 1032.07   1.252   1.124 1.000 1.769e-09 14.67 340.80
2019/06/13 03:00:00  8.237 1.347 1030.49   0.983   0.876 0.994 1.320e-09 0.20 344.06
2019/06/13 06:00:00  7.029 1.446 1029.76   1.146  -0.389 0.258 2.989e-10 84.96 309.34
2019/06/13 09:00:00  8.106 0.033 1028.67   1.099  -0.810 0.822 1.058e-10 374.13 289.80
2019/06/13 12:00:00  5.907 -2.593 1028.24   0.773  -1.170 0.902 5.339e-11 635.36 292.85
2019/06/13 15:00:00  6.524 -2.749 1026.84   0.547  -1.633 0.980 0.000e+00 631.57 294.13
2019/06/13 18:00:00  1.012 -5.692 1025.91  -0.026  -2.001 0.992 6.934e-11 426.74 297.39
2019/06/13 21:00:00  -2.943 -3.825 1025.32  -1.288  -2.621 0.982 5.216e-11 162.63 294.72
2019/06/14 00:00:00  -5.494 -2.578 1024.41  -0.300  -0.907 0.989 1.908e-10 18.26 310.76
2019/06/14 03:00:00  -6.342 -2.875 1023.78   0.232  -1.100 0.914 9.185e-11 0.39 284.53
2019/06/14 06:00:00  -7.046 -3.399 1023.52  -0.150  -1.796 0.833 0.000e+00 96.98 266.51
2019/06/14 09:00:00  -6.850 -3.707 1023.39  -0.763  -2.182 0.741 0.000e+00 370.73 261.35
2019/06/14 12:00:00  -6.068 -5.327 1023.40  -0.767  -2.243 0.896 0.000e+00 643.07 262.14
2019/06/14 15:00:00  -7.274 -5.495 1022.33  -0.513  -2.055 0.657 0.000e+00 725.30 256.90
2019/06/14 18:00:00  -6.158 -5.377 1021.48  -0.264  -1.854 0.294 0.000e+00 564.94 254.55
2019/06/14 21:00:00  -5.284 -6.158 1021.35  -0.155  -1.697 0.359 0.000e+00 246.11 258.50
2019/06/15 00:00:00  -5.493 -6.332 1021.70  -0.274  -1.510 0.624 0.000e+00 29.94 266.37
2019/06/15 03:00:00  -7.337 -5.399 1021.61  -0.362  -1.242 0.995 5.618e-10 0.34 318.80
2019/06/15 06:00:00  -5.199 -5.963 1021.36  -0.491  -1.198 1.000 2.242e-09 50.35 331.26
2019/06/15 09:00:00  -5.170 -6.072 1021.54  -0.476  -1.109 1.000 1.444e-09 206.29 329.06
2019/06/15 12:00:00  -4.625 -6.280 1021.17  -0.659  -1.134 1.000 1.363e-09 371.92 337.94
2019/06/15 15:00:00  -4.316 -6.450 1020.64  -0.725  -1.204 1.000 8.689e-10 411.44 337.08
2019/06/15 18:00:00  -3.900 -5.657 1019.84  -0.825  -1.318 0.994 2.401e-10 385.74 330.84
2019/06/15 21:00:00  -2.894 -5.135 1019.15  -0.809  -1.288 1.000 1.152e-09 117.29 331.51
2019/06/16 00:00:00  -1.854 -5.561 1018.30  -1.052  -1.382 0.706 1.921e-10 17.55 317.18
2019/06/16 03:00:00  -1.332 -6.010 1017.81  -1.430  -1.622 0.973 1.066e-09 0.30 325.24
2019/06/16 06:00:00  -1.862 -5.174 1017.08  -1.653  -1.832 1.000 4.807e-10 46.32 328.83
2019/06/16 09:00:00  -1.850 -4.545 1017.33  -1.770  -1.951 1.000 1.802e-09 198.61 331.34
2019/06/16 12:00:00  -0.836 -4.364 1016.47  -2.257  -2.342 1.000 7.758e-10 446.20 330.01
2019/06/16 15:00:00  0.080 -4.409 1016.42  -2.295  -2.548 1.000 7.016e-10 474.39 319.48
2019/06/16 18:00:00  -0.519 -4.525 1016.11  -2.466  -2.817 0.996 9.568e-10 368.98 320.45
2019/06/16 21:00:00  -0.676 -3.560 1015.99  -2.639  -2.981 0.999 6.836e-10 147.71 321.37
2019/06/17 00:00:00  -1.163 -5.825 1015.39  -3.152  -3.494 1.000 1.448e-09 13.78 313.41
2019/06/17 03:00:00  -0.858 -5.978 1014.76  -3.064  -3.584 1.000 4.211e-09 0.40 324.90
2019/06/17 06:00:00  -0.800 -7.195 1014.05  -2.495  -2.830 1.000 4.373e-09 41.96 324.07
2019/06/17 09:00:00  -2.858 -7.883 1013.52  -2.157  -2.691 0.998 6.487e-10 118.25 329.86
2019/06/17 12:00:00  -3.988 -8.018 1013.63  -1.302  -2.638 0.878 4.069e-10 468.72 304.00
2019/06/17 15:00:00  -4.412 -7.976 1013.52  -1.168  -2.842 0.379 8.830e-11 648.65 282.62
2019/06/17 18:00:00  -3.982 -7.949 1013.48  -1.084  -2.960 0.205 0.000e+00 533.24 268.97
2019/06/17 21:00:00  -3.654 -7.237 1013.40  -0.839  -2.915 0.047 0.000e+00 251.75 253.96
2019/06/18 00:00:00  -1.583 -7.096 1013.82  -0.691  -2.813 0.005 0.000e+00 33.11 254.49
2019/06/18 03:00:00  0.934 -7.123 1013.71  -0.509  -2.565 0.004 0.000e+00 0.76 257.15
2019/06/18 06:00:00  2.081 -7.352 1013.30  -0.461  -2.416 0.001 0.000e+00 106.57 257.53
2019/06/18 09:00:00  -2.544 -5.629 1014.02  -1.138  -3.115 0.043 0.000e+00 396.04 256.62
2019/06/18 12:00:00  0.286 -3.492 1013.98  -0.483  -3.004 0.012 0.000e+00 662.89 258.15
2019/06/18 15:00:00  -1.010 -2.525 1014.45  -0.338  -2.700 0.011 0.000e+00 736.33 255.39
2019/06/18 18:00:00  -0.789 -0.042 1013.65  -0.153  -2.610 0.023 0.000e+00 566.22 255.76
2019/06/18 21:00:00  -0.618 2.176 1012.96   0.228  -2.127 0.004 0.000e+00 257.43 256.47
2019/06/19 00:00:00  -0.336 3.963 1012.95   0.952  -1.165 0.038 0.000e+00 32.81 260.85
2019/06/19 03:00:00  1.697 4.349 1012.08   1.341  -0.789 0.368 9.775e-11 0.76 269.68
2019/06/19 06:00:00  3.194 2.523 1011.33   0.666  -0.545 0.691 1.280e-10 67.76 302.65
2019/06/19 09:00:00  2.969 -0.270 1011.34  -0.498  -1.333 0.950 1.773e-12 265.91 311.26
2019/06/19 12:00:00  2.752 -1.076 1011.33  -0.774  -1.722 0.982 8.653e-11 508.94 310.77
2019/06/19 15:00:00  1.255 -1.151 1011.43  -0.959  -2.124 0.960 2.323e-10 541.43 305.26
2019/06/19 18:00:00  0.622 -1.161 1011.09  -1.076  -2.336 0.899 6.934e-11 443.51 304.37
2019/06/19 21:00:00  -0.569 -1.948 1011.36  -1.308  -2.539 0.567 5.127e-11 205.18 279.82
2019/06/20 00:00:00  -0.776 -1.968 1011.58  -1.157  -3.369 0.884 1.529e-10 22.94 305.65
2019/06/20 03:00:00  -0.744 -1.730 1011.22  -1.106  -3.126 0.900 1.025e-10 0.57 298.35
2019/06/20 06:00:00  0.326 -0.977 1010.45  -1.311  -3.115 0.949 1.962e-10 63.20 319.05
2019/06/20 09:00:00  1.625 -0.733 1010.32  -1.346  -3.245 0.924 1.025e-10 261.61 308.84
2019/06/20 12:00:00  3.495 -1.127 1010.06  -1.832  -3.453 0.955 5.216e-11 493.46 306.13
2019/06/20 15:00:00  3.468 -2.061 1009.85  -1.819  -3.334 0.854 0.000e+00 578.36 303.97
2019/06/20 18:00:00  2.855 -2.558 1009.60  -1.832  -3.229 0.901 0.000e+00 412.88 297.86
2019/06/20 21:00:00  2.722 -2.186 1009.42  -2.163  -3.402 0.914 0.000e+00 195.59 286.74
2019/06/21 00:00:00  2.136 -2.228 1009.78  -1.979  -3.392 1.000 0.000e+00 26.73 288.49
2019/06/21 03:00:00  2.547 -1.423 1009.96  -1.579  -3.585 0.997 0.000e+00 0.66 293.36
2019/06/21 06:00:00  3.846 -1.673 1009.60  -0.623  -2.864 0.804 0.000e+00 107.41 253.00
2019/06/21 09:00:00  3.369 -2.079 1010.26  -0.432  -2.263 0.930 1.390e-09 260.40 309.46
2019/06/21 12:00:00  4.023 -1.115 1011.07  -1.941  -3.240 1.000 4.250e-10 425.60 309.28
2019/06/21 15:00:00  4.295 -1.069 1011.46  -1.448  -3.039 1.000 3.698e-10 490.46 324.29
2019/06/21 18:00:00  4.334 -1.184 1011.75  -1.033  -3.010 1.000 5.174e-10 323.44 319.12
2019/06/21 21:00:00  5.145 -0.315 1012.01  -0.924  -3.179 1.000 1.025e-10 170.78 316.64
2019/06/22 00:00:00  5.373 0.065 1013.00  -0.665  -2.704 1.000 2.240e-10 19.88 311.68
2019/06/22 03:00:00  5.320 0.393 1013.28  -0.460  -2.426 0.998 4.528e-10 0.48 315.18
2019/06/22 06:00:00  5.592 -0.241 1013.11  -0.143  -2.144 0.976 1.449e-10 55.19 317.74
2019/06/22 09:00:00  2.268 0.658 1013.97   0.193  -1.891 0.676 5.216e-11 258.84 303.08
2019/06/22 12:00:00  0.909 3.182 1014.92   1.368  -0.689 0.604 2.678e-10 568.53 284.56
2019/06/22 15:00:00  2.427 3.774 1015.17   2.058   0.085 0.327 1.387e-10 535.92 296.05
2019/06/22 18:00:00  4.202 4.154 1015.19   2.182   0.071 0.344 0.000e+00 505.27 291.75
2019/06/22 21:00:00  4.426 4.943 1015.79   2.230   0.269 0.291 0.000e+00 240.36 274.83
2019/06/23 00:00:00  4.370 5.959 1015.52   2.290   0.478 0.225 0.000e+00 30.39 271.81
2019/06/23 03:00:00  4.592 5.610 1015.62   2.214   0.819 0.359 8.030e-11 0.57 287.58
2019/06/23 06:00:00  5.071 4.755 1015.85   2.075   0.784 0.422 1.238e-10 90.26 288.50
2019/06/23 09:00:00  5.039 5.182 1016.11   2.179   0.276 0.604 0.000e+00 306.00 306.26
2019/06/23 12:00:00  4.657 5.105 1016.92   2.349   0.001 0.700 2.427e-10 379.63 326.24
2019/06/23 15:00:00  5.219 5.657 1017.33   2.452  -0.024 0.264 7.023e-11 569.49 298.13
2019/06/23 18:00:00  5.760 5.627 1017.15   2.467  -0.028 0.466 0.000e+00 489.01 294.84
2019/06/23 21:00:00  4.980 5.448 1018.41   2.262   0.168 0.959 2.667e-10 163.17 322.81
2019/06/24 00:00:00  4.631 5.466 1019.25   2.300   0.310 0.958 1.128e-09 16.79 321.90
2019/06/24 03:00:00  4.936 5.553 1020.07   2.445   0.554 0.828 9.626e-10 0.52 325.08
2019/06/24 06:00:00  5.174 4.102 1020.49   2.270   0.614 0.882 5.636e-10 50.70 325.28
2019/06/24 09:00:00  5.039 5.161 1021.69   2.491   0.779 1.000 2.373e-10 267.09 319.28
2019/06/24 12:00:00  5.449 5.177 1022.95   2.464   1.009 1.000 2.270e-10 399.08 322.42
2019/06/24 15:00:00  5.869 6.687 1023.50   2.579   1.102 1.000 0.000e+00 320.57 330.35
2019/06/24 18:00:00  6.540 6.180 1023.86   2.687   1.356 1.000 0.000e+00 252.76 335.95
2019/06/24 21:00:00  5.981 6.541 1024.10   2.674   1.649 1.000 4.909e-09 77.25 345.56
2019/06/25 00:00:00  5.510 8.379 1023.36   2.816   1.779 0.997 4.527e-10 14.73 344.73
2019/06/25 03:00:00  6.473 8.833 1021.97   3.003   2.214 1.000 4.747e-09 0.22 355.26
2019/06/25 06:00:00  7.648 7.527 1020.31   2.865   2.331 1.000 5.233e-10 19.65 357.16
2019/06/25 09:00:00  9.065 7.823 1020.06   2.924   2.341 1.000 1.218e-09 103.67 356.47
2019/06/25 12:00:00  8.890 7.405 1019.37   2.426   1.607 1.000 1.996e-09 296.36 354.13
2019/06/25 15:00:00  9.063 6.809 1019.62   2.194   0.849 1.000 5.285e-09 316.27 344.05
2019/06/25 18:00:00  8.970 6.377 1019.13   2.139   0.557 0.996 1.201e-09 294.98 335.40
2019/06/25 21:00:00  9.262 5.728 1020.05   1.710   0.578 0.763 2.367e-09 133.89 331.15
2019/06/26 00:00:00  8.647 4.022 1020.32   1.717   0.277 0.208 6.687e-10 29.28 310.31
2019/06/26 03:00:00  8.138 3.225 1020.63   1.682   0.097 0.072 1.807e-11 0.58 269.47
2019/06/26 06:00:00  7.894 3.229 1020.95   1.646   0.159 0.110 1.807e-11 103.63 268.76
2019/06/26 09:00:00  7.869 3.669 1021.86   1.549   0.617 0.225 1.070e-10 373.67 271.82
2019/06/26 12:00:00  6.980 3.954 1022.25   0.472   0.191 1.000 2.393e-09 431.21 332.23
2019/06/26 15:00:00  6.706 4.123 1022.01   0.556   0.402 1.000 1.694e-09 401.51 339.16
2019/06/26 18:00:00  5.101 5.079 1021.30   0.798   0.704 1.000 3.000e-09 244.06 348.30
2019/06/26 21:00:00  2.771 6.144 1020.62   0.779   0.743 1.000 3.055e-08 59.85 348.29
2019/06/27 00:00:00  2.330 6.227 1018.95   0.759   0.717 1.000 1.927e-08 4.24 351.12
2019/06/27 03:00:00  4.333 6.407 1017.43   0.870   0.823 1.000 2.909e-08 0.10 350.85
2019/06/27 06:00:00  5.684 6.740 1016.70   0.870   0.773 1.000 6.053e-09 16.93 349.95
2019/06/27 09:00:00  5.311 6.810 1017.39   0.995   0.744 1.000 3.829e-09 119.45 351.82
2019/06/27 12:00:00  4.300 6.027 1016.76   1.443   0.916 1.000 1.998e-09 201.31 349.09
2019/06/27 15:00:00  2.531 5.457 1015.78   1.197   0.731 1.000 1.756e-09 205.43 349.84
2019/06/27 18:00:00  0.757 5.332 1014.47   1.036   0.587 1.000 4.885e-08 109.26 352.11
2019/06/27 21:00:00  0.176 4.834 1013.31   0.796   0.470 1.000 1.608e-08 33.20 351.75
2019/06/28 00:00:00  1.262 2.359 1012.39   0.641   0.320 1.000 2.920e-09 5.40 349.61
2019/06/28 03:00:00  2.842 0.722 1011.72   0.416   0.097 1.000 4.209e-09 0.11 345.24
2019/06/28 06:00:00  3.162 1.273 1011.76   0.365   0.008 1.000 1.722e-08 19.65 340.82
2019/06/28 09:00:00  3.869 0.953 1012.69   0.396  -0.103 0.560 1.832e-09 246.77 313.20
2019/06/28 12:00:00  1.058 -1.749 1014.16  -1.100  -1.302 0.998 2.152e-10 234.07 334.00
2019/06/28 15:00:00  -2.584 -4.352 1016.05  -2.203  -2.847 1.000 0.000e+00 415.15 325.15
2019/06/28 18:00:00  -4.585 -5.220 1017.35  -2.585  -3.623 1.000 0.000e+00 212.34 326.20
2019/06/28 21:00:00  -5.515 -6.369 1018.27  -2.215  -3.334 1.000 2.637e-10 68.24 329.86
2019/06/29 00:00:00  -6.874 -6.997 1019.07  -1.447  -2.701 0.989 3.492e-11 14.70 321.56
2019/06/29 03:00:00  -6.468 -7.366 1018.57  -1.254  -2.839 0.607 5.375e-10 0.17 321.88
2019/06/29 06:00:00  -7.190 -8.107 1017.84  -1.505  -3.051 0.381 3.614e-11 80.10 290.14
2019/06/29 09:00:00  -7.972 -7.916 1017.38  -1.318  -2.747 0.658 0.000e+00 292.50 288.22
2019/06/29 12:00:00  -9.145 -6.914 1016.63  -1.199  -2.734 0.554 0.000e+00 523.50 284.91
2019/06/29 15:00:00  -9.516 -7.084 1016.17  -0.557  -2.844 0.053 0.000e+00 712.50 262.51
2019/06/29 18:00:00  -9.106 -7.384 1015.39  -0.964  -2.904 0.985 0.000e+00 475.50 279.40
2019/06/29 21:00:00  -7.809 -6.778 1014.54  -1.331  -3.033 0.999 0.000e+00 183.86 276.97
2019/06/30 00:00:00  -6.245 -6.686 1013.95  -1.553  -3.265 0.999 0.000e+00 20.43 286.72
2019/06/30 03:00:00  -5.352 -7.780 1012.99  -2.099  -4.230 1.000 6.032e-10 0.18 296.68
2019/06/30 06:00:00  -7.173 -7.709 1012.37  -2.119  -4.150 1.000 1.141e-09 47.01 303.15
2019/06/30 09:00:00  -8.813 -5.833 1012.80  -1.512  -3.833 0.999 1.837e-10 177.37 305.96
2019/06/30 12:00:00  -9.668 -6.274 1014.09  -1.065  -3.554 1.000 0.000e+00 514.06 297.99
2019/06/30 15:00:00  -7.301 -5.967 1015.65  -1.647  -3.455 0.991 0.000e+00 676.75 268.75
2019/06/30 18:00:00  -5.715 -7.795 1016.34  -2.724  -4.524 0.982 0.000e+00 497.23 265.80
2019/06/30 21:00:00  -6.572 -8.461 1017.46  -3.148  -5.153 1.000 0.000e+00 161.20 278.60
2019/07/01 00:00:00  -7.386 -7.040 1017.69  -3.222  -5.133 0.999 3.614e-11 22.11 276.74
2019/07/01 03:00:00  -8.132 -4.808 1018.39  -2.988  -4.983 0.999 1.251e-10 0.12 295.85
2019/07/01 06:00:00  -6.664 -2.780 1018.98  -2.964  -5.044 0.982 2.157e-09 23.46 311.08
2019/07/01 09:00:00  -4.154 -1.754 1019.77  -2.834  -5.104 1.000 0.000e+00 222.73 283.44
2019/07/01 12:00:00  -2.595 -1.172 1019.55  -1.864  -4.145 0.996 0.000e+00 493.84 293.62
2019/07/01 15:00:00  -1.738 1.812 1020.20  -1.380  -3.866 0.198 0.000e+00 733.75 250.95
2019/07/01 18:00:00  1.321 2.039 1020.11  -0.881  -3.271 0.017 0.000e+00 561.44 252.45
2019/07/01 21:00:00  2.070 1.695 1020.06  -0.872  -2.858 0.049 0.000e+00 255.95 251.87
2019/07/02 00:00:00  2.737 2.877 1020.51  -0.827  -2.879 0.846 0.000e+00 31.11 253.25
2019/07/02 03:00:00  1.202 3.022 1020.12  -0.816  -2.633 0.923 0.000e+00 0.10 259.85
2019/07/02 06:00:00  0.258 3.654 1021.12  -0.613  -2.403 0.263 0.000e+00 94.42 259.02
2019/07/02 09:00:00  -2.124 2.609 1021.71  -0.433  -2.181 0.906 0.000e+00 365.05 260.24
2019/07/02 12:00:00  -4.038 1.185 1022.64   0.075  -1.539 0.994 0.000e+00 627.35 267.22
2019/07/02 15:00:00  -5.669 1.521 1022.59   0.209  -1.613 0.883 0.000e+00 639.97 273.90
2019/07/02 18:00:00  -6.563 -0.012 1021.49   0.341  -1.455 0.993 4.681e-10 277.76 313.44
2019/07/02 21:00:00  -8.120 -1.996 1019.90   0.285  -1.572 0.998 1.974e-10 93.81 326.15
2019/07/03 00:00:00  -9.722 -2.540 1019.07   0.793  -2.502 1.000 1.401e-08 6.54 334.18
2019/07/03 03:00:00  -10.986 -1.378 1016.95   1.414  -2.166 0.999 5.932e-09 0.02 332.19
2019/07/03 06:00:00  -11.579 -1.063 1014.04   0.951  -1.573 0.972 1.622e-07 14.96 337.26
2019/07/03 09:00:00  -12.519 -0.538 1012.07   1.240  -1.014 0.994 1.537e-07 60.13 341.59
2019/07/03 12:00:00  -12.080 0.344 1011.71   1.250  -0.659 1.000 2.182e-07 78.20 347.65
2019/07/03 15:00:00  -8.685 1.192 1011.71   1.254  -0.376 0.926 3.188e-08 229.35 335.05
2019/07/03 18:00:00  -6.789 0.888 1011.70   1.014  -0.566 0.700 1.120e-08 217.37 329.60
2019/07/03 21:00:00  -6.431 -1.775 1011.79   0.615  -0.798 0.949 8.918e-09 114.53 321.05
2019/07/04 00:00:00  -6.624 -6.567 1012.05   0.008  -1.321 0.994 1.529e-08 8.27 332.51
2019/07/04 03:00:00  -6.103 -7.400 1011.90  -1.180  -1.974 1.000 3.283e-08 0.00 325.12
2019/07/04 06:00:00  -5.152 -9.276 1012.80  -1.924  -2.660 1.000 1.448e-08 23.48 325.95
2019/07/04 09:00:00  -5.020 -9.647 1013.74  -2.277  -3.228 1.000 1.251e-08 101.34 328.27
2019/07/04 12:00:00  -4.789 -10.812 1014.98  -2.272  -3.193 1.000 6.036e-09 225.84 329.60
2019/07/04 15:00:00  -4.386 -9.863 1016.65  -2.316  -3.164 1.000 3.293e-09 310.53 329.56
2019/07/04 18:00:00  -3.962 -10.131 1017.89  -2.339  -3.321 1.000 2.594e-09 279.27 320.00
2019/07/04 21:00:00  -2.357 -9.765 1019.81  -2.648  -3.654 0.998 7.968e-11 120.98 315.02
2019/07/05 00:00:00  -2.208 -9.456 1021.22  -2.682  -3.727 0.866 6.222e-11 16.89 299.94
2019/07/05 03:00:00  -2.042 -8.550 1022.14  -2.870  -3.838 0.530 0.000e+00 0.01 283.16
2019/07/05 06:00:00  -1.789 -6.808 1022.11  -2.726  -3.817 0.659 1.746e-11 80.64 286.42
2019/07/05 09:00:00  -0.887 -6.160 1023.41  -2.682  -3.850 0.473 3.553e-11 258.25 285.70
2019/07/05 12:00:00  -1.718 -3.546 1023.53  -1.715  -3.229 0.080 0.000e+00 622.17 263.56
2019/07/05 15:00:00  0.799 -3.170 1023.70  -1.487  -3.041 0.034 0.000e+00 741.03 255.40
2019/07/05 18:00:00  1.128 -2.040 1023.72  -1.344  -2.476 0.702 0.000e+00 540.38 256.54
2019/07/05 21:00:00  1.477 -0.480 1022.85  -1.599  -2.043 0.937 5.039e-11 184.32 291.16
2019/07/06 00:00:00  2.333 -0.627 1023.04  -2.114  -2.259 0.963 1.043e-10 18.53 297.22
2019/07/06 03:00:00  2.007 0.838 1022.11  -0.636  -1.717 0.320 2.519e-11 0.00 283.08
2019/07/06 06:00:00  2.762 1.799 1021.34   0.543  -0.787 0.006 7.708e-11 91.59 262.60
2019/07/06 09:00:00  2.953 2.673 1020.73   0.867  -0.058 0.062 1.476e-10 369.93 268.99
2019/07/06 12:00:00  4.148 2.128 1020.12   1.431   0.522 0.799 1.745e-10 593.97 274.70
2019/07/06 15:00:00  3.969 1.205 1020.29   1.482   0.709 0.722 1.997e-10 614.10 286.44
2019/07/06 18:00:00  2.877 -0.175 1020.09   1.134   0.442 0.863 1.224e-10 457.58 289.45
2019/07/06 21:00:00  2.180 -0.851 1020.00   0.628  -0.175 0.999 1.754e-10 173.72 310.33
2019/07/07 00:00:00  2.762 -1.520 1020.55  -1.808  -2.011 0.996 7.637e-10 16.98 311.80
2019/07/07 03:00:00  1.317 -1.822 1020.44  -2.606  -2.769 1.000 1.540e-09 0.00 316.77
2019/07/07 06:00:00  -1.130 -1.315 1021.25  -3.246  -3.460 1.000 1.804e-09 44.49 321.75
2019/07/07 09:00:00  -1.179 -0.480 1021.62  -2.762  -3.154 1.000 4.022e-10 219.51 317.73
2019/07/07 12:00:00  -1.713 -1.565 1022.33  -2.011  -2.535 0.996 2.305e-10 443.52 321.96
2019/07/07 15:00:00  -1.140 -2.846 1022.29  -0.149  -1.381 0.718 1.405e-10 663.96 276.60
2019/07/07 18:00:00  -2.752 -3.439 1022.21   0.691  -0.748 0.311 8.867e-13 535.57 269.90
2019/07/07 21:00:00  -4.860 -1.662 1022.35   0.337  -0.890 0.155 0.000e+00 244.27 270.58
2019/07/08 00:00:00  -3.104 -0.194 1022.19   0.126  -0.799 0.492 0.000e+00 25.26 267.26
2019/07/08 03:00:00  -2.740 -1.548 1021.34  -0.253  -0.975 0.936 2.519e-11 0.00 296.22
2019/07/08 06:00:00  -2.422 -1.799 1020.70  -0.798  -1.641 0.973 2.868e-10 64.22 281.27
2019/07/08 09:00:00  -1.456 -0.583 1020.91  -0.495  -1.694 0.997 1.614e-09 231.21 308.10
2019/07/08 12:00:00  -0.457 0.528 1020.47  -0.838  -1.550 0.998 2.902e-09 454.82 316.06
2019/07/08 15:00:00  -0.453 -2.857 1020.26  -1.012  -1.468 0.997 8.696e-09 449.11 312.18
2019/07/08 18:00:00  -2.167 -3.381 1020.00  -1.678  -2.260 0.935 6.534e-09 175.10 328.59
2019/07/08 21:00:00  -1.684 -2.738 1020.01  -1.756  -2.600 0.990 3.575e-09 87.20 322.83
2019/07/09 00:00:00  -1.346 -4.742 1020.07  -1.725  -2.405 1.000 8.838e-09 6.17 321.39
2019/07/09 03:00:00  -1.189 -5.069 1018.63  -1.858  -2.851 1.000 7.003e-09 0.00 331.84
2019/07/09 06:00:00  -1.061 -4.854 1018.79  -2.242  -3.187 1.000 5.857e-09 11.11 331.70
2019/07/09 09:00:00  -0.724 -4.646 1018.53  -2.293  -3.156 1.000 1.144e-10 105.22 325.33
2019/07/09 12:00:00  -0.145 -4.299 1018.02  -2.007  -2.773 1.000 0.000e+00 368.57 322.65
2019/07/09 15:00:00  0.821 -3.116 1017.97  -1.703  -2.491 1.000 0.000e+00 403.80 326.35
2019/07/09 18:00:00  1.194 -3.356 1017.60  -1.668  -2.257 1.000 9.631e-11 261.89 328.74
2019/07/09 21:00:00  1.438 -2.673 1017.69  -1.575  -2.130 1.000 1.220e-10 98.71 330.04
2019/07/10 00:00:00  1.296 -3.915 1017.03  -1.744  -2.215 1.000 3.614e-11 8.44 332.12
2019/07/10 03:00:00  0.461 -3.789 1016.74  -1.787  -2.125 1.000 4.326e-11 0.00 332.00
2019/07/10 06:00:00  0.517 -4.746 1015.93  -1.822  -2.081 1.000 1.073e-10 19.34 331.66
2019/07/10 09:00:00  -0.221 -6.171 1016.07  -1.835  -2.124 1.000 6.099e-10 130.63 332.50
2019/07/10 12:00:00  -0.216 -6.339 1015.38  -1.930  -2.238 1.000 3.148e-10 279.01 328.86
2019/07/10 15:00:00  -0.774 -6.741 1015.05  -2.032  -2.339 1.000 3.721e-10 388.65 325.53
2019/07/10 18:00:00  -1.389 -6.499 1014.69  -2.038  -2.379 1.000 4.376e-10 281.60 320.79
2019/07/10 21:00:00  -1.445 -5.453 1014.33  -2.188  -2.454 1.000 2.474e-09 99.57 327.44
2019/07/11 00:00:00  -1.462 -5.193 1013.87  -2.219  -2.706 1.000 3.615e-09 9.72 329.89
2019/07/11 03:00:00  -1.447 -4.402 1013.89  -2.443  -2.954 1.000 3.293e-09 0.00 329.92
2019/07/11 06:00:00  -1.382 -4.625 1013.63  -2.419  -3.089 1.000 1.749e-09 38.24 323.32
2019/07/11 09:00:00  -1.596 -4.177 1014.06  -2.275  -3.046 1.000 1.161e-09 173.38 320.20
2019/07/11 12:00:00  -1.643 -3.466 1014.21  -2.432  -3.110 0.999 8.045e-10 378.73 320.78
2019/07/11 15:00:00  -0.387 -3.701 1014.52  -2.238  -3.061 1.000 3.325e-10 352.57 325.44
2019/07/11 18:00:00  -1.351 -3.781 1014.72  -2.187  -3.053 1.000 1.404e-09 268.07 328.38
2019/07/11 21:00:00  -0.557 -3.596 1014.99  -2.223  -3.013 1.000 1.216e-09 94.81 324.14
2019/07/12 00:00:00  -1.033 -3.832 1015.68  -2.016  -2.759 1.000 1.522e-09 7.47 327.57
2019/07/12 03:00:00  -1.346 -4.406 1015.57  -2.177  -2.836 1.000 9.235e-09 0.00 330.56
2019/07/12 06:00:00  -0.908 -4.828 1016.22  -2.289  -2.869 1.000 1.841e-08 14.50 330.19
2019/07/12 09:00:00  -1.280 -4.981 1016.77  -2.225  -2.796 1.000 3.916e-08 48.45 335.84
2019/07/12 12:00:00  -1.139 -5.215 1016.95  -1.697  -2.202 1.000 1.144e-08 72.69 336.82
2019/07/12 15:00:00  -0.379 -4.761 1017.27  -1.433  -1.917 1.000 2.365e-08 83.76 338.98
2019/07/12 18:00:00  0.695 -6.036 1017.60  -1.459  -1.894 1.000 1.409e-08 66.86 339.55
2019/07/12 21:00:00  -0.253 -4.734 1017.47  -1.430  -1.833 1.000 5.673e-08 24.10 340.32
2019/07/13 00:00:00  1.431 -4.116 1017.63  -1.315  -1.761 1.000 2.797e-08 3.49 338.78
2019/07/13 03:00:00  2.294 -5.777 1017.61  -1.615  -2.206 1.000 1.781e-08 0.00 335.97
2019/07/13 06:00:00  0.613 -4.399 1017.53  -1.729  -2.307 0.999 2.744e-09 20.10 334.52
2019/07/13 09:00:00  3.812 -3.380 1018.33  -1.643  -2.422 0.998 2.252e-10 145.72 329.60
2019/07/13 12:00:00  2.607 -3.012 1018.01  -1.692  -2.477 0.951 3.614e-11 359.62 329.91
2019/07/13 15:00:00  2.657 -1.817 1018.37  -1.707  -2.615 0.918 5.216e-11 491.25 322.71
2019/07/13 18:00:00  2.503 -1.155 1018.01  -1.543  -2.555 0.986 1.025e-10 274.94 324.87
2019/07/13 21:00:00  2.530 0.591 1017.98  -1.055  -2.365 0.999 0.000e+00 119.70 323.46
2019/07/14 00:00:00  2.426 -0.492 1017.91  -0.361  -1.735 0.961 1.061e-10 9.87 322.87
2019/07/14 03:00:00  1.263 0.221 1017.45  -0.088  -1.397 1.000 1.971e-10 0.00 310.59
2019/07/14 06:00:00  -0.368 -0.175 1017.81   0.079  -1.038 1.000 3.286e-10 35.17 325.78
2019/07/14 09:00:00  -2.799 0.406 1017.90   0.302  -0.688 1.000 3.974e-10 172.69 322.43
2019/07/14 12:00:00  -3.278 -0.515 1018.18   0.462  -0.506 1.000 3.349e-10 406.91 329.97
2019/07/14 15:00:00  -3.979 -1.814 1017.87   0.083  -0.773 1.000 1.405e-10 429.74 325.19
2019/07/14 18:00:00  -5.159 -3.791 1017.31  -0.642  -1.487 1.000 6.934e-11 295.27 323.93
2019/07/14 21:00:00  -6.981 -4.208 1016.11  -0.849  -1.603 1.000 4.708e-09 92.89 327.03
2019/07/15 00:00:00  -7.374 -3.607 1015.33   0.218  -0.723 1.000 5.771e-08 3.73 338.53
2019/07/15 03:00:00  -7.600 -3.887 1014.41   1.096   0.218 1.000 6.961e-08 0.00 349.39
2019/07/15 06:00:00  -8.402 -4.499 1013.71   1.129   0.308 1.000 1.267e-07 4.57 351.69
2019/07/15 09:00:00  -8.730 -3.916 1012.94   1.194   0.471 1.000 1.200e-07 26.89 353.44
2019/07/15 12:00:00  -7.983 -1.822 1012.73   2.152   1.422 1.000 5.448e-08 78.58 357.57
2019/07/15 15:00:00  -8.124 0.260 1012.82   3.050   2.569 1.000 1.487e-08 139.07 361.63
2019/07/15 18:00:00  -7.292 1.325 1012.59   3.053   2.652 1.000 2.734e-08 76.48 363.17
2019/07/15 21:00:00  -6.693 0.364 1012.66   2.588   2.197 1.000 1.168e-08 28.25 360.93
2019/07/16 00:00:00  -5.961 -1.585 1012.93   1.709   1.237 1.000 8.878e-09 4.10 355.15
2019/07/16 03:00:00  -5.359 -3.761 1012.17   0.795   0.540 1.000 3.334e-08 0.00 350.45
2019/07/16 06:00:00  -4.909 -5.758 1011.31   0.510   0.305 1.000 2.520e-08 15.24 347.24
2019/07/16 09:00:00  -5.145 -6.685 1010.17   0.214   0.024 1.000 8.616e-10 105.40 345.24
2019/07/16 12:00:00  -4.189 -7.335 1009.29  -0.008  -0.204 1.000 6.734e-09 126.94 345.11
2019/07/16 15:00:00  -4.267 -6.886 1008.28  -0.152  -0.440 1.000 4.632e-09 102.71 343.62
2019/07/16 18:00:00  -2.736 -7.336 1007.17  -0.029  -0.413 1.000 3.169e-09 110.25 343.48
2019/07/16 21:00:00  -3.011 -8.635 1006.24   0.003  -0.437 1.000 2.531e-09 53.60 343.85
2019/07/17 00:00:00  -3.269 -8.936 1005.91   0.082  -0.342 1.000 1.825e-09 3.01 343.54
2019/07/17 03:00:00  -4.197 -8.250 1005.65   0.409   0.027 1.000 4.472e-09 0.00 346.17
2019/07/17 06:00:00  -4.978 -8.392 1006.09   0.533   0.259 1.000 2.295e-08 17.32 346.09
2019/07/17 09:00:00  -5.923 -7.596 1007.23   0.453   0.040 1.000 1.229e-08 93.03 344.96
2019/07/17 12:00:00  -5.738 -7.908 1007.97   0.283  -0.197 1.000 5.225e-09 123.49 345.17
2019/07/17 15:00:00  -5.181 -7.951 1008.82   0.147  -0.421 1.000 1.195e-09 170.24 343.86
2019/07/17 18:00:00  -5.288 -7.939 1009.14  -0.108  -0.734 1.000 0.000e+00 209.61 340.00
2019/07/17 21:00:00  -4.467 -8.116 1009.48  -0.333  -1.030 1.000 4.416e-10 68.08 343.53
2019/07/18 00:00:00  -3.742 -7.778 1010.11  -0.279  -0.873 1.000 1.504e-09 3.86 342.11
2019/07/18 03:00:00  -3.227 -7.570 1009.37  -0.433  -0.967 1.000 1.621e-09 0.00 340.25
2019/07/18 06:00:00  -2.885 -7.343 1009.50  -0.596  -1.045 1.000 1.263e-09 11.35 336.98
2019/07/18 09:00:00  -1.915 -7.608 1009.53  -0.787  -1.117 1.000 1.766e-10 92.16 342.01
2019/07/18 12:00:00  -2.403 -7.505 1009.51  -0.467  -0.830 1.000 2.300e-10 181.80 340.62
2019/07/18 15:00:00  -2.490 -7.873 1009.65  -0.564  -0.939 1.000 3.492e-11 225.34 337.21
2019/07/18 18:00:00  -2.046 -6.995 1009.33  -0.702  -1.053 1.000 5.393e-11 251.57 335.83
2019/07/18 21:00:00  -1.406 -7.547 1010.09  -0.781  -1.185 1.000 3.662e-10 71.44 340.84
2019/07/19 00:00:00  -1.576 -7.474 1010.30  -0.630  -1.019 1.000 9.341e-10 4.31 336.54
2019/07/19 03:00:00  -2.231 -7.050 1010.62  -0.576  -0.940 1.000 6.032e-10 0.00 339.56
2019/07/19 06:00:00  -2.225 -6.535 1011.13  -0.470  -0.745 1.000 1.292e-09 21.64 340.49
2019/07/19 09:00:00  -1.754 -6.960 1011.68  -0.498  -0.745 1.000 6.843e-10 123.52 335.19
2019/07/19 12:00:00  -2.659 -6.836 1012.06  -0.903  -1.046 0.999 6.181e-10 359.85 335.39
2019/07/19 15:00:00  -2.800 -6.602 1011.98  -0.932  -1.102 1.000 3.793e-10 442.72 327.92
2019/07/19 18:00:00  -2.837 -6.057 1011.25  -1.038  -1.201 1.000 1.222e-09 368.97 328.12
2019/07/19 21:00:00  -2.887 -6.006 1011.32  -1.414  -1.486 1.000 5.361e-10 123.87 327.90
2019/07/20 00:00:00  -2.428 -6.018 1010.88  -1.392  -1.508 0.999 1.197e-09 5.63 331.20
2019/07/20 03:00:00  -3.009 -5.550 1009.98  -1.616  -1.758 0.999 1.985e-09 0.00 328.99
2019/07/20 06:00:00  -3.431 -5.401 1009.74  -2.002  -2.099 0.999 1.250e-09 29.31 324.28
2019/07/20 09:00:00  -3.461 -5.987 1009.67  -2.044  -2.156 1.000 4.966e-10 184.72 327.09
2019/07/20 12:00:00  -2.753 -6.029 1009.61  -1.885  -2.027 1.000 7.171e-10 394.55 325.13
2019/07/20 15:00:00  -3.222 -6.415 1009.79  -1.575  -1.855 1.000 2.660e-12 381.50 330.68
2019/07/20 18:00:00  -2.634 -6.950 1009.50  -0.948  -1.394 1.000 0.000e+00 296.64 334.39
2019/07/20 21:00:00  -3.414 -6.867 1009.63  -0.422  -0.821 1.000 5.299e-11 74.77 333.92
2019/07/21 00:00:00  -3.826 -6.452 1009.80  -0.475  -0.831 1.000 1.018e-09 3.29 342.87
2019/07/21 03:00:00  -3.081 -6.018 1009.56  -0.292  -0.580 1.000 6.632e-10 0.00 337.80
2019/07/21 06:00:00  -3.307 -6.463 1008.69  -0.326  -0.640 1.000 4.997e-10 23.70 344.34
2019/07/21 09:00:00  -4.128 -6.011 1009.37  -0.106  -0.469 1.000 4.433e-10 163.64 343.36
2019/07/21 12:00:00  -4.163 -5.504 1008.55   0.346   0.119 0.993 8.858e-10 379.68 336.62
2019/07/21 15:00:00  -4.085 -5.388 1009.09   0.313   0.131 0.995 3.701e-10 361.06 340.83
2019/07/21 18:00:00  -3.325 -5.414 1008.93   0.253   0.103 1.000 2.907e-09 327.98 333.66
2019/07/21 21:00:00  -3.406 -5.106 1009.06   0.179   0.043 1.000 2.175e-09 94.55 344.58
2019/07/22 00:00:00  -3.272 -4.700 1008.84   0.371   0.245 1.000 1.614e-09 3.04 339.53
2019/07/22 03:00:00  -2.524 -5.401 1008.42   0.181   0.048 1.000 2.597e-09 0.00 338.04
2019/07/22 06:00:00  -3.056 -4.530 1007.91  -0.116  -0.236 1.000 2.200e-09 27.57 340.64
2019/07/22 09:00:00  -2.374 -4.253 1008.15  -0.321  -0.430 1.000 1.478e-09 154.06 340.03
2019/07/22 12:00:00  -1.673 -3.672 1007.34   0.066  -0.074 1.000 1.930e-09 312.38 336.30
2019/07/22 15:00:00  -0.674 -4.284 1007.20   0.014  -0.134 1.000 9.678e-10 402.75 337.63
2019/07/22 18:00:00  -2.125 -3.414 1006.77   0.045  -0.146 1.000 8.002e-10 263.82 341.29
2019/07/22 21:00:00  -1.212 -2.842 1007.47   0.022  -0.179 1.000 2.924e-09 89.34 341.02
2019/07/23 00:00:00  -0.794 -3.401 1008.09  -0.088  -0.152 1.000 2.767e-09 2.81 342.30
2019/07/23 03:00:00  -0.800 -4.267 1008.81  -0.187  -0.291 1.000 1.569e-09 0.00 331.18
2019/07/23 06:00:00  -3.406 -4.527 1009.42   0.324   0.070 0.999 7.234e-10 27.74 336.02
2019/07/23 09:00:00  -5.518 -4.543 1010.76   1.282   0.116 0.689 5.148e-10 190.40 313.86
2019/07/23 12:00:00  -5.849 -6.261 1012.55   1.079  -0.454 0.610 2.572e-10 520.25 298.33
2019/07/23 15:00:00  -6.048 -7.039 1013.07   0.552  -0.443 0.901 8.830e-11 568.01 289.99
2019/07/23 18:00:00  -5.435 -7.269 1013.41  -0.025  -1.020 0.922 1.807e-11 402.23 301.51
2019/07/23 21:00:00  -5.797 -6.831 1014.27  -0.243  -1.292 0.984 4.622e-10 109.02 333.01
2019/07/24 00:00:00  -5.123 -7.157 1014.57   0.028  -1.010 0.937 2.119e-10 2.57 330.46
2019/07/24 03:00:00  -4.459 -7.565 1014.60  -0.308  -1.328 0.775 7.229e-11 0.00 318.13
2019/07/24 06:00:00  -4.608 -8.320 1014.41  -0.688  -1.613 0.608 0.000e+00 45.49 280.82
2019/07/24 09:00:00  -5.082 -8.215 1014.48  -0.828  -1.863 0.857 7.968e-11 256.43 307.19
2019/07/24 12:00:00  -3.711 -7.739 1014.28  -0.446  -1.832 0.281 8.653e-11 448.72 299.42
2019/07/24 15:00:00  -2.600 -7.593 1013.80  -0.353  -1.846 0.979 8.696e-10 497.00 312.10
2019/07/24 18:00:00  -2.642 -8.387 1013.06  -0.406  -1.723 0.972 1.159e-09 365.91 316.04
2019/07/24 21:00:00  -3.300 -8.834 1013.00  -0.622  -1.589 1.000 4.324e-09 71.94 333.27
2019/07/25 00:00:00  -3.808 -10.316 1012.61  -0.734  -1.651 1.000 2.148e-08 1.19 334.32
2019/07/25 03:00:00  -4.454 -10.091 1011.76  -0.846  -1.612 1.000 6.916e-08 0.00 335.22
2019/07/25 06:00:00  -3.749 -9.899 1011.56  -0.837  -1.497 1.000 6.476e-08 5.96 336.62
2019/07/25 09:00:00  -3.470 -10.205 1011.30  -0.715  -1.500 1.000 8.789e-08 50.21 338.53
2019/07/25 12:00:00  -4.689 -9.264 1011.33  -0.282  -1.588 0.998 3.083e-08 92.06 337.24
2019/07/25 15:00:00  -4.557 -9.792 1011.36  -0.490  -1.956 0.999 7.014e-08 108.18 333.65
2019/07/25 18:00:00  -4.528 -10.226 1011.06  -0.708  -1.996 1.000 1.145e-07 84.53 334.35
2019/07/25 21:00:00  -6.035 -9.975 1011.24  -0.666  -1.656 1.000 1.311e-07 16.87 336.59
2019/07/26 00:00:00  -6.737 -9.475 1011.41  -0.385  -1.374 1.000 1.667e-07 0.36 338.62
2019/07/26 03:00:00  -9.746 -7.995 1011.50  -0.199  -1.245 1.000 6.159e-08 0.00 339.08
2019/07/26 06:00:00  -9.311 -7.715 1011.98  -0.426  -1.454 0.998 3.545e-08 4.87 336.79
2019/07/26 09:00:00  -8.591 -7.997 1012.87  -0.615  -1.648 0.999 1.475e-08 58.86 335.30
2019/07/26 12:00:00  -8.369 -8.089 1013.30  -0.530  -1.531 1.000 2.844e-09 156.34 333.75
2019/07/26 15:00:00  -7.330 -8.489 1014.00  -0.915  -1.993 1.000 4.960e-09 131.23 335.89
2019/07/26 18:00:00  -6.538 -9.269 1014.13  -1.296  -2.324 1.000 2.615e-09 98.48 333.59
2019/07/26 21:00:00  -6.319 -9.963 1014.45  -1.462  -2.563 1.000 7.657e-10 26.47 334.74
2019/07/27 00:00:00  -6.744 -10.146 1014.86  -1.457  -2.505 1.000 7.668e-10 0.36 331.63
2019/07/27 03:00:00  -5.951 -10.483 1014.69  -1.410  -2.720 1.000 2.079e-10 0.00 331.92
2019/07/27 06:00:00  -6.997 -10.668 1014.50  -1.371  -2.893 1.000 1.310e-10 8.92 330.72
2019/07/27 09:00:00  -6.673 -11.946 1014.74  -1.134  -2.978 1.000 7.335e-10 69.54 331.67
2019/07/27 12:00:00  -6.906 -13.541 1013.79  -1.141  -2.799 1.000 5.036e-09 64.52 331.03
2019/07/27 15:00:00  -6.722 -11.612 1012.53  -1.133  -2.526 1.000 4.935e-08 101.82 331.54
2019/07/27 18:00:00  -8.952 -8.748 1010.71  -0.602  -1.622 1.000 5.951e-08 60.31 335.20
2019/07/27 21:00:00  -11.699 -7.394 1010.00   0.025  -0.911 1.000 4.715e-08 26.26 343.62
2019/07/28 00:00:00  -11.429 -4.135 1010.51   0.748   0.038 1.000 2.272e-08 0.36 346.33
2019/07/28 03:00:00  -8.990 -3.382 1011.00   0.966   0.342 0.911 6.753e-09 0.00 344.89
2019/07/28 06:00:00  -8.731 -3.410 1012.31   1.439   0.723 0.962 2.010e-09 16.16 347.07
2019/07/28 09:00:00  -8.276 -3.576 1013.86   1.416   0.670 0.990 8.499e-09 85.13 353.16
2019/07/28 12:00:00  -8.624 -3.627 1015.31   1.837   1.120 1.000 1.912e-08 90.04 354.80
2019/07/28 15:00:00  -8.207 -3.277 1016.74   1.733   1.053 1.000 2.723e-08 200.73 353.01
2019/07/28 18:00:00  -8.008 -4.119 1017.08   1.326   0.805 1.000 6.987e-09 114.45 351.69
2019/07/28 21:00:00  -7.809 -4.818 1017.65   1.065   0.585 1.000 2.295e-08 23.17 350.18
2019/07/29 00:00:00  -7.639 -4.413 1017.32   0.955   0.471 1.000 2.857e-08 0.23 347.44
2019/07/29 03:00:00  -6.816 -4.073 1016.71   0.961   0.570 1.000 7.381e-08 0.00 348.57
2019/07/29 06:00:00  -5.123 -2.633 1016.44   1.428   1.071 1.000 4.388e-08 4.72 351.24
2019/07/29 09:00:00  -5.259 -2.543 1016.76   1.945   1.549 1.000 4.150e-08 92.90 344.60
2019/07/29 12:00:00  -6.329 -4.754 1016.73   1.276   1.007 1.000 2.697e-08 92.84 354.40
2019/07/29 15:00:00  -8.444 -5.565 1016.51   1.095   0.737 1.000 5.036e-09 193.96 349.97
2019/07/29 18:00:00  -9.735 -6.929 1015.13   0.994   0.523 0.988 2.537e-09 243.31 345.88
2019/07/29 21:00:00  -10.753 -8.626 1014.75   1.233   0.246 0.990 1.377e-10 60.64 340.49
2019/07/30 00:00:00  -11.578 -8.078 1014.22   1.676   0.334 1.000 2.374e-10 0.41 337.82
2019/07/30 03:00:00  -12.668 -8.605 1014.26   1.805   0.619 1.000 1.230e-10 0.00 329.17
2019/07/30 06:00:00  -13.226 -9.421 1014.27   1.316   0.446 0.999 5.004e-10 13.10 344.91
2019/07/30 09:00:00  -13.501 -9.386 1015.30   1.477   0.235 0.999 1.539e-09 126.80 343.89
2019/07/30 12:00:00  -13.393 -8.225 1016.35   1.934   0.405 0.989 7.745e-09 233.24 340.93
2019/07/30 15:00:00  -12.841 -7.579 1017.22   2.088   0.592 0.863 6.147e-10 302.68 342.68
2019/07/30 18:00:00  -11.565 -7.304 1018.07   1.992   0.656 0.719 1.926e-10 274.27 336.79
2019/07/30 21:00:00  -10.848 -7.773 1019.40   1.957   0.761 0.777 3.188e-10 113.41 337.54
2019/07/31 00:00:00  -10.037 -7.376 1020.63   1.758   0.772 0.885 1.159e-10 0.25 335.78
2019/07/31 03:00:00  -9.634 -7.672 1020.81   1.597   0.705 0.822 1.612e-10 0.00 329.39
2019/07/31 06:00:00  -9.490 -7.941 1020.65   1.617   0.783 0.885 3.120e-10 17.73 336.38
2019/07/31 09:00:00  -10.395 -8.408 1020.43   1.413   0.596 0.760 2.818e-10 244.08 312.10
2019/07/31 12:00:00  -9.787 -7.938 1020.90   1.204   0.462 0.872 1.398e-09 416.25 317.02
2019/07/31 15:00:00  -9.995 -7.652 1020.82   0.993   0.372 0.973 7.768e-10 419.07 324.26
2019/07/31 18:00:00  -9.524 -6.708 1020.68   1.154  -0.069 0.183 4.662e-10 382.18 311.24
2019/07/31 21:00:00  -8.696 -6.688 1020.92   1.230  -0.158 0.097 2.383e-10 182.23 267.54
2019/08/01 00:00:00  -7.970 -5.889 1021.33   1.040  -0.245 0.269 1.672e-10 0.19 267.17
2019/08/01 03:00:00  -6.717 -5.333 1021.58   0.880  -0.310 0.729 1.242e-10 0.00 264.63
2019/08/01 06:00:00  -5.699 -5.544 1021.60   0.722  -0.405 0.676 5.393e-11 32.41 263.50
2019/08/01 09:00:00  -4.958 -4.140 1022.09   0.805  -0.282 0.369 3.553e-10 209.62 315.12
2019/08/01 12:00:00  -2.992 -4.189 1022.82   0.768   0.009 0.519 1.672e-10 496.46 300.90
2019/08/01 15:00:00  -1.897 -2.953 1023.08   0.537  -0.100 0.224 0.000e+00 631.20 288.88
2019/08/01 18:00:00  -0.347 -3.315 1023.17   0.030  -0.501 0.937 8.867e-13 463.08 282.78
2019/08/01 21:00:00  0.185 -2.594 1023.60  -0.432  -0.890 0.868 7.023e-11 148.74 279.87
2019/08/02 00:00:00  1.063 -2.352 1023.85  -0.888  -1.302 0.188 5.320e-12 0.04 274.00
2019/08/02 03:00:00  1.782 -2.614 1023.71  -1.123  -1.519 0.382 9.362e-11 0.00 292.73
2019/08/02 06:00:00  1.509 -3.469 1023.70  -1.414  -1.548 0.987 1.981e-09 16.37 320.17
2019/08/02 09:00:00  1.570 -1.961 1023.97  -1.495  -1.637 1.000 1.358e-09 162.05 322.73
2019/08/02 12:00:00  2.596 -2.541 1024.53  -1.775  -1.955 1.000 6.650e-10 312.86 327.77
2019/08/02 15:00:00  2.820 -1.505 1024.43  -1.798  -2.274 1.000 5.097e-10 434.03 325.66
2019/08/02 18:00:00  2.706 -1.433 1024.30  -1.900  -2.437 1.000 3.908e-10 263.54 317.30
2019/08/02 21:00:00  2.964 -1.022 1023.94  -1.887  -2.394 1.000 1.777e-09 81.98 323.61
2019/08/03 00:00:00  3.500 -1.009 1023.60  -2.275  -2.701 1.000 1.252e-09 0.00 325.63
2019/08/03 03:00:00  4.150 -1.115 1023.03  -1.928  -2.453 1.000 1.278e-09 0.00 325.11
2019/08/03 06:00:00  4.000 -1.048 1022.70  -1.312  -1.927 0.995 1.281e-09 11.49 317.68
2019/08/03 09:00:00  3.793 -0.265 1022.36  -0.759  -1.204 0.939 3.342e-10 172.40 320.07
2019/08/03 12:00:00  3.797 -0.074 1022.17  -0.110  -0.637 1.000 4.783e-10 361.13 324.58
2019/08/03 15:00:00  3.949 -0.399 1021.71   0.346  -0.129 1.000 2.048e-09 394.87 341.96
2019/08/03 18:00:00  3.370 0.538 1021.29   0.747  -0.031 1.000 1.301e-09 299.38 314.54
2019/08/03 21:00:00  3.652 0.553 1020.96   0.743  -0.006 1.000 2.776e-09 75.80 332.32
2019/08/04 00:00:00  2.992 -0.546 1021.19  -0.204  -0.536 1.000 2.389e-09 0.00 336.29
2019/08/04 03:00:00  2.993 -2.219 1021.28  -0.714  -0.894 1.000 3.154e-09 0.00 336.64
2019/08/04 06:00:00  1.049 -1.768 1021.55  -2.009  -2.143 1.000 1.832e-09 11.05 327.54
2019/08/04 09:00:00  0.803 -2.405 1021.66  -3.058  -3.162 1.000 5.458e-10 134.84 325.57
2019/08/04 12:00:00  -1.428 -4.287 1021.66  -2.531  -2.784 1.000 4.214e-10 336.32 326.86
2019/08/04 15:00:00  -3.211 -4.916 1021.29  -1.583  -2.296 1.000 7.008e-10 437.16 326.32
2019/08/04 18:00:00  -3.173 -5.068 1020.34  -0.629  -1.618 1.000 8.430e-10 207.58 328.83
2019/08/04 21:00:00  -3.466 -5.411 1019.57  -0.211  -1.330 1.000 2.844e-09 73.77 333.89
2019/08/05 00:00:00  -3.140 -5.677 1018.62  -0.025  -1.203 1.000 2.284e-09 0.00 331.44
2019/08/05 03:00:00  -2.410 -6.060 1017.55   0.095  -0.911 0.989 2.837e-09 0.00 334.66
2019/08/05 06:00:00  -2.593 -5.790 1016.94  -0.081  -0.767 1.000 1.868e-09 7.64 332.40
2019/08/05 09:00:00  -3.386 -5.135 1016.34   0.121  -0.556 1.000 6.721e-10 94.86 342.56
2019/08/05 12:00:00  -2.634 -5.320 1015.95   0.725   0.032 1.000 1.130e-09 232.19 342.03
2019/08/05 15:00:00  -2.951 -5.665 1016.54   0.908   0.087 1.000 2.179e-09 163.97 342.55
2019/08/05 18:00:00  -3.090 -5.744 1016.61   0.759  -0.025 0.998 6.658e-10 165.30 345.79
2019/08/05 21:00:00  -4.067 -5.851 1016.95   0.253  -0.387 1.000 2.087e-08 57.42 342.96
2019/08/06 00:00:00  -4.366 -6.600 1017.26  -0.081  -0.442 0.999 6.018e-09 0.00 326.15
2019/08/06 03:00:00  -5.224 -6.499 1017.11  -0.751  -1.137 1.000 9.379e-10 0.00 336.32
2019/08/06 06:00:00  -6.213 -6.936 1017.24   0.757  -0.648 1.000 2.614e-09 6.63 338.90
2019/08/06 09:00:00  -7.752 -7.042 1017.87   0.951  -0.444 1.000 6.193e-09 72.47 336.38
2019/08/06 12:00:00  -7.355 -6.683 1018.63   1.007  -0.457 1.000 3.478e-10 182.45 326.11
2019/08/06 15:00:00  -7.229 -6.589 1019.31   0.718  -0.802 1.000 0.000e+00 389.93 319.15
2019/08/06 18:00:00  -6.969 -6.752 1019.07   0.269  -1.208 1.000 3.614e-11 279.18 325.02
2019/08/06 21:00:00  -6.372 -6.160 1019.20   0.013  -1.521 1.000 0.000e+00 83.80 313.61
2019/08/07 00:00:00  -5.861 -5.684 1019.19   0.487  -1.238 0.988 0.000e+00 0.00 285.26
2019/08/07 03:00:00  -4.320 -5.624 1019.07   0.307  -1.222 0.921 0.000e+00 0.00 284.39
2019/08/07 06:00:00  -4.570 -5.480 1018.96  -0.220  -1.564 0.931 0.000e+00 14.23 274.46
2019/08/07 09:00:00  -4.857 -3.921 1019.36   0.026  -2.411 0.789 0.000e+00 253.67 276.10
2019/08/07 12:00:00  -3.301 -3.657 1019.43   0.415  -1.887 0.866 0.000e+00 496.25 271.07
2019/08/07 15:00:00  -2.457 -3.811 1019.64   0.565  -1.725 0.581 0.000e+00 628.51 266.84
2019/08/07 18:00:00  -2.155 -4.115 1019.09   0.417  -1.560 0.110 0.000e+00 452.73 274.31
2019/08/07 21:00:00  -1.690 -4.822 1019.58  -0.227  -1.730 0.144 0.000e+00 151.06 258.67
2019/08/08 00:00:00  -3.409 -4.514 1019.35  -2.109  -2.695 0.843 8.830e-11 0.00 292.10
2019/08/08 03:00:00  -2.570 -3.782 1019.09  -2.661  -2.914 1.000 7.735e-11 0.00 303.73
2019/08/08 06:00:00  -1.465 -4.105 1018.71  -3.136  -3.306 1.000 4.208e-10 8.50 316.57
2019/08/08 09:00:00  -1.372 -3.643 1019.02  -3.517  -3.664 1.000 6.730e-10 151.63 311.46
2019/08/08 12:00:00  -0.411 -3.921 1019.19  -3.635  -3.841 1.000 3.760e-10 334.28 315.49
2019/08/08 15:00:00  -0.356 -4.396 1019.57  -3.264  -3.874 1.000 0.000e+00 409.12 314.84
2019/08/08 18:00:00  -0.301 -4.314 1019.43  -3.050  -3.683 1.000 2.519e-11 260.46 308.63
2019/08/08 21:00:00  -0.886 -4.552 1019.32  -3.198  -3.637 1.000 2.270e-10 86.53 321.65
2019/08/09 00:00:00  -1.101 -4.210 1019.78  -3.435  -3.877 1.000 1.218e-09 0.00 319.74
2019/08/09 03:00:00  -1.194 -4.926 1019.93  -3.409  -3.960 1.000 8.587e-10 0.00 314.69
2019/08/09 06:00:00  -2.091 -3.986 1019.59  -3.388  -3.892 1.000 1.183e-09 6.63 314.22
2019/08/09 09:00:00  -3.096 -3.296 1020.19  -2.622  -3.631 1.000 8.686e-10 108.57 315.17
2019/08/09 12:00:00  -1.814 -5.171 1020.85  -2.193  -3.253 1.000 5.161e-10 299.05 319.59
2019/08/09 15:00:00  -2.730 -6.104 1021.19  -1.919  -3.327 1.000 3.614e-11 441.92 312.68
2019/08/09 18:00:00  -2.584 -6.513 1021.09  -1.773  -3.371 0.981 3.553e-11 352.50 300.61
2019/08/09 21:00:00  -3.171 -5.816 1021.03  -1.536  -3.273 0.085 0.000e+00 128.83 267.33
2019/08/10 00:00:00  -2.035 -6.181 1021.36  -1.183  -2.540 0.151 8.867e-13 0.00 260.88
